date,open,high,low,close,volume,dividends,stock splits
2015-01-02 00:00:00-05:00,24.694236978633914,24.705322239577697,23.798602356597982,24.237552642822266,212818400,0.0,0.0
2015-01-05 00:00:00-05:00,24.00699407808688,24.08680322434,23.368522599435355,23.55474281311035,257142000,0.0,0.0
2015-01-06 00:00:00-05:00,23.61903255400942,23.816338020280458,23.19560061965636,23.55695915222168,263188400,0.0,0.0
2015-01-07 00:00:00-05:00,23.765346507280103,23.98703817877105,23.65450067153463,23.887277603149414,160423600,0.0,0.0
2015-01-08 00:00:00-05:00,24.21537773680298,24.862716897095112,24.097879750947854,24.805076599121094,237458000,0.0,0.0
2015-01-09 00:00:00-05:00,24.977999733362566,25.106581306246863,24.432638435105563,24.831684112548828,214798000,0.0,0.0
2015-01-12 00:00:00-05:00,24.962484968593877,24.969135448943987,24.120057527235872,24.219818115234375,198603200,0.0,0.0
2015-01-13 00:00:00-05:00,24.70310506385616,25.006823287798543,24.14444274972402,24.434858322143555,268367600,0.0,0.0
2015-01-14 00:00:00-05:00,24.173259238412005,24.494711474568152,24.05354553692245,24.341745376586914,195826400,0.0,0.0
2015-01-15 00:00:00-05:00,24.38608425431382,24.39938521357673,23.645634871541997,23.68110466003418,240056000,0.0,0.0
2015-01-16 00:00:00-05:00,23.72765845555715,23.849589546937747,23.321962305734257,23.497098922729492,314053200,0.0,0.0
2015-01-20 00:00:00-05:00,23.907228064640975,24.15774072566621,23.610162048843282,24.102317810058594,199599600,0.0,0.0
2015-01-21 00:00:00-05:00,24.153307189951693,24.62107675709558,24.00255678407537,24.28632354736328,194303600,0.0,0.0
2015-01-22 00:00:00-05:00,24.443727926229556,24.93366639250422,24.324014202274096,24.918148040771484,215185600,0.0,0.0
2015-01-23 00:00:00-05:00,24.895972028166835,25.21742423193683,24.725268516966384,25.046722412109375,185859200,0.0,0.0
2015-01-26 00:00:00-05:00,25.215212472533512,25.35266192991213,25.006823433030068,25.07332992553711,222460000,0.0,0.0
2015-01-27 00:00:00-05:00,24.922585117528275,24.93588777212256,24.171050250841,24.195436477661133,382274800,0.0,0.0
2015-01-28 00:00:00-05:00,26.07759332327218,26.18622347098334,25.563268661499023,25.563268661499023,585908400,0.0,0.0
2015-01-29 00:00:00-05:00,25.78717547085102,26.423431184589887,25.61868932490351,26.359140396118164,337745600,0.0,0.0
2015-01-30 00:00:00-05:00,26.248287709868784,26.602993957696846,25.904665028032742,25.973390579223633,334982000,0.0,0.0
2015-02-02 00:00:00-05:00,26.170700293426666,26.4189938621203,25.733967466726934,26.299280166625977,250956400,0.0,0.0
2015-02-03 00:00:00-05:00,26.270462571181156,26.40125984300976,26.07315712262307,26.3037166595459,207662800,0.0,0.0
2015-02-04 00:00:00-05:00,26.27046617349994,26.7160669593945,26.228344209703778,26.50545883178711,280598800,0.0,0.0
2015-02-05 00:00:00-05:00,26.712441335234317,26.75918181333036,26.541065808392663,26.694637298583984,168984800,0.1175,0.0
2015-02-06 00:00:00-05:00,26.712445437657788,26.763636508266117,26.36301590626183,26.4698486328125,174826400,0.0,0.0
2015-02-09 00:00:00-05:00,26.385271236110356,26.672380657208517,26.358562632684485,26.645673751831055,155559200,0.0,0.0
2015-02-10 00:00:00-05:00,26.745831496462507,27.186514170623198,26.743607052759444,27.15757942199707,248034000,0.0,0.0
2015-02-11 00:00:00-05:00,27.324501302281014,27.80301984182764,27.26440906617443,27.794116973876953,294247200,0.0,0.0
2015-02-12 00:00:00-05:00,28.056747852813622,28.3727937468732,27.947690683382778,28.145774841308594,297898000,0.0,0.0
2015-02-13 00:00:00-05:00,28.32827079514876,28.32827079514876,27.965487922482016,28.28375816345215,217088800,0.0,0.0
2015-02-17 00:00:00-05:00,28.375013885390867,28.684383005533768,28.248150997899188,28.450687408447266,252609600,0.0,0.0
2015-02-18 00:00:00-05:00,28.406174714937425,28.662126646062973,28.36611265877822,28.648773193359375,179566800,0.0,0.0
2015-02-19 00:00:00-05:00,28.595355086126933,28.71776739221714,28.56197145541902,28.58867835998535,149449600,0.0,0.0
2015-02-20 00:00:00-05:00,28.62651465154113,28.82237434387207,28.499653457078956,28.82237434387207,195793600,0.0,0.0
2015-02-23 00:00:00-05:00,28.93810901824031,29.601356506347656,28.85798490989806,29.601356506347656,283896400,0.0,0.0
2015-02-24 00:00:00-05:00,29.58801663206441,29.734911464117108,29.194072635595163,29.41663932800293,276912400,0.0,0.0
2015-02-25 00:00:00-05:00,29.28086872721773,29.289773295274617,28.521915615006805,28.664358139038086,298846800,0.0,0.0
2015-02-26 00:00:00-05:00,28.66434743367123,29.127286312902026,28.179153934805036,29.027132034301758,365150000,0.0,0.0
2015-02-27 00:00:00-05:00,28.93366299411255,29.060527608136557,28.54194693309501,28.590911865234375,248059200,0.0,0.0
2015-03-02 00:00:00-05:00,28.766740172507415,28.99598355557924,28.555302529375826,28.731128692626953,192386800,0.0,0.0
2015-03-03 00:00:00-05:00,28.702184909502673,28.826821639022164,28.508549694052736,28.791210174560547,151265200,0.0,0.0
2015-03-04 00:00:00-05:00,28.733349484334305,28.835728218754888,28.55974780762392,28.60870933532715,126665200,0.0,0.0
2015-03-05 00:00:00-05:00,28.617618469406004,28.655454390000926,27.989980623698415,28.1346492767334,226068400,0.0,0.0
2015-03-06 00:00:00-05:00,28.57755411361783,28.793444017765854,28.101263356309413,28.17693519592285,291368400,0.0,0.0
2015-03-09 00:00:00-04:00,28.479627535306218,28.837961665697023,27.83418392871219,28.297122955322266,354114000,0.0,0.0
2015-03-10 00:00:00-04:00,28.13465374869769,28.31493220916859,27.553754600459303,27.711776733398438,275426400,0.0,0.0
2015-03-11 00:00:00-04:00,27.765185656613205,27.769636241841642,27.17760991964379,27.20654296875,275756000,0.0,0.0
2015-03-12 00:00:00-04:00,27.222117691705556,27.7985660134026,27.070772350299407,27.698410034179688,193450800,0.0,0.0
2015-03-13 00:00:00-04:00,27.687281955206664,27.909848527679312,27.28221086122838,27.507001876831055,207309200,0.0,0.0
2015-03-16 00:00:00-04:00,27.57154811064619,27.809694290161133,27.34675708098747,27.809694290161133,143497200,0.0,0.0
2015-03-17 00:00:00-04:00,28.021134600076984,28.33717875688107,27.965492951426334,28.274860382080078,204092400,0.0,0.0
2015-03-18 00:00:00-04:00,28.26595883797083,28.74670351988461,28.125742488103533,28.59313201904297,261083600,0.0,0.0
2015-03-19 00:00:00-04:00,28.6554474550135,28.766730746100933,28.354982908687088,28.377239227294922,183238000,0.0,0.0
2015-03-20 00:00:00-04:00,28.544170387435678,28.57755402360196,27.856440313632152,28.02113914489746,274780400,0.0,0.0
2015-03-23 00:00:00-04:00,28.292671996341824,28.45514469325615,28.159130653391948,28.312702178955078,150838800,0.0,0.0
2015-03-24 00:00:00-04:00,28.317156183089494,28.497432931707642,28.16803523414211,28.196969985961914,131369200,0.0,0.0
2015-03-25 00:00:00-04:00,28.163581286923453,28.225899671022653,27.460269927978516,27.460269927978516,206620800,0.0,0.0
2015-03-26 00:00:00-04:00,27.32227853385125,27.794118677825203,27.28666705986531,27.651676177978516,190291600,0.0,0.0
2015-03-27 00:00:00-04:00,27.725127170260752,27.754060223095525,27.35566741894103,27.431339263916016,158184800,0.0,0.0
2015-03-30 00:00:00-04:00,27.60938938493857,28.132420592756837,27.59826037492282,28.125743865966797,188398800,0.0,0.0
2015-03-31 00:00:00-04:00,28.0634275684486,28.152454566424634,27.67838822192172,27.693967819213867,168362400,0.0,0.0
2015-04-01 00:00:00-04:00,27.780764957103703,27.84753562116134,27.397950105676763,27.653902053833008,162485600,0.0,0.0
2015-04-02 00:00:00-04:00,27.82750526345867,27.94546530476479,27.64055011075808,27.89204978942871,128880400,0.0,0.0
2015-04-06 00:00:00-04:00,27.702867464536038,28.379470193137237,27.671708273578293,28.34385871887207,148776000,0.0,0.0
2015-04-07 00:00:00-04:00,28.408406804101727,28.515237844193898,28.038947051547208,28.045623779296875,140049200,0.0,0.0
2015-04-08 00:00:00-04:00,28.010004515777172,28.132416817328334,27.814146531343606,27.954362869262695,149316800,0.0,0.0
2015-04-09 00:00:00-04:00,28.01000959153403,28.172483975939894,27.745156460803337,28.168031692504883,129936000,0.0,0.0
2015-04-10 00:00:00-04:00,28.032259917310526,28.312694282018718,27.878690132629572,28.288211822509766,160752000,0.0,0.0
2015-04-13 00:00:00-04:00,28.57086917622061,28.615385206586744,28.179153240111305,28.232568740844727,145460400,0.0,0.0
2015-04-14 00:00:00-04:00,28.265964432162242,28.330508964159016,28.023367599737018,28.11016845703125,102098400,0.0,0.0
2015-04-15 00:00:00-04:00,28.134652383626786,28.2948989529098,28.04562537977031,28.21700096130371,115881600,0.0,0.0
2015-04-16 00:00:00-04:00,28.105714536739242,28.288219110430457,28.067878616131612,28.08123207092285,113476000,0.0,0.0
2015-04-17 00:00:00-04:00,27.943238368434486,28.074551852348815,27.70063988225339,27.76518440246582,207828000,0.0,0.0
2015-04-20 00:00:00-04:00,27.947688056895437,28.515231871372787,27.858661076767103,28.399497985839844,188217200,0.0,0.0
2015-04-21 00:00:00-04:00,28.51078645653832,28.533041081720025,28.192514411955095,28.24593162536621,129740400,0.0,0.0
2015-04-22 00:00:00-04:00,28.263737144871563,28.68216181687359,28.11461790356777,28.62652015686035,150618000,0.0,0.0
2015-04-23 00:00:00-04:00,28.555297152717507,29.027137285949443,28.519685679542306,28.860212326049805,183083600,0.0,0.0
2015-04-24 00:00:00-04:00,29.042714062822512,29.073873247981275,28.76227800029719,28.995973587036133,178103600,0.0,0.0
2015-04-27 00:00:00-04:00,29.447784748543075,29.63029098103793,29.189606691104967,29.523456573486328,387816800,0.0,0.0
2015-04-28 00:00:00-04:00,29.926306060290624,29.944108399445852,28.837955539227018,29.05829429626465,475696000,0.0,0.0
2015-04-29 00:00:00-04:00,28.969270286299476,29.28753890312954,28.55529626280579,28.63096809387207,253544400,0.0,0.0
2015-04-30 00:00:00-04:00,28.630970767541644,28.630970767541644,27.727350805104503,27.85421371459961,332781600,0.0,0.0
2015-05-01 00:00:00-04:00,28.065648140599507,28.962592971997786,27.88759587803151,28.699962615966797,234050400,0.0,0.0
2015-05-04 00:00:00-04:00,28.82236964761207,29.060517497992652,28.546385889395516,28.644315719604492,203953200,0.0,0.0
2015-05-05 00:00:00-04:00,28.521907942375222,28.588678600449384,27.994426196173162,27.998878479003906,197085600,0.0,0.0
2015-05-06 00:00:00-04:00,28.168022874672648,28.21031106382418,27.455810572398878,27.82304573059082,288564000,0.0,0.0
2015-05-07 00:00:00-04:00,27.88564088722753,28.17842228672656,27.718018612416937,27.995155334472656,175763600,0.13,0.0
2015-05-08 00:00:00-04:00,28.312513093384876,28.522600173950195,28.185120262756058,28.522600173950195,222201600,0.0,0.0
2015-05-11 00:00:00-04:00,28.471183198718887,28.509177146710712,28.077829375884768,28.23204231262207,168143200,0.0,0.0
2015-05-12 00:00:00-04:00,28.071138115295525,28.357213138843044,27.89681125439261,28.13148307800293,192640000,0.0,0.0
2015-05-13 00:00:00-04:00,28.194058663301394,28.42649502055542,28.131479971952515,28.162769317626953,138776800,0.0,0.0
2015-05-14 00:00:00-04:00,28.475660537464663,28.819843292236328,28.419786470046493,28.819843292236328,180814000,0.0,0.0
2015-05-15 00:00:00-04:00,28.846664964717725,28.94053298809923,28.65445803771301,28.77961540222168,152832000,0.0,0.0
2015-05-18 00:00:00-04:00,28.69245897256814,29.21543954872697,28.68798809123903,29.096986770629883,203531600,0.0,0.0
2015-05-19 00:00:00-04:00,29.208730333645796,29.25119517387914,28.974058549918123,29.07016372680664,178532800,0.0,0.0
2015-05-20 00:00:00-04:00,29.054517175347726,29.273542580713503,28.9070088081435,29.06792640686035,145819600,0.0,0.0
2015-05-21 00:00:00-04:00,29.07016760399463,29.418821313047655,29.016527260185256,29.36518096923828,158921600,0.0,0.0
2015-05-22 00:00:00-04:00,29.412123916579645,29.718312854900304,29.367421913956605,29.622207641601562,182384000,0.0,0.0
2015-05-26 00:00:00-04:00,29.635610660932755,29.704893968093028,28.85784108371209,28.969589233398438,282790400,0.0,0.0
2015-05-27 00:00:00-04:00,29.13050732991539,29.559619822667745,29.0656949025357,29.51045036315918,183332800,0.0,0.0
2015-05-28 00:00:00-04:00,29.47022500931458,29.490338859726943,29.300369033138132,29.45234489440918,122933200,0.0,0.0
2015-05-29 00:00:00-04:00,29.329414816235555,29.37858426889238,29.03216436527658,29.117094039916992,203538000,0.0,0.0
2015-06-01 00:00:00-04:00,29.11709361385442,29.36517460852647,29.065690426931717,29.175201416015625,128451200,0.0,0.0
2015-06-02 00:00:00-04:00,29.023230822614153,29.20202855186745,28.90254431628092,29.045581817626953,134670400,0.0,0.0
2015-06-03 00:00:00-04:00,29.2020211390313,29.264599816842107,29.032161804731526,29.081331253051758,123934000,0.0,0.0
2015-06-04 00:00:00-04:00,28.960643674352827,29.18413991810278,28.810901600274203,28.911474227905273,153800400,0.0,0.0
2015-06-05 00:00:00-04:00,28.942767462626342,28.98523230030165,28.687981846856992,28.75279426574707,142507200,0.0,0.0
2015-06-08 00:00:00-04:00,28.80867579740809,28.877962524886094,28.346040164049864,28.56283187866211,210699200,0.0,0.0
2015-06-09 00:00:00-04:00,28.316980038004523,28.62540601795868,28.075605334088277,28.47789764404297,224301600,0.0,0.0
2015-06-10 00:00:00-04:00,28.589646987016224,28.907011331555527,28.574002313838697,28.8042049407959,156349200,0.0,0.0
2015-06-11 00:00:00-04:00,28.8712418422728,29.094738076048987,28.714795160685842,28.7393798828125,141563600,0.0,0.0
2015-06-12 00:00:00-04:00,28.64999287440507,28.681282221775838,28.408616447423533,28.422025680541992,147544800,0.0,0.0
2015-06-15 00:00:00-04:00,28.18288111006913,28.437666737767664,28.09571769560075,28.366147994995117,175955600,0.0,0.0
2015-06-16 00:00:00-04:00,28.390736517876093,28.5740034273007,28.243229837188753,28.518129348754883,125976400,0.0,0.0
2015-06-17 00:00:00-04:00,28.54494644753539,28.58070496728181,28.325919332951088,28.451078414916992,131672400,0.0,0.0
2015-06-18 00:00:00-04:00,28.435430619491505,28.67680529040624,28.433195179396215,28.58070182800293,141628800,0.0,0.0
2015-06-19 00:00:00-04:00,28.542714917795315,28.567299649488653,28.24993528326398,28.294633865356445,218867600,0.0,0.0
2015-06-22 00:00:00-04:00,28.49353315649598,28.620925936132082,28.401900591212897,28.520353317260742,136157200,0.0,0.0
2015-06-23 00:00:00-04:00,28.491300417002268,28.52035431332314,28.35720131363596,28.39072608947754,121075600,0.0,0.0
2015-06-24 00:00:00-04:00,28.430965482373335,29.009821813817823,28.41085163287626,28.632112503051758,221123600,0.0,0.0
2015-06-25 00:00:00-04:00,28.79973029489926,28.87571821035886,28.49577522277832,28.49577522277832,127752400,0.0,0.0
2015-06-26 00:00:00-04:00,28.53376785827538,28.60528659515787,28.274513076504284,28.32815170288086,176267200,0.0,0.0
2015-06-29 00:00:00-04:00,28.039848566972665,28.265580331350833,27.82082312462451,27.83199691772461,196645600,0.0,0.0
2015-06-30 00:00:00-04:00,28.06442570824172,28.187349335086324,27.905743565950342,28.03313636779785,177482800,0.0,0.0
2015-07-01 00:00:00-04:00,28.361683443636746,28.37062350108356,28.158300973290338,28.294633865356445,120955200,0.0,0.0
2015-07-02 00:00:00-04:00,28.256635638181272,28.31474515025024,28.10912727026959,28.25887107849121,108844000,0.0,0.0
2015-07-06 00:00:00-04:00,27.92362458918554,28.21193498282255,27.903509038161864,28.16053009033203,112241600,0.0,0.0
2015-07-07 00:00:00-04:00,28.13594804225212,28.19405755556789,27.66213528971851,28.091249465942383,187787200,0.0,0.0
2015-07-08 00:00:00-04:00,27.820810952499766,27.85656946197334,27.387227728574306,27.393932342529297,243046400,0.0,0.0
2015-07-09 00:00:00-04:00,27.680017023199202,27.72695104261523,26.64522974527482,26.835201263427734,314380000,0.0,0.0
2015-07-10 00:00:00-04:00,27.253135750300856,27.68001273996736,27.08998272269413,27.55261993408203,245418000,0.0,0.0
2015-07-13 00:00:00-04:00,27.94374137892242,28.106894423880103,27.785059214725994,28.084545135498047,165762000,0.0,0.0
2015-07-14 00:00:00-04:00,28.16947536957432,28.243229561769542,27.945979057570536,28.07337188720703,127072400,0.0,0.0
2015-07-15 00:00:00-04:00,28.097950230082454,28.417549951794953,28.06666088992664,28.343795776367188,134596800,0.0,0.0
2015-07-16 00:00:00-04:00,28.549414731017865,28.7349187604003,28.462251317004103,28.721506118774414,144889600,0.0,0.0
2015-07-17 00:00:00-04:00,28.848902732261653,28.969589233398438,28.676809626865467,28.969589233398438,184658800,0.0,0.0
2015-07-20 00:00:00-04:00,29.27130364392064,29.7182961364166,29.210958702554702,29.51715087890625,235600800,0.0,0.0
2015-07-21 00:00:00-04:00,29.691479046689704,29.707122011301394,29.12603379044251,29.222135543823242,307025600,0.0,0.0
2015-07-22 00:00:00-04:00,27.264314136896378,28.04878665545674,27.264314136896378,27.986207962036133,461802400,0.0,0.0
2015-07-23 00:00:00-04:00,28.20522627291795,28.404137800452204,27.950440682477648,27.97279167175293,203998000,0.0,0.0
2015-07-24 00:00:00-04:00,28.008553746663196,28.102421775046945,27.69118943823741,27.825286865234375,168649200,0.0,0.0
2015-07-27 00:00:00-04:00,27.51016125614449,27.626380297617327,27.293371257702418,27.438642501831055,177822000,0.0,0.0
2015-07-28 00:00:00-04:00,27.57497215270996,27.693426620903903,27.389471524511045,27.57497215270996,134472400,0.0,0.0
2015-07-29 00:00:00-04:00,27.52356463274417,27.601787982354193,27.326886833563385,27.487804412841797,148046800,0.0,0.0
2015-07-30 00:00:00-04:00,27.338067666875485,27.393941742527627,27.201734785872933,27.3492431640625,134513200,0.0,0.0
2015-07-31 00:00:00-04:00,27.40064200931833,27.40958206462054,27.02293447736177,27.110097885131836,171540000,0.0,0.0
2015-08-03 00:00:00-04:00,27.154795686957268,27.393936617805483,26.26527981871911,26.470897674560547,279904000,0.0,0.0
2015-08-04 00:00:00-04:00,26.2429358209001,26.305514513708847,25.310956634838035,25.62161636352539,496554400,0.0,0.0
2015-08-05 00:00:00-04:00,25.24390643000012,26.247406045777524,25.053934915824794,25.791473388671875,397250400,0.0,0.0
2015-08-06 00:00:00-04:00,26.03618659357803,26.155175530086538,25.62084723889108,25.847599029541016,211612000,0.13,0.0
2015-08-07 00:00:00-04:00,25.724115790954087,26.09904357575176,25.70615474772969,25.935152053833008,154681600,0.0,0.0
2015-08-10 00:00:00-04:00,26.161909053278666,26.938706292793295,26.161909053278666,26.878089904785156,219806400,0.0,0.0
2015-08-11 00:00:00-04:00,26.449278636773293,26.532347187350695,25.443484071415618,25.47940444946289,388331200,0.0,0.0
2015-08-12 00:00:00-04:00,25.263875322717194,25.912703058030736,24.612802028659953,25.872291564941406,404870000,0.0,0.0
2015-08-13 00:00:00-04:00,26.05189700816098,26.13271998945845,25.71513515704131,25.85208511352539,194143200,0.0,0.0
2015-08-14 00:00:00-04:00,25.665750254086753,26.112520620724425,25.596153333692396,26.03394317626953,171718000,0.0,0.0
2015-08-17 00:00:00-04:00,26.051895277798344,26.413353111020903,25.930660813904513,26.3033447265625,163538800,0.0,0.0
2015-08-18 00:00:00-04:00,26.1394587685389,26.36621226099731,26.045165847545757,26.155174255371094,138242800,0.0,0.0
2015-08-19 00:00:00-04:00,26.065370553726364,26.159663474047857,25.74656970148154,25.82065773010254,193146000,0.0,0.0
2015-08-20 00:00:00-04:00,25.611861719870426,25.67247809939404,25.061816335505785,25.290815353393555,274006400,0.0,0.0
2015-08-21 00:00:00-04:00,24.792409069266427,25.122435977672446,23.719261511904985,23.74395751953125,513102000,0.0,0.0
2015-08-24 00:00:00-04:00,21.299066282542274,24.426461573215043,20.654727956824967,23.151256561279297,648825200,0.0,0.0
2015-08-25 00:00:00-04:00,24.945068901783834,24.945068901783834,23.236563920008585,23.29044532775879,414406400,0.0,0.0
2015-08-26 00:00:00-04:00,24.042554013099515,24.67117691823367,23.584559331565895,24.62627601623535,387098400,0.0,0.0
2015-08-27 00:00:00-04:00,25.196523507050735,25.423275263018773,24.700359518356937,25.35143280029297,338464400,0.0,0.0
2015-08-28 00:00:00-04:00,25.183048391986457,25.4389872371767,25.041609044757905,25.434497833251953,212657600,0.0,0.0
2015-08-31 00:00:00-04:00,25.151625865116365,25.712895751289132,25.144890900539856,25.31551742553711,224917200,0.0,0.0
2015-09-01 00:00:00-04:00,24.729542775978945,25.1179404405617,24.10316559913121,24.183988571166992,307383600,0.0,0.0
2015-09-02 00:00:00-04:00,24.747511731864307,25.221221923828125,24.500551620072176,25.221221923828125,247555200,0.0,0.0
2015-09-03 00:00:00-04:00,25.254899791662,25.320007305220702,24.704855978054088,24.77894401550293,212935600,0.0,0.0
2015-09-04 00:00:00-04:00,24.464629163909024,24.79689993781752,24.361355722674787,24.531980514526367,199985200,0.0,0.0
2015-09-08 00:00:00-04:00,25.0887650709586,25.270615974364496,24.767718612721875,25.214488983154297,219374400,0.0,0.0
2015-09-09 00:00:00-04:00,25.540021221302467,25.598392046700837,24.644233395573615,24.72954750061035,340043200,0.0,0.0
2015-09-10 00:00:00-04:00,24.756490609137842,25.432260010494396,24.673423764819994,25.272859573364258,251571200,0.0,0.0
2015-09-11 00:00:00-04:00,25.097739695285533,25.641048431396484,25.091004731981094,25.641048431396484,199662000,0.0,0.0
2015-09-14 00:00:00-04:00,26.173136068155117,26.242732981471587,25.78698213712246,25.888010025024414,233453600,0.0,0.0
2015-09-15 00:00:00-04:00,26.027207926279065,26.161912359991575,25.6882004263624,26.105785369873047,173364800,0.0,0.0
2015-09-16 00:00:00-04:00,26.09904761928949,26.16415512642055,25.917196738831453,26.13496971130371,148694000,0.0,0.0
2015-09-17 00:00:00-04:00,25.966589961389154,26.152930255548252,25.531043996275258,25.575944900512695,256450400,0.0,0.0
2015-09-18 00:00:00-04:00,25.192035291081687,25.661257767972646,25.11570341502017,25.47042465209961,297141200,0.0,0.0
2015-09-21 00:00:00-04:00,25.519812439950506,25.901476895542967,25.517568594221718,25.865554809570312,200888000,0.0,0.0
2015-09-22 00:00:00-04:00,25.45470878754108,25.63431581880713,25.261631828430936,25.459199905395508,201384800,0.0,0.0
2015-09-23 00:00:00-04:00,25.51083187614918,25.755546376068878,25.43674557145728,25.665742874145508,143026800,0.0,0.0
2015-09-24 00:00:00-04:00,25.425520133972167,25.93066291809082,25.227953795035138,25.818408966064453,200878000,0.0,0.0
2015-09-25 00:00:00-04:00,26.141702986561604,26.19782996706325,25.598392513532445,25.75330352783203,224607600,0.0,0.0
2015-09-28 00:00:00-04:00,25.560226698067176,25.72187267672953,25.243671417236328,25.243671417236328,208436000,0.0,0.0
2015-09-29 00:00:00-04:00,25.331234485791757,25.483899972818953,24.2154296087803,24.484838485717773,293461600,0.0,0.0
2015-09-30 00:00:00-04:00,24.734032712762726,25.041609124796167,24.410742530512856,24.763219833374023,265892000,0.0,0.0
2015-10-01 00:00:00-04:00,24.48708203937909,24.610562097030005,24.091947567755877,24.601581573486328,255716400,0.0,0.0
2015-10-02 00:00:00-04:00,24.249104308937568,24.92262816309932,24.1458308568426,24.781187057495117,232079200,0.0,0.0
2015-10-05 00:00:00-04:00,24.668933252951508,25.003451336098365,24.48708235918129,24.870990753173828,208258800,0.0,0.0
2015-10-06 00:00:00-04:00,24.837311423591746,25.086515360355172,24.644234468750543,24.98997688293457,192787200,0.0,0.0
2015-10-07 00:00:00-04:00,25.086518182457723,25.09325314698851,24.56341595386961,24.870990753173828,187062400,0.0,0.0
2015-10-08 00:00:00-04:00,24.738531102168004,24.738531102168004,24.29400461571162,24.583620071411133,247918400,0.0,0.0
2015-10-09 00:00:00-04:00,24.69587367622829,25.207751511096205,24.58137414594689,25.171831130981445,211064400,0.0,0.0
2015-10-12 00:00:00-04:00,25.308779281424307,25.313268686291394,25.019163851000314,25.055084228515625,121868800,0.0,0.0
2015-10-13 00:00:00-04:00,24.879967220431244,25.245914507438194,24.848536249172213,25.097740173339844,132197200,0.0,0.0
2015-10-14 00:00:00-04:00,24.985482304744618,25.0371181582204,24.59708291660352,24.743013381958008,177849600,0.0,0.0
2015-10-15 00:00:00-04:00,24.904664286490533,25.16733814868498,24.80588025098785,25.11345672607422,150694000,0.0,0.0
2015-10-16 00:00:00-04:00,25.095496735919284,25.14488875574704,24.81486181677032,24.92936134338379,156930400,0.0,0.0
2015-10-19 00:00:00-04:00,24.875481827606944,25.088763697384888,24.720570792232806,25.084274291992188,119036800,0.0,0.0
2015-10-20 00:00:00-04:00,24.996706898846153,25.632064619528936,24.879963553214377,25.542261123657227,195871200,0.0,0.0
2015-10-21 00:00:00-04:00,25.593905229857302,25.948628187111815,25.526552162529605,25.540023803710938,167180800,0.0,0.0
2015-10-22 00:00:00-04:00,25.667990214251855,25.9306640625,25.616352640382658,25.9306640625,166616400,0.0,0.0
2015-10-23 00:00:00-04:00,26.200071793462488,26.768078231157887,26.11700496495312,26.73440170288086,237467600,0.0,0.0
2015-10-26 00:00:00-04:00,26.509898097251355,26.521122466591017,25.800452181173895,25.881275177001953,265335200,0.0,0.0
2015-10-27 00:00:00-04:00,25.908213816821572,26.16415270371521,25.591656833481853,25.717382431030273,279537600,0.0,0.0
2015-10-28 00:00:00-04:00,26.25171183088282,26.78379623162936,26.05638931881799,26.77705955505371,342205600,0.0,0.0
2015-10-29 00:00:00-04:00,26.649088539654535,27.095860518973556,26.552550068725132,27.059938430786133,204909200,0.0,0.0
2015-10-30 00:00:00-04:00,27.163211604191947,27.214849177250642,26.817469216575585,26.82869529724121,197461200,0.0,0.0
2015-11-02 00:00:00-05:00,27.120561084884372,27.246284988953487,26.853396075877775,27.205873489379883,128813200,0.0,0.0
2015-11-03 00:00:00-05:00,27.118307229229583,27.724477824522637,27.098100629194906,27.51793098449707,182076000,0.0,0.0
2015-11-04 00:00:00-05:00,27.64366030440483,27.79857132141872,27.304654569493785,27.38996696472168,179544400,0.0,0.0
2015-11-05 00:00:00-05:00,27.473390486687432,27.66278529417685,27.096857762994112,27.263704299926758,158210800,0.13,0.0
2015-11-06 00:00:00-05:00,27.306543147398287,27.46437071550903,27.19606384972077,27.295269012451172,132169200,0.0,0.0
2015-11-09 00:00:00-05:00,27.272728145937183,27.46437643863415,27.067552264637932,27.184795379638672,135485600,0.0,0.0
2015-11-10 00:00:00-05:00,26.357320716286395,26.6211189761139,26.167925902944273,26.3280086517334,236511600,0.0,0.0
2015-11-11 00:00:00-05:00,26.237821625828612,26.47456298485306,25.97627682516367,26.17919921875,180872000,0.0,0.0
2015-11-12 00:00:00-05:00,26.213020068996485,26.33928212793578,26.075483874712667,26.091266632080078,130102400,0.0,0.0
2015-11-13 00:00:00-05:00,25.974024978310254,26.05744911751473,25.313400819202986,25.32918357849121,183249600,0.0,0.0
2015-11-16 00:00:00-05:00,25.112729637200466,25.757570936007227,25.02705206022718,25.744043350219727,152426800,0.0,0.0
2015-11-17 00:00:00-05:00,25.910895608487536,25.940207677760252,25.550145572834527,25.633569717407227,110467600,0.0,0.0
2015-11-18 00:00:00-05:00,26.10028615365863,26.490346474150318,26.041663744960058,26.445253372192383,186698800,0.0,0.0
2015-11-19 00:00:00-05:00,26.52416028790941,26.99989978711818,26.325748282437807,26.78119468688965,173183200,0.0,0.0
2015-11-20 00:00:00-05:00,26.87589685932573,27.038234770748733,26.796983074659412,26.89844512939453,137148400,0.0,0.0
2015-11-23 00:00:00-05:00,26.89167745721936,26.99539467467256,26.4565223707776,26.548965454101562,129930000,0.0,0.0
2015-11-24 00:00:00-05:00,26.454269467031388,26.90971594009224,26.406921199054125,26.80374526977539,171212800,0.0,0.0
2015-11-25 00:00:00-05:00,26.878155964498703,26.88266630724923,26.587300783992234,26.612102508544922,85553200,0.0,0.0
2015-11-27 00:00:00-05:00,26.670723952232372,26.697780847175544,26.515149816644577,26.562498092651367,52185600,0.0,0.0
2015-11-30 00:00:00-05:00,26.60307519629522,26.923242343649747,26.548963141609168,26.672971725463867,156721200,0.0,0.0
2015-12-01 00:00:00-05:00,26.77443398769232,26.78796157229856,26.348297870682458,26.45652198791504,139409600,0.0,0.0
2015-12-02 00:00:00-05:00,26.456529683487997,26.630141763993894,26.17244000297407,26.217533111572266,133546400,0.0,0.0
2015-12-03 00:00:00-05:00,26.278412154215967,26.33252423156586,25.75306898104297,25.974027633666992,166278000,0.0,0.0
2015-12-04 00:00:00-05:00,25.994311214499103,26.88716790452841,25.953726741307257,26.83756446838379,231108000,0.0,0.0
2015-12-07 00:00:00-05:00,26.82629586177749,27.024707914321493,26.562495888498777,26.668466567993164,128336800,0.0,0.0
2015-12-08 00:00:00-05:00,26.497105880985725,26.740612719707226,26.34829729300567,26.657190322875977,137238000,0.0,0.0
2015-12-09 00:00:00-05:00,26.524170254171413,26.53544439107156,25.946970224872715,26.068723678588867,185445600,0.0,0.0
2015-12-10 00:00:00-05:00,26.163419602988263,26.366342020939992,26.04392132358106,26.192729949951172,116850800,0.0,0.0
2015-12-11 00:00:00-05:00,25.971770677842837,26.016863782851292,25.44417240424712,25.518577575683594,187544800,0.0,0.0
2015-12-14 00:00:00-05:00,25.29310501557588,25.40583948226677,24.754234402408738,25.360746383666992,257274800,0.0,0.0
2015-12-15 00:00:00-05:00,25.23899074079559,25.432894144121875,24.880494273644413,24.912059783935547,213292400,0.0,0.0
2015-12-16 00:00:00-05:00,25.042832416811343,25.250263406565313,24.531018734671886,25.103708267211914,224954000,0.0,0.0
2015-12-17 00:00:00-05:00,25.257039544631244,25.308898177514262,24.57161521911621,24.57161521911621,179091200,0.0,0.0
2015-12-18 00:00:00-05:00,24.555824854816795,24.693359335575057,23.856869714176426,23.90647315979004,385813200,0.0,0.0
2015-12-21 00:00:00-05:00,24.18830891790171,24.208602018100272,23.802757216044906,24.199583053588867,190362400,0.0,0.0
2015-12-22 00:00:00-05:00,24.215365594086148,24.287515589338216,24.00116905929387,24.17703628540039,131157600,0.0,0.0
2015-12-23 00:00:00-05:00,24.186050905552488,24.542292221042683,24.170268149559448,24.48818016052246,130629600,0.0,0.0
2015-12-24 00:00:00-05:00,24.576111739027386,24.576111739027386,24.33936869016207,24.357406616210938,54281600,0.0,0.0
2015-12-28 00:00:00-05:00,24.258203151299597,24.28075142212427,23.94029283093204,24.084592819213867,106816800,0.0,0.0
2015-12-29 00:00:00-05:00,24.116163480787502,24.673072173252784,24.093616925342705,24.517498016357422,123724800,0.0,0.0
2015-12-30 00:00:00-05:00,24.48142379647117,24.50847897484504,24.165766860638026,24.19733238220215,100855200,0.0,0.0
2015-12-31 00:00:00-05:00,24.1274331402526,24.131941762427935,23.63365558276081,23.73286247253418,163649200,0.0,0.0
2016-01-04 00:00:00-05:00,23.135368423920035,23.75766318946608,22.99783223080675,23.75315284729004,270597600,0.0,0.0
2016-01-05 00:00:00-05:00,23.84334484161634,23.865891395773357,23.09027926758266,23.15791893005371,223164000,0.0,0.0
2016-01-06 00:00:00-05:00,22.673159746380428,23.08125976393585,22.517587322188593,22.70472526550293,273829600,0.0,0.0
2016-01-07 00:00:00-05:00,22.249275538132114,22.576204819963493,21.74197041241282,21.746479034423828,324377600,0.0,0.0
2016-01-08 00:00:00-05:00,22.21996773378956,22.3462298068249,21.81637807011819,21.86147117614746,283192000,0.0,0.0
2016-01-11 00:00:00-05:00,22.31466290023333,22.33495428062653,21.947147400212437,22.215456008911133,198957600,0.0,0.0
2016-01-12 00:00:00-05:00,22.670905623308887,22.70247114149596,22.285352170810707,22.537878036499023,196616800,0.0,0.0
2016-01-13 00:00:00-05:00,22.61904582365759,22.815204436611236,21.938130326602067,21.95842170715332,249758400,0.0,0.0
2016-01-14 00:00:00-05:00,22.08693443736933,22.65511705954085,21.586393176948658,22.43866539001465,252680400,0.0,0.0
2016-01-15 00:00:00-05:00,21.690115035537954,22.030573674599744,21.50072191936061,21.89980125427246,319335600,0.0,0.0
2016-01-19 00:00:00-05:00,22.18839961644163,22.24251168137656,21.53228416336344,21.7938289642334,212350800,0.0,0.0
2016-01-20 00:00:00-05:00,21.44210174883086,22.138801859597415,21.06331375661603,21.823144912719727,289337600,0.0,0.0
2016-01-21 00:00:00-05:00,21.884016915860396,22.06890139601609,21.40602381702413,21.712661743164062,208646000,0.0,0.0
2016-01-22 00:00:00-05:00,22.237997442652777,22.87607485555178,22.179376765991236,22.867055892944336,263202000,0.0,0.0
2016-01-25 00:00:00-05:00,22.88960743259229,22.891862603783906,22.368774699782414,22.42063331604004,207178000,0.0,0.0
2016-01-26 00:00:00-05:00,22.53111771962099,22.74531258611512,22.111745233056237,22.544645309448242,300308000,0.0,0.0
2016-01-27 00:00:00-05:00,21.654034057349705,21.787059886927032,21.045266975698283,21.063304901123047,533478800,0.0,0.0
2016-01-28 00:00:00-05:00,21.146734883413128,21.311326268055467,20.83107798166302,21.214374542236328,222715200,0.0,0.0
2016-01-29 00:00:00-05:00,21.372196991080568,21.947141647338867,21.272990125762874,21.947141647338867,257666000,0.0,0.0
2016-02-01 00:00:00-05:00,21.75098711818432,21.805099177655535,21.509735441143935,21.741968154907227,163774000,0.0,0.0
2016-02-02 00:00:00-05:00,21.514250624587643,21.654042017732312,21.257216113464004,21.302310943603516,149428800,0.0,0.0
2016-02-03 00:00:00-05:00,21.419547657269064,21.834409649360104,21.212116661223543,21.72393035888672,183857200,0.0,0.0
2016-02-04 00:00:00-05:00,21.730735187098187,22.063973316124038,21.57885168310811,21.898487091064453,185886800,0.13,0.0
2016-02-05 00:00:00-05:00,21.880348680221665,21.971025981954458,21.238810532180526,21.313617706298828,185672400,0.0,0.0
2016-02-08 00:00:00-05:00,21.11186866370619,21.694468230151497,21.09146717200861,21.53805160522461,216085600,0.0,0.0
2016-02-09 00:00:00-05:00,21.374822436180885,21.748865169160446,21.293213049729875,21.533506393432617,177324800,0.0,0.0
2016-02-10 00:00:00-05:00,21.74433354408901,21.841811340568256,21.33175346517059,21.370290756225586,169374400,0.0,0.0
2016-02-11 00:00:00-05:00,21.26147872949399,21.472302714075532,20.989446833197306,21.24107551574707,200298800,0.0,0.0
2016-02-12 00:00:00-05:00,21.352151791526197,21.422425862600925,21.084654764484135,21.306812286376953,161405600,0.0,0.0
2016-02-16 00:00:00-05:00,21.54030666911073,21.95515409111207,21.447363703526644,21.907548904418945,196231600,0.0,0.0
2016-02-17 00:00:00-05:00,21.914354136949324,22.26346064438002,21.796474848627966,22.243059158325195,179452800,0.0,0.0
2016-02-18 00:00:00-05:00,22.40627425792121,22.417609568857365,21.78287020599631,21.821409225463867,156084000,0.0,0.0
2016-02-19 00:00:00-05:00,21.76246797088215,21.93475465991879,21.71713018775304,21.771535873413086,141496800,0.0,0.0
2016-02-22 00:00:00-05:00,21.832739547258633,21.966488932328957,21.74432966963815,21.96195411682129,137123200,0.0,0.0
2016-02-23 00:00:00-05:00,21.853147485168304,21.875816379034177,21.433766895309585,21.465503692626953,127770400,0.0,0.0
2016-02-24 00:00:00-05:00,21.304557903212412,21.848618417243408,21.154940051185555,21.785144805908203,145022800,0.0,0.0
2016-02-25 00:00:00-05:00,21.7738058352963,21.934757232666016,21.59245122245748,21.934757232666016,110330800,0.0,0.0
2016-02-26 00:00:00-05:00,22.034494979329367,22.220382630830805,21.89394683400225,21.9687557220459,115964400,0.0,0.0
2016-02-29 00:00:00-05:00,21.957419651763054,22.267988772568476,21.909814469074675,21.918882369995117,140865200,0.0,0.0
2016-03-01 00:00:00-05:00,22.136509552936793,22.84378861732507,22.08436954854961,22.789382934570312,201628400,0.0,0.0
2016-03-02 00:00:00-05:00,22.78485250487163,22.87099499007076,22.587629503793217,22.839258193969727,132678400,0.0,0.0
2016-03-03 00:00:00-05:00,22.80072265228324,23.056884448902636,22.771251532552807,23.009279251098633,147822800,0.0,0.0
2016-03-04 00:00:00-05:00,23.206502385700045,23.519337285519104,22.979809978128777,23.351585388183594,184220400,0.0,0.0
2016-03-07 00:00:00-05:00,23.211032274580887,23.310777473616483,22.886862107240784,23.09315299987793,143315600,0.0,0.0
2016-03-08 00:00:00-05:00,22.846057846606428,23.06821714064854,22.759915364583282,22.90273094177246,126247600,0.0,0.0
2016-03-09 00:00:00-05:00,22.96620422577282,23.027412136271312,22.730443945478886,22.923133850097656,108806800,0.0,0.0
2016-03-10 00:00:00-05:00,22.988872819419413,23.17702616182926,22.70323996451378,22.934465408325195,134054400,0.0,0.0
2016-03-11 00:00:00-05:00,23.177023793784883,23.186091694707436,23.009271950530845,23.18155860900879,109632800,0.0,0.0
2016-03-14 00:00:00-04:00,23.102220646937305,23.32891302076485,23.072749531443367,23.240501403808594,100304400,0.0,0.0
2016-03-15 00:00:00-04:00,23.566942910499492,23.843507929470757,23.542006606852844,23.70749282836914,160270800,0.0,0.0
2016-03-16 00:00:00-04:00,23.71428887677972,24.0996652125511,23.709754060862114,24.02259063720703,153214000,0.0,0.0
2016-03-17 00:00:00-04:00,23.92057924604393,24.13593804538442,23.793632066323628,23.984054565429688,137682800,0.0,0.0
2016-03-18 00:00:00-04:00,24.106469473820678,24.1427410887273,23.845774592163977,24.011259078979492,176820800,0.0,0.0
2016-03-21 00:00:00-04:00,24.01352242043917,24.40343356702225,23.834435243600403,24.008989334106445,142010800,0.0,0.0
2016-03-22 00:00:00-04:00,23.85937361041647,24.32182628508781,23.850305707439503,24.192611694335938,129777600,0.0,0.0
2016-03-23 00:00:00-04:00,24.138204492500666,24.27195216159203,24.006722501867245,24.058860778808594,102814000,0.0,0.0
2016-03-24 00:00:00-04:00,23.909246336109632,24.086066121263983,23.77776433654975,23.9545841217041,104532000,0.0,0.0
2016-03-28 00:00:00-04:00,24.02939398427441,24.072466092977475,23.8163025785128,23.845773696899414,77645600,0.0,0.0
2016-03-29 00:00:00-04:00,23.777766247813826,24.435174568930254,23.775498839494148,24.41023826599121,124760400,0.0,0.0
2016-03-30 00:00:00-04:00,24.63012329799475,25.03136798224244,24.61878798908748,24.83641242980957,182404400,0.0,0.0
2016-03-31 00:00:00-04:00,24.8726891157926,24.913493814859084,24.68226661030712,24.707202911376953,103553600,0.0,0.0
2016-04-01 00:00:00-04:00,24.659597530915683,24.936162519216552,24.528115531637294,24.933895111083984,103496000,0.0,0.0
2016-04-04 00:00:00-04:00,25.031377737643226,25.432624307792803,24.99737352719438,25.1900634765625,149424800,0.0,0.0
2016-04-05 00:00:00-04:00,24.825082619241513,25.101647595122472,24.804679406015985,24.893089294433594,106314800,0.0,0.0
2016-04-06 00:00:00-04:00,24.988299345661485,25.158318613905184,24.754804764472112,25.153783798217773,105616400,0.0,0.0
2016-04-07 00:00:00-04:00,24.924829486683343,25.03137519482077,24.50998369583289,24.605194091796875,127207600,0.0,0.0
2016-04-08 00:00:00-04:00,24.68907170900758,24.884025594437283,24.521318076912685,24.63239860534668,94326800,0.0,0.0
2016-04-11 00:00:00-04:00,24.70266902792122,25.07444439430326,24.670932232951458,24.71400260925293,117630000,0.0,0.0
2016-04-12 00:00:00-04:00,24.786546624674372,25.049510643502522,24.632397450289883,25.03590965270996,108929200,0.0,0.0
2016-04-13 00:00:00-04:00,25.1175130393559,25.46661773592249,25.1175130393559,25.398611068725586,133029200,0.0,0.0
2016-04-14 00:00:00-04:00,25.303402910331414,25.477955273883552,25.237661915622667,25.412214279174805,101895600,0.0,0.0
2016-04-15 00:00:00-04:00,25.414487916884465,25.45756003110272,24.87496056776389,24.902162551879883,187756000,0.0,0.0
2016-04-18 00:00:00-04:00,24.6845379148746,24.698138906868433,24.24248837981555,24.36490249633789,243286000,0.0,0.0
2016-04-19 00:00:00-04:00,24.455569750058682,24.4827734543037,24.081528761460433,24.235679626464844,129539600,0.0,0.0
2016-04-20 00:00:00-04:00,24.17447610009353,24.503179370640357,24.04299410006453,24.285554885864258,122444000,0.0,0.0
2016-04-21 00:00:00-04:00,24.240215104062983,24.240215104062983,23.920578033367182,24.02259063720703,126210000,0.0,0.0
2016-04-22 00:00:00-04:00,23.804962786517727,24.13820079854611,23.716552913472476,23.956846237182617,134732400,0.0,0.0
2016-04-25 00:00:00-04:00,23.80269740259344,23.95004778003839,23.691618632315123,23.820833206176758,112126400,0.0,0.0
2016-04-26 00:00:00-04:00,23.55560246076426,23.870704682776815,23.55560246076426,23.655345916748047,224064800,0.0,0.0
2016-04-27 00:00:00-04:00,21.76246876039029,22.376804910562402,21.689927267036683,22.175048828125,458408400,0.0,0.0
2016-04-28 00:00:00-04:00,22.127438753234728,22.188644922128013,21.36575237631137,21.497234344482422,328970800,0.0,0.0
2016-04-29 00:00:00-04:00,21.306823795447073,21.472310051961443,20.971319923743668,21.250150680541992,274126000,0.0,0.0
2016-05-02 00:00:00-04:00,21.302279284596402,21.327215580145463,20.94637238301696,21.22747039794922,192640400,0.0,0.0
2016-05-03 00:00:00-04:00,21.35442264964809,21.70352914111735,21.236543366716273,21.576581954956055,227325200,0.0,0.0
2016-05-04 00:00:00-04:00,21.58111374246276,21.739799445136008,21.268278882746422,21.352155685424805,164102000,0.0,0.0
2016-05-05 00:00:00-04:00,21.438817556739533,21.454782564041274,21.137761890438593,21.26548194885254,143562000,0.1425,0.0
2016-05-06 00:00:00-04:00,21.295134329047688,21.313378810356333,20.948463083351843,21.146886825561523,174799600,0.0,0.0
2016-05-09 00:00:00-04:00,21.21075018185487,21.386365304832808,21.117239587761883,21.16285514831543,131745600,0.0,0.0
2016-05-10 00:00:00-04:00,21.286015744513602,21.340752680189393,21.007766899739963,21.306541442871094,134747200,0.0,0.0
2016-05-11 00:00:00-04:00,21.320227820722074,21.340753519887194,21.087592789848767,21.098997116088867,114876400,0.0,0.0
2016-05-12 00:00:00-04:00,21.146892206181526,21.160576005658577,20.40565624020589,20.60407829284668,305258800,0.0,0.0
2016-05-13 00:00:00-04:00,20.526535072248734,20.90741591653148,20.526535072248734,20.645132064819336,177571200,0.0,0.0
2016-05-16 00:00:00-04:00,21.071627466161107,21.52777266813893,20.90285422864495,21.411455154418945,245039200,0.0,0.0
2016-05-17 00:00:00-04:00,21.56426600852928,21.59847550804325,21.213033979719814,21.322507858276367,187667600,0.0,0.0
2016-05-18 00:00:00-04:00,21.47531593503823,21.714791110788134,21.41373536123413,21.566543579101562,168249600,0.0,0.0
2016-05-19 00:00:00-04:00,21.58479044200801,21.58479044200801,21.340752832807443,21.484437942504883,121768400,0.0,0.0
2016-05-20 00:00:00-04:00,21.58479091378016,21.7649684781644,21.557421575120426,21.717073440551758,128104000,0.0,0.0
2016-05-23 00:00:00-04:00,21.865321886590717,22.1663776641088,21.8197063202662,21.9930419921875,152074400,0.0,0.0
2016-05-24 00:00:00-04:00,22.173214878155196,22.371636894552335,22.08654619048236,22.328304290771484,140560800,0.0,0.0
2016-05-25 00:00:00-04:00,22.503920600732343,22.747958186847455,22.376200515305563,22.720590591430664,152675200,0.0,0.0
2016-05-26 00:00:00-04:00,22.73427832024391,22.97375526188401,22.497082591968223,22.900772094726562,225324800,0.0,0.0
2016-05-27 00:00:00-04:00,22.679537910630522,22.91445238960724,22.63620356361535,22.887083053588867,145364800,0.0,0.0
2016-05-31 00:00:00-04:00,22.716030227631464,22.898489000566585,22.538133881050424,22.77532958984375,169228800,0.0,0.0
2016-06-01 00:00:00-04:00,22.583748083786627,22.702346810204308,22.426379173042644,22.45602798461914,116693200,0.0,0.0
2016-06-02 00:00:00-04:00,22.25988499558797,22.314621931348405,22.03865429931745,22.287254333496094,160766400,0.0,0.0
2016-06-03 00:00:00-04:00,22.303221669284163,22.412695552210707,22.225676073826534,22.332870483398438,114019600,0.0,0.0
2016-06-06 00:00:00-04:00,22.34883234360235,23.23831578213488,22.24848158842246,22.49479866027832,93170000,0.0,0.0
2016-06-07 00:00:00-04:00,22.63620721418083,22.777612862996868,22.570065946511516,22.586030960083008,89638000,0.0,0.0
2016-06-08 00:00:00-04:00,22.58374474225539,22.70690413682509,22.50620090496461,22.565500259399414,83392400,0.0,0.0
2016-06-09 00:00:00-04:00,22.465155985323083,22.80498374600715,22.456032870532447,22.727439880371094,106405600,0.0,0.0
2016-06-10 00:00:00-04:00,22.471994237737064,22.659013710439098,22.460591651142323,22.540416717529297,126851600,0.0,0.0
2016-06-13 00:00:00-04:00,22.508481857158543,22.606553129102913,22.145845576227288,22.20058250427246,152082000,0.0,0.0
2016-06-14 00:00:00-04:00,22.19602674506602,22.46059181277351,22.066025424570018,22.227956771850586,127727600,0.0,0.0
2016-06-15 00:00:00-04:00,22.310061512979562,22.444625250907382,22.129883951379572,22.154972076416016,117780800,0.0,0.0
2016-06-16 00:00:00-04:00,21.99759862473094,22.294093661001803,21.910931674770598,22.24847984313965,125307200,0.0,0.0
2016-06-17 00:00:00-04:00,22.03637851841525,22.043220419024696,21.735322711206962,21.742164611816406,244032800,0.0,0.0
2016-06-20 00:00:00-04:00,21.894964816136,22.02496610012959,21.673734164064086,21.689699172973633,137647600,0.0,0.0
2016-06-21 00:00:00-04:00,21.65321425041519,21.974795727174183,21.59391488432513,21.87444496154785,142185600,0.0,0.0
2016-06-22 00:00:00-04:00,21.9519856187315,22.097951929355492,21.74671995064911,21.792335510253906,116876400,0.0,0.0
2016-06-23 00:00:00-04:00,21.88128539729008,21.9611104578068,21.723914749374387,21.917776107788086,128960800,0.0,0.0
2016-06-24 00:00:00-04:00,21.190229681321888,21.589356798754523,21.130930308087603,21.301984786987305,301245600,0.0,0.0
2016-06-27 00:00:00-04:00,21.210745920027136,21.222150242888006,20.868637114865408,20.991796493530273,181958400,0.0,0.0
2016-06-28 00:00:00-04:00,21.187945113442538,21.3612807785024,21.01460944838268,21.345314025878906,161779600,0.0,0.0
2016-06-29 00:00:00-04:00,21.43198090475795,21.564263420522675,21.354435321702322,21.530052185058594,146124000,0.0,0.0
2016-06-30 00:00:00-04:00,21.539178128823707,21.842513381675214,21.50724810220776,21.803741455078125,143345600,0.0,0.0
2016-07-01 00:00:00-04:00,21.778649392197185,22.002161278167506,21.742158685541078,21.8698787689209,104106000,0.0,0.0
2016-07-05 00:00:00-04:00,21.755845018459116,21.75812623165836,21.543737432381075,21.664615631103516,110820800,0.0,0.0
2016-07-06 00:00:00-04:00,21.575669342407725,21.81742750103527,21.52321361463193,21.787776947021484,123796400,0.0,0.0
2016-07-07 00:00:00-04:00,21.82654603962435,22.00900480658205,21.808301554973188,21.881284713745117,100558400,0.0,0.0
2016-07-08 00:00:00-04:00,22.006720208172048,22.097949577617026,21.906369467832516,22.0500545501709,115648400,0.0,0.0
2016-07-11 00:00:00-04:00,22.066021317894865,22.27128698049106,22.061460632084117,22.118478775024414,95179600,0.0,0.0
2016-07-12 00:00:00-04:00,22.16180815929237,22.282686326347747,22.15040557639501,22.218826293945312,96670000,0.0,0.0
2016-07-13 00:00:00-04:00,22.216558492206712,22.27585613055615,22.086555406451588,22.093399047851562,103568800,0.0,0.0
2016-07-14 00:00:00-04:00,22.211993739980777,22.576909607255484,22.196028725164265,22.531295776367188,155676000,0.0,0.0
2016-07-15 00:00:00-04:00,22.560936976862678,22.647605662373472,22.465146920298082,22.529006958007812,120548000,0.0,0.0
2016-07-18 00:00:00-04:00,22.510764780306978,22.83690866582766,22.487957868463706,22.76848793029785,145975600,0.0,0.0
2016-07-19 00:00:00-04:00,22.706907090842087,22.80725958985531,22.656730841335474,22.777610778808594,95119600,0.0,0.0
2016-07-20 00:00:00-04:00,22.807256961689006,22.912170134906102,22.747957606373042,22.798133850097656,105104000,0.0,0.0
2016-07-21 00:00:00-04:00,22.76848500620575,23.03532949461918,22.608833163694822,22.677255630493164,130808000,0.0,0.0
2016-07-22 00:00:00-04:00,22.638487350057606,22.6476104631008,22.42181733040751,22.501644134521484,113254800,0.0,0.0
2016-07-25 00:00:00-04:00,22.408129372362747,22.542691349652046,22.104792445179516,22.20058250427246,161531600,0.0,0.0
2016-07-26 00:00:00-04:00,22.081988412908245,22.34427224320496,21.990759027580374,22.04777717590332,224959200,0.0,0.0
2016-07-27 00:00:00-04:00,23.781125833454436,23.799372056456924,23.434456296685113,23.480070114135742,369379200,0.0,0.0
2016-07-28 00:00:00-04:00,23.4527078502848,23.822184379758244,23.450426636877086,23.797096252441406,159479200,0.0,0.0
2016-07-29 00:00:00-04:00,23.762882017396254,23.844988283156116,23.64656451756051,23.76744270324707,110934800,0.0,0.0
2016-08-01 00:00:00-04:00,23.813056783542745,24.209902550039196,23.813056783542745,24.187095642089844,152671600,0.0,0.0
2016-08-02 00:00:00-04:00,24.187093361726525,24.191654046864198,23.719543962595523,23.82901954650879,135266400,0.0,0.0
2016-08-03 00:00:00-04:00,23.904284300135952,24.139198756987657,23.89516118898907,24.127796173095703,120810400,0.0,0.0
2016-08-04 00:00:00-04:00,24.210355892577184,24.30666489966233,24.141562744954985,24.27685546875,109634800,0.1425,0.0
2016-08-05 00:00:00-04:00,24.36857368450575,24.685020016811045,24.347936792998272,24.646038055419922,162213600,0.0,0.0
2016-08-08 00:00:00-04:00,24.65520346630543,24.850116729736328,24.572654168788226,24.850116729736328,112148800,0.0,0.0
2016-08-09 00:00:00-04:00,24.818018095110094,24.980826647077354,24.767570029813914,24.95101547241211,105260800,0.0,0.0
2016-08-10 00:00:00-04:00,24.928084503856724,24.971653604723272,24.710242498488057,24.765275955200195,96034000,0.0,0.0
2016-08-11 00:00:00-04:00,24.884516568350286,24.978533737890043,24.73088054686457,24.749225616455078,109938000,0.0,0.0
2016-08-12 00:00:00-04:00,24.714825487012305,24.866169665102568,24.714825487012305,24.806549072265625,74641600,0.0,0.0
2016-08-15 00:00:00-04:00,24.797374862680876,25.118406514627303,24.783616938141463,25.10464859008789,103472800,0.0,0.0
2016-08-16 00:00:00-04:00,25.139043556051398,25.276629800218757,25.042734584719657,25.081716537475586,135177600,0.0,0.0
2016-08-17 00:00:00-04:00,25.017516802968906,25.079430978199323,24.843242133130595,25.045034408569336,101424000,0.0,0.0
2016-08-18 00:00:00-04:00,25.047326483957722,25.13216936789852,24.999170239662224,25.012929916381836,87938800,0.0,0.0
2016-08-19 00:00:00-04:00,24.941842391231983,25.152807182345406,24.847826975725802,25.07713508605957,101472400,0.0,0.0
2016-08-22 00:00:00-04:00,24.96247870316029,25.017512154653595,24.73087704346489,24.882221221923828,103280800,0.0,0.0
2016-08-23 00:00:00-04:00,24.900559701195018,25.06795534337587,24.88680177836536,24.960180282592773,85030800,0.0,0.0
2016-08-24 00:00:00-04:00,24.89597852188152,24.937254046834866,24.691894467801603,24.772151947021484,94700400,0.0,0.0
2016-08-25 00:00:00-04:00,24.625405746562215,24.737766266897935,24.46259714581543,24.66668128967285,100344800,0.0,0.0
2016-08-26 00:00:00-04:00,24.62998234039623,24.753807167208667,24.377742046380902,24.522207260131836,111065200,0.0,0.0
2016-08-29 00:00:00-04:00,24.448832831058173,24.63686542291551,24.373160730199427,24.494693756103516,99881200,0.0,0.0
2016-08-30 00:00:00-04:00,24.260796872456613,24.421311837322307,24.192003744953084,24.306657791137695,99455600,0.0,0.0
2016-08-31 00:00:00-04:00,24.228693566709076,24.43736301834071,24.22410642521104,24.329587936401367,118649600,0.0,0.0
2016-09-01 00:00:00-04:00,24.33876733793436,24.49011155940259,24.219527867566185,24.47406005859375,106806000,0.0,0.0
2016-09-02 00:00:00-04:00,24.69648461254312,24.765277750531908,24.494694090315328,24.703365325927734,107210000,0.0,0.0
2016-09-06 00:00:00-04:00,24.742348196246528,24.83407180043899,24.652918163266495,24.69648551940918,107521600,0.0,0.0
2016-09-07 00:00:00-04:00,24.726292990221214,24.939549594471302,24.55201834332775,24.84782600402832,169457200,0.0,0.0
2016-09-08 00:00:00-04:00,24.593296152867563,24.59788154554817,24.13238633651127,24.196592330932617,212008000,0.0,0.0
2016-09-09 00:00:00-04:00,23.994809717370295,24.24246299127821,23.6485538482666,23.6485538482666,186228000,0.0,0.0
2016-09-12 00:00:00-04:00,23.538479477815557,24.2424553544774,23.510961872888974,24.17824935913086,181171200,0.0,0.0
2016-09-13 00:00:00-04:00,24.652918398875045,24.946432535510258,24.59100422192347,24.753812789916992,248704800,0.0,0.0
2016-09-14 00:00:00-04:00,24.932669499908865,25.918693241349946,24.902858328415586,25.629764556884766,443554800,0.0,0.0
2016-09-15 00:00:00-04:00,26.109020142677068,26.53782691516652,26.02417551671913,26.501136779785156,359934400,0.0,0.0
2016-09-16 00:00:00-04:00,26.397945870251558,26.629545763272738,26.150292732692883,26.352083206176758,319547600,0.0,0.0
2016-09-19 00:00:00-04:00,26.414005122357274,26.64101969037964,25.969146772338952,26.044818878173828,188092000,0.0,0.0
2016-09-20 00:00:00-04:00,25.923282980942165,26.168642592880882,25.799456389475605,26.042522430419922,138057200,0.0,0.0
2016-09-21 00:00:00-04:00,26.10672472435837,26.138827715804265,25.7834012392299,26.037933349609375,144012800,0.0,0.0
2016-09-22 00:00:00-04:00,26.22137860905008,26.356671286037102,26.14112113091294,26.283292770385742,124296000,0.0,0.0
2016-09-23 00:00:00-04:00,26.23743644977777,26.322281089744948,25.579323220417336,25.845319747924805,209924800,0.0,0.0
2016-09-26 00:00:00-04:00,25.59995299076642,26.001242116337618,25.57931610405971,25.884294509887695,119477600,0.0,0.0
2016-09-27 00:00:00-04:00,25.91181626549997,25.953091795017215,25.76047207410939,25.932453155517578,98429600,0.0,0.0
2016-09-28 00:00:00-04:00,26.070040800957965,26.287882815819597,26.010420199723853,26.12965965270996,118564400,0.0,0.0
2016-09-29 00:00:00-04:00,25.948504283486425,26.095261321010998,25.63664514137623,25.72378158569336,143548000,0.0,0.0
2016-09-30 00:00:00-04:00,25.787984236018353,25.996655410518084,25.63664182604109,25.923276901245117,145516400,0.0,0.0
2016-10-03 00:00:00-04:00,25.845315466780058,25.92328112968327,25.746712914847194,25.801746368408203,86807200,0.0,0.0
2016-10-04 00:00:00-04:00,25.925575478019944,26.212210627916615,25.826972916476205,25.91181755065918,118947200,0.0,0.0
2016-10-05 00:00:00-04:00,26.003534372405916,26.06315495790322,25.840725859627824,25.923276901245117,85812400,0.0,0.0
2016-10-06 00:00:00-04:00,26.072336652219633,26.21909373218442,25.941631073204668,26.11590576171875,115117200,0.0,0.0
2016-10-07 00:00:00-04:00,26.212211369981162,26.269538401583418,26.028765918543243,26.154884338378906,97433600,0.0,0.0
2016-10-10 00:00:00-04:00,26.375017239017144,26.771721027005228,26.306225857801827,26.6112060546875,144944000,0.0,0.0
2016-10-11 00:00:00-04:00,26.989567133394818,27.216583449562872,26.64560492651477,26.668537139892578,256164000,0.0,0.0
2016-10-12 00:00:00-04:00,26.909300787887386,27.05376598694896,26.77171630026629,26.907007217407227,150347200,0.0,0.0
2016-10-13 00:00:00-04:00,26.780888078092104,26.929938664432477,26.53552852807886,26.8244571685791,140769600,0.0,0.0
2016-10-14 00:00:00-04:00,27.030837766271492,27.097337324146757,26.85885669401951,26.9735107421875,142608800,0.0,0.0
2016-10-17 00:00:00-04:00,26.904721612405524,27.021667491687403,26.778601449083403,26.955169677734375,94499600,0.0,0.0
2016-10-18 00:00:00-04:00,27.09963527068166,27.10651423476536,26.93223956355534,26.936826705932617,98214000,0.0,0.0
2016-10-19 00:00:00-04:00,26.886374898843105,27.00332252045422,26.09526264852068,26.856565475463867,80138400,0.0,0.0
2016-10-20 00:00:00-04:00,26.79694494181589,26.91618438509333,26.675411927663315,26.842805862426758,96503200,0.0,0.0
2016-10-21 00:00:00-04:00,26.78547442985211,26.808406635866437,26.66394143569561,26.737319946289062,92770800,0.0,0.0
2016-10-24 00:00:00-04:00,26.851977762723074,26.99873480459267,26.829047302958813,26.978097915649414,94154800,0.0,0.0
2016-10-25 00:00:00-04:00,27.046889472701864,27.14090663267976,26.90013242986774,27.11568260192871,192516000,0.0,0.0
2016-10-26 00:00:00-04:00,26.21220418971657,26.53094225815516,25.982896126121517,26.505718231201172,264536800,0.0,0.0
2016-10-27 00:00:00-04:00,26.45986155444408,26.567636641505395,26.16405389511046,26.251192092895508,138248000,0.0,0.0
2016-10-28 00:00:00-04:00,26.11131612338815,26.41858816289721,26.015005383864285,26.076919555664062,151446800,0.0,0.0
2016-10-31 00:00:00-04:00,26.06086665557682,26.193865777232485,25.95767695795487,26.035642623901367,105677600,0.0,0.0
2016-11-01 00:00:00-04:00,26.01729856178367,26.088383517719134,25.345425713722733,25.565561294555664,175303200,0.0,0.0
2016-11-02 00:00:00-04:00,25.54492408808244,25.762766095213102,25.505942128824454,25.588491439819336,113326800,0.0,0.0
2016-11-03 00:00:00-04:00,25.579273297456805,25.689905316964364,25.249679068630783,25.3142147064209,107730400,0.1425,0.0
2016-11-04 00:00:00-04:00,25.014582948234988,25.411018161450443,24.917779491556118,25.08603286743164,123348000,0.0,0.0
2016-11-07 00:00:00-05:00,25.37184014739817,25.470948966663965,25.228938527525656,25.447900772094727,130240000,0.0,0.0
2016-11-08 00:00:00-05:00,25.42484180538257,25.749827036527183,25.284245582350863,25.597705841064453,97016800,0.0,0.0
2016-11-09 00:00:00-05:00,25.325741274327616,25.6576408937037,24.90395422624573,25.55622673034668,236705600,0.0,0.0
2016-11-10 00:00:00-05:00,25.60462355477469,25.60462355477469,24.392271554707335,24.844022750854492,228538000,0.0,0.0
2016-11-11 00:00:00-05:00,24.689597952577575,25.09294742335034,24.558221338150155,24.991533279418945,136575600,0.0,0.0
2016-11-14 00:00:00-05:00,24.825583401223696,24.84863159062477,23.988921992562226,24.364612579345703,204702000,0.0,0.0
2016-11-15 00:00:00-05:00,24.562822177199443,24.81866104073256,24.4683241038789,24.687284469604492,129058000,0.0,0.0
2016-11-16 00:00:00-05:00,24.592797826767857,25.406412975962784,24.569749632509346,25.35109519958496,235362000,0.0,0.0
2016-11-17 00:00:00-05:00,25.30959963358799,25.434061952845173,25.083724940408022,25.341867446899414,110528000,0.0,0.0
2016-11-18 00:00:00-05:00,25.28886334695961,25.477861341821512,25.275034782946232,25.36722755432129,113715600,0.0,0.0
2016-11-21 00:00:00-05:00,25.38105269121837,25.812059260577815,25.355699156730868,25.752134323120117,117058400,0.0,0.0
2016-11-22 00:00:00-05:00,25.80284571837369,25.911174162463393,25.67607977450669,25.768274307250977,103862000,0.0,0.0
2016-11-23 00:00:00-05:00,25.666856697844196,25.70142986278753,25.429456994878407,25.63689422607422,109705600,0.0,0.0
2016-11-25 00:00:00-05:00,25.613845187632812,25.784405671825745,25.572357739918893,25.765966415405273,45903600,0.0,0.0
2016-11-28 00:00:00-05:00,25.682989827276327,25.92269486955125,25.673770199673733,25.71525764465332,108776000,0.0,0.0
2016-11-29 00:00:00-05:00,25.533176903566115,25.821283705165236,25.36953245127354,25.68990707397461,114115200,0.0,0.0
2016-11-30 00:00:00-05:00,25.72217412660102,25.860465035544145,25.415628076826476,25.473249435424805,144649200,0.0,0.0
2016-12-01 00:00:00-05:00,25.438677685452912,25.570054310954436,25.12982629311161,25.235849380493164,148347600,0.0,0.0
2016-12-02 00:00:00-05:00,25.162097621171156,25.3741438254999,25.088342343210527,25.330352783203125,106112000,0.0,0.0
2016-12-05 00:00:00-05:00,25.3533900425319,25.360304322098383,24.950040655491616,25.148258209228516,137298000,0.0,0.0
2016-12-06 00:00:00-05:00,25.2381497267504,25.4363672990714,25.166699819912807,25.341867446899414,104782000,0.0,0.0
2016-12-07 00:00:00-05:00,25.1828352264756,25.62767211757953,25.15978703823238,25.59079360961914,119994800,0.0,0.0
2016-12-08 00:00:00-05:00,25.551617408966116,25.913479499111155,25.491690698936363,25.842029571533203,108273200,0.0,0.0
2016-12-09 00:00:00-05:00,25.885820828842085,26.43668092434876,25.885820828842085,26.263816833496094,137610400,0.0,0.0
2016-12-12 00:00:00-05:00,26.111694973729435,26.505824854021338,25.92730592353313,26.11400032043457,105497600,0.0,0.0
2016-12-13 00:00:00-05:00,26.23846102393397,26.717871149807934,26.21771817888827,26.549617767333984,174935200,0.0,0.0
2016-12-14 00:00:00-05:00,26.515044600460172,26.782406790124753,26.50121603709637,26.549617767333984,136127200,0.0,0.0
2016-12-15 00:00:00-05:00,26.593411960157102,26.90456874048415,26.558840547644785,26.694826126098633,186098000,0.0,0.0
2016-12-16 00:00:00-05:00,26.844631878046943,26.85154615793511,26.65563394109359,26.729389190673828,177404400,0.0,0.0
2016-12-19 00:00:00-05:00,26.690216456175612,27.054382139512974,26.67869148001228,26.88382339477539,111117600,0.0,0.0
2016-12-20 00:00:00-05:00,26.906872844999217,27.082042291767106,26.8930442797291,26.95527458190918,85700000,0.0,0.0
2016-12-21 00:00:00-05:00,26.920702107152707,27.058993029794227,26.916091413268113,26.980627059936523,95132800,0.0,0.0
2016-12-22 00:00:00-05:00,26.816980648070746,26.853859162610323,26.653336196346185,26.803152084350586,104343600,0.0,0.0
2016-12-23 00:00:00-05:00,26.641811492731268,26.856163024902344,26.641811492731268,26.856163024902344,56998000,0.0,0.0
2016-12-27 00:00:00-05:00,26.856167156364123,27.151190045682746,26.84925287336983,27.0267276763916,73187600,0.0,0.0
2016-12-28 00:00:00-05:00,27.086645695129224,27.20188840474824,26.78240501207359,26.91147804260254,83623600,0.0,0.0
2016-12-29 00:00:00-05:00,26.840036022837243,26.992157298324212,26.828512802808273,26.904573440551758,60158000,0.0,0.0
2016-12-30 00:00:00-05:00,26.886129481501236,27.012895430463622,26.604936936637557,26.694826126098633,122345200,0.0,0.0
2017-01-03 00:00:00-05:00,26.690215911425863,26.81237291902027,26.450510831529634,26.770885467529297,115127600,0.0,0.0
2017-01-04 00:00:00-05:00,26.701735107099655,26.853856325809012,26.678686917179377,26.740917205810547,84472400,0.0,0.0
2017-01-05 00:00:00-05:00,26.717871832030987,26.934528708739055,26.692518292907092,26.876907348632812,88774400,0.0,0.0
2017-01-06 00:00:00-05:00,26.916092578746483,27.234163648905533,26.844642646621857,27.176542282104492,127007600,0.0,0.0
2017-01-09 00:00:00-05:00,27.185757647960976,27.52687688171069,27.183454059595714,27.42546272277832,134247600,0.0,0.0
2017-01-10 00:00:00-05:00,27.374757122388264,27.51535339269941,27.266430434042743,27.453123092651367,97848400,0.0,0.0
2017-01-11 00:00:00-05:00,27.367839033525733,27.642117253601786,27.33557121451258,27.600629806518555,110354400,0.0,0.0
2017-01-12 00:00:00-05:00,27.40471635076029,27.496910868976478,27.245680850798962,27.48538589477539,108344800,0.0,0.0
2017-01-13 00:00:00-05:00,27.45311319975986,27.57066123356314,27.383966883766433,27.436979293823242,104447600,0.0,0.0
2017-01-17 00:00:00-05:00,27.275646042762673,27.713568729126564,27.247988915463793,27.658252716064453,137759200,0.0,0.0
2017-01-18 00:00:00-05:00,27.65825398578487,27.77349671072564,27.591412994303493,27.655948638916016,94852000,0.0,0.0
2017-01-19 00:00:00-05:00,27.519962018093295,27.6789957766911,27.51304773621483,27.607545852661133,102389200,0.0,0.0
2017-01-20 00:00:00-05:00,27.761970460363955,27.761970460363955,27.596022421177622,27.658252716064453,130391600,0.0,0.0
2017-01-23 00:00:00-05:00,27.65824798657816,27.84494059777907,27.605235570879703,27.676687240600586,88200800,0.0,0.0
2017-01-24 00:00:00-05:00,27.554533213623724,27.681299142071996,27.54300823900832,27.651336669921875,92844000,0.0,0.0
2017-01-25 00:00:00-05:00,27.75505000095624,28.142265523135183,27.722782187313324,28.0915584564209,129510400,0.0,0.0
2017-01-26 00:00:00-05:00,28.043168020906318,28.22064282582457,28.027034107592353,28.10540008544922,105350400,0.0,0.0
2017-01-27 00:00:00-05:00,28.151491236448933,28.199892967378492,28.027028889002494,28.107698440551758,82251600,0.0,0.0
2017-01-30 00:00:00-05:00,27.872604073139428,28.03394317626953,27.810373778636198,28.03394317626953,121510000,0.0,0.0
2017-01-31 00:00:00-05:00,27.923309746058493,27.978625755996777,27.801152751481993,27.969406127929688,196804000,0.0,0.0
2017-02-01 00:00:00-05:00,29.27856589631015,30.07604708616391,29.273956961118845,29.67500114440918,447940000,0.0,0.0
2017-02-02 00:00:00-05:00,29.49753023916697,29.822513826611594,29.4514320916278,29.624296188354492,134841600,0.0,0.0
2017-02-03 00:00:00-05:00,29.57359140338176,29.77641975138631,29.539019988121584,29.751066207885742,98029200,0.0,0.0
2017-02-06 00:00:00-05:00,29.762584945408168,30.078348861680695,29.70957076388482,30.029945373535156,107383600,0.0,0.0
2017-02-07 00:00:00-05:00,30.08756448077676,30.44481757686772,30.066821637521187,30.315746307373047,152735200,0.0,0.0
2017-02-08 00:00:00-05:00,30.274267997672123,30.474789231859532,30.244303761049476,30.433300018310547,92016400,0.0,0.0
2017-02-09 00:00:00-05:00,30.474967338846795,30.660155853876027,30.352280698227574,30.65321159362793,113399600,0.1425,0.0
2017-02-10 00:00:00-05:00,30.662466795138403,30.773578468937934,30.5675572146001,30.583759307861328,80262000,0.0,0.0
2017-02-13 00:00:00-05:00,30.805979660619364,30.977279584405803,30.729589297262265,30.854589462280273,92141600,0.0,0.0
2017-02-14 00:00:00-05:00,30.89626957445426,31.271273735630224,30.845342647359136,31.25507164001465,132904800,0.0,0.0
2017-02-15 00:00:00-05:00,31.370811141672792,31.544424686643996,31.16247276840138,31.368494033813477,142492400,0.0,0.0
2017-02-16 00:00:00-05:00,31.40552658534985,31.45876707354349,31.213393874191286,31.331453323364258,90338400,0.0,0.0
2017-02-17 00:00:00-05:00,31.273591028911895,31.4425739068136,31.273591028911895,31.417110443115234,88792800,0.0,0.0
2017-02-21 00:00:00-05:00,31.535166651869982,31.655539711445915,31.477295464097686,31.643964767456055,98028800,0.0,0.0
2017-02-22 00:00:00-05:00,31.581455376037606,31.741180381406583,31.50738211005811,31.738866806030273,83347600,0.0,0.0
2017-02-23 00:00:00-05:00,31.8013796375104,31.824525995789664,31.55137565572372,31.604616165161133,83152800,0.0,0.0
2017-02-24 00:00:00-05:00,31.461079658092636,31.634693145751953,31.315243198162666,31.634693145751953,87106400,0.0,0.0
2017-02-27 00:00:00-05:00,31.745814120137588,31.81526024204924,31.546737121151644,31.697200775146484,81029600,0.0,0.0
2017-02-28 00:00:00-05:00,31.731924771614516,31.815259409291937,31.643959450683795,31.711091995239258,93931600,0.0,0.0
2017-03-01 00:00:00-05:00,31.919418248747473,32.44257228618946,31.85228925440144,32.35923767089844,145658400,0.0,0.0
2017-03-02 00:00:00-05:00,32.40786062585848,32.47267606453608,32.120818303017344,32.167118072509766,104844000,0.0,0.0
2017-03-03 00:00:00-05:00,32.125448875790894,32.368508536083255,32.081466214230424,32.35693359375,84432400,0.0,0.0
2017-03-06 00:00:00-05:00,32.262033067066135,32.35462909954579,32.083792327375555,32.255088806152344,87000000,0.0,0.0
2017-03-07 00:00:00-05:00,32.19026458966033,32.40323010814363,32.1277627262672,32.296749114990234,69785200,0.0,0.0
2017-03-08 00:00:00-05:00,32.16479758691862,32.36156099006867,32.13470697852033,32.17637252807617,74828800,0.0,0.0
2017-03-09 00:00:00-05:00,32.1161907865679,32.127762196632915,31.724981051170833,32.102298736572266,88623600,0.0,0.0
2017-03-10 00:00:00-05:00,32.23424183755125,32.25970529375484,32.09303604081785,32.208778381347656,78451200,0.0,0.0
2017-03-13 00:00:00-04:00,32.14165017302251,32.27590818304316,32.134705914993035,32.2226676940918,69686800,0.0,0.0
2017-03-14 00:00:00-04:00,32.24581669262619,32.32683421147691,32.139332185463424,32.17405700683594,61236400,0.0,0.0
2017-03-15 00:00:00-04:00,32.271279828529444,32.58146844952742,32.18331452053639,32.514339447021484,102767200,0.0,0.0
2017-03-16 00:00:00-04:00,32.57452161928256,32.64396772367826,32.468037121585745,32.56757736206055,76928000,0.0,0.0
2017-03-17 00:00:00-04:00,32.63934639760594,32.63934639760594,32.38239821021006,32.405548095703125,175540000,0.0,0.0
2017-03-20 00:00:00-04:00,32.50046133420929,32.75509600222119,32.461109345912426,32.7458381652832,86168000,0.0,0.0
2017-03-21 00:00:00-04:00,32.896294218172855,33.056019242634676,32.34535944560636,32.37082290649414,158119600,0.0,0.0
2017-03-22 00:00:00-04:00,32.373143052134296,32.77824135652265,32.352306740597015,32.736572265625,103440800,0.0,0.0
2017-03-23 00:00:00-04:00,32.69953067924052,32.773607485999605,32.54906702225389,32.620826721191406,81385200,0.0,0.0
2017-03-24 00:00:00-04:00,32.75509204042147,32.81064965186172,32.48888599147964,32.55601501464844,89582400,0.0,0.0
2017-03-27 00:00:00-04:00,32.26665872124432,32.690276231829365,32.0884144771652,32.611572265625,94300400,0.0,0.0
2017-03-28 00:00:00-04:00,32.61851535052202,33.34306018016378,32.55138279833644,33.287506103515625,133499200,0.0,0.0
2017-03-29 00:00:00-04:00,33.259726043365966,33.44723165146104,33.14630078035101,33.36157989501953,116760000,0.0,0.0
2017-03-30 00:00:00-04:00,33.37778090605331,33.449540601018,33.21805589097636,33.31759262084961,84829200,0.0,0.0
2017-03-31 00:00:00-04:00,33.268988770186674,33.39630608995485,33.104633042453756,33.25510025024414,78646800,0.0,0.0
2017-04-03 00:00:00-04:00,33.266667998720514,33.361574041858745,33.11388724804497,33.26435089111328,79942800,0.0,0.0
2017-04-04 00:00:00-04:00,33.16018901999621,33.53982385248082,33.141669816926616,33.512046813964844,79565600,0.0,0.0
2017-04-05 00:00:00-04:00,33.38473237227703,33.67177474628232,33.2898227729474,33.338436126708984,110871600,0.0,0.0
2017-04-06 00:00:00-04:00,33.4009332418177,33.45417727783338,33.206486898268295,33.25510025024414,84596000,0.0,0.0
2017-04-07 00:00:00-04:00,33.27128242831478,33.3754497977011,33.164801484382046,33.18100357055664,66688800,0.0,0.0
2017-04-10 00:00:00-04:00,33.241210503259545,33.306025948716794,33.079168357439556,33.14167022705078,75733600,0.0,0.0
2017-04-11 00:00:00-04:00,33.088419679563074,33.18332924308847,32.42174269191748,32.78517532348633,121517600,0.0,0.0
2017-04-12 00:00:00-04:00,32.778239130379696,32.90555290594225,32.64166045543581,32.82453536987305,81400000,0.0,0.0
2017-04-13 00:00:00-04:00,32.84999019496731,32.958788271870205,32.65091323852539,32.65091323852539,71291600,0.0,0.0
2017-04-17 00:00:00-04:00,32.7504608596611,32.84305687732368,32.60925502338047,32.83148193359375,66328400,0.0,0.0
2017-04-18 00:00:00-04:00,32.73426704962304,32.88010007456624,32.66482090184267,32.68565368652344,58790000,0.0,0.0
2017-04-19 00:00:00-04:00,32.84305781364226,32.870834853644475,32.51203278084887,32.56527328491211,69313600,0.0,0.0
2017-04-20 00:00:00-04:00,32.690267539552906,33.08379079811462,32.67637902358353,32.972679138183594,93278400,0.0,0.0
2017-04-21 00:00:00-04:00,32.97269397032078,33.02824805918825,32.83611879228482,32.93334197998047,69283600,0.0,0.0
2017-04-24 00:00:00-04:00,33.218057673208875,33.32222509188119,33.143980866576484,33.250465393066406,68537200,0.0,0.0
2017-04-25 00:00:00-04:00,33.312962556216775,33.54213013852181,33.30370119060636,33.45648193359375,75486000,0.0,0.0
2017-04-26 00:00:00-04:00,33.4425909031442,33.4726850408515,33.19027345795837,33.25971603393555,80164800,0.0,0.0
2017-04-27 00:00:00-04:00,33.31527327557354,33.370830867945195,33.174067485616035,33.285179138183594,56985200,0.0,0.0
2017-04-28 00:00:00-04:00,33.354642416060805,33.40325577593338,33.16482672571768,33.25278854370117,83441600,0.0,0.0
2017-05-01 00:00:00-04:00,33.58843010478582,34.07454583698274,33.55602238930603,33.931026458740234,134411600,0.0,0.0
2017-05-02 00:00:00-04:00,34.15324934230031,34.280566627243395,33.99121076699823,34.146305084228516,181408800,0.0,0.0
2017-05-03 00:00:00-04:00,33.70186193025296,34.141685048790784,33.396303914887014,34.042144775390625,182788000,0.0,0.0
2017-05-04 00:00:00-04:00,33.91714290626646,34.06066230551336,33.75278719730906,33.919456481933594,93487600,0.0,0.0
2017-05-05 00:00:00-04:00,33.972702438004276,34.486598892800345,33.972702438004276,34.481971740722656,109310800,0.0,0.0
2017-05-08 00:00:00-04:00,34.498171078988356,35.579204408455304,34.498171078988356,35.41947937011719,195009600,0.0,0.0
2017-05-09 00:00:00-04:00,35.61854740828749,35.85234920110843,35.521324264291295,35.64632797241211,156521600,0.0,0.0
2017-05-10 00:00:00-04:00,35.56300007932574,35.63475978023358,35.21114230191216,35.47734832763672,103222800,0.0,0.0
2017-05-11 00:00:00-04:00,35.43550416429331,35.81205966165817,35.40296268148456,35.78416442871094,109020400,0.1575,0.0
2017-05-12 00:00:00-04:00,35.958498066817725,36.35829549273668,35.95152514458997,36.28391647338867,130108000,0.0,0.0
2017-05-15 00:00:00-04:00,36.26299293399105,36.41175451441379,36.03985233673487,36.19093704223633,104038800,0.0,0.0
2017-05-16 00:00:00-04:00,36.246725051580384,36.27461674038462,35.96314772621748,36.13747787475586,80194000,0.0,0.0
2017-05-17 00:00:00-04:00,35.702817038502765,35.92828432192558,34.79862477958509,34.92414093017578,203070800,0.0,0.0
2017-05-18 00:00:00-04:00,35.16121687925797,35.64236606875507,35.12867540531496,35.45641326904297,134272800,0.0,0.0
2017-05-19 00:00:00-04:00,35.651683601410866,35.791145611314164,35.47735342896442,35.577301025390625,107843200,0.0,0.0
2017-05-22 00:00:00-04:00,35.79578397067189,35.930599686561685,35.54242505223062,35.793460845947266,91865600,0.0,0.0
2017-05-23 00:00:00-04:00,36.00498399119705,36.00498399119705,35.63540494053504,35.74930191040039,79675600,0.0,0.0
2017-05-24 00:00:00-04:00,35.75860751613567,35.83531322490579,35.48665284690894,35.64238739013672,76712000,0.0,0.0
2017-05-25 00:00:00-04:00,35.733030108877166,35.87714544126716,35.570322682071584,35.76557159423828,76942400,0.0,0.0
2017-05-26 00:00:00-04:00,35.79579069602269,35.8515776206928,35.63540639100761,35.70513916015625,87710400,0.0,0.0
2017-05-30 00:00:00-04:00,35.660983259390264,35.89574663854694,35.640064487800984,35.719093322753906,80507600,0.0,0.0
2017-05-31 00:00:00-04:00,35.78881106431102,35.83529838610963,35.419232067892445,35.5075569152832,97804800,0.0,0.0
2017-06-01 00:00:00-04:00,35.602863337343535,35.64005461881937,35.382045867058956,35.605186462402344,65616400,0.0,0.0
2017-06-02 00:00:00-04:00,35.69816195842354,36.1328239440918,35.537777672635315,36.1328239440918,111082800,0.0,0.0
2017-06-05 00:00:00-04:00,35.87483093482098,35.90039950675777,35.670285906083755,35.7795295715332,101326800,0.0,0.0
2017-06-06 00:00:00-04:00,35.7725325924925,36.216494067244376,35.744640913410194,35.90037536621094,106499600,0.0,0.0
2017-06-07 00:00:00-04:00,36.032890589655715,36.25603125611472,35.9073708613602,36.11424255371094,84278400,0.0,0.0
2017-06-08 00:00:00-04:00,36.08632731720884,36.15373338898456,35.88875180369457,36.02589416503906,85003200,0.0,0.0
2017-06-09 00:00:00-04:00,36.072387861583714,36.072387861583714,33.940912087136844,34.62893295288086,259530800,0.0,0.0
2017-06-12 00:00:00-04:00,33.87583902444526,33.95719097359517,33.12505455830104,33.801456451416016,289229200,0.0,0.0
2017-06-13 00:00:00-04:00,34.20589882874218,34.273304922515116,33.73869178214807,34.07340621948242,136661600,0.0,0.0
2017-06-14 00:00:00-04:00,34.284917789544345,34.284917789544345,33.434186096901286,33.74100875854492,126124800,0.0,0.0
2017-06-15 00:00:00-04:00,33.313327947296735,33.582955857707404,33.0553192083585,33.53879165649414,128661600,0.0,0.0
2017-06-16 00:00:00-04:00,33.42026225333254,33.58761953405943,33.05300619544616,33.069278717041016,201444400,0.0,0.0
2017-06-19 00:00:00-04:00,33.39235517743325,34.10827131601017,33.39235517743325,34.01529312133789,130165600,0.0,0.0
2017-06-20 00:00:00-04:00,34.13848894224757,34.13848894224757,33.68988108624399,33.70615005493164,99600400,0.0,0.0
2017-06-21 00:00:00-04:00,33.82470349742875,33.952546334167245,33.61318203543929,33.90605545043945,85063200,0.0,0.0
2017-06-22 00:00:00-04:00,33.88280316881265,34.09897081550515,33.73171493652523,33.85026168823242,76425200,0.0,0.0
2017-06-23 00:00:00-04:00,33.734049390152606,34.20590274079534,33.729399592781235,34.0013542175293,141757600,0.0,0.0
2017-06-26 00:00:00-04:00,34.20822036352045,34.466229101408445,33.79215400799219,33.89442825317383,102769600,0.0,0.0
2017-06-27 00:00:00-04:00,33.70615740465239,33.9734658045752,33.3830656179159,33.408634185791016,99047600,0.0,0.0
2017-06-28 00:00:00-04:00,33.58527485886983,33.961826725520176,33.27612906773838,33.89674377441406,88329600,0.0,0.0
2017-06-29 00:00:00-04:00,33.63641597886493,33.734040417159235,33.07158456481652,33.39699935913086,125997600,0.0,0.0
2017-06-30 00:00:00-04:00,33.57599129996798,33.69453808996659,33.420256767833905,33.476043701171875,92096400,0.0,0.0
2017-07-03 00:00:00-04:00,33.67593983865184,33.77356430436874,33.26219653533707,33.35517120361328,57111200,0.0,0.0
2017-07-05 00:00:00-04:00,33.399327295237754,33.65500934423604,33.17386005537008,33.49230194091797,86278400,0.0,0.0
2017-07-06 00:00:00-04:00,33.243591423255054,33.35516170275818,33.101802789129216,33.17618179321289,96515200,0.0,0.0
2017-07-07 00:00:00-04:00,33.215702390068536,33.64571816878647,33.215702390068536,33.51322555541992,76806800,0.0,0.0
2017-07-10 00:00:00-04:00,33.49696733521027,33.9246565793029,33.32496025917524,33.7177848815918,84362400,0.0,0.0
2017-07-11 00:00:00-04:00,33.6410734739515,33.90140894318448,33.5597215215558,33.8270263671875,79127200,0.0,0.0
2017-07-12 00:00:00-04:00,33.906050232366475,33.97810612559624,33.66199086413815,33.87583541870117,99538000,0.0,0.0
2017-07-13 00:00:00-04:00,33.82004656011226,34.515043982750065,33.80610071664055,34.347686767578125,100797600,0.0,0.0
2017-07-14 00:00:00-04:00,34.394170362066625,34.710289117889154,34.2454088032534,34.642879486083984,80528400,0.0,0.0
2017-07-17 00:00:00-04:00,34.591752319997376,35.07522481560062,34.53364226990741,34.763755798339844,95174000,0.0,0.0
2017-07-18 00:00:00-04:00,34.6800759770434,34.896247200165746,34.5568829588818,34.88462448120117,71475200,0.0,0.0
2017-07-19 00:00:00-04:00,34.97760300729341,35.196097379667826,34.854409975508894,35.10312271118164,83692000,0.0,0.0
2017-07-20 00:00:00-04:00,35.21468453970198,35.2704714554087,34.91018849499136,34.94505310058594,68974800,0.0,0.0
2017-07-21 00:00:00-04:00,34.86369284129157,34.968290179837226,34.6056841812765,34.928775787353516,105010400,0.0,0.0
2017-07-24 00:00:00-04:00,35.00083476957494,35.43317354791594,34.84277363881072,35.3518180847168,85972800,0.0,0.0
2017-07-25 00:00:00-04:00,35.28442388288951,35.75860034124977,35.28442388288951,35.5029182434082,75415600,0.0,0.0
2017-07-26 00:00:00-04:00,35.6447157004753,35.77952793168282,35.57730603811461,35.670284271240234,63124000,0.0,0.0
2017-07-27 00:00:00-04:00,35.737677673784596,35.79346459381474,34.23843922218672,34.996192932128906,129905200,0.0,0.0
2017-07-28 00:00:00-04:00,34.840468448907586,34.91949728159327,34.67776098550861,34.74981689453125,68854800,0.0,0.0
2017-07-31 00:00:00-04:00,34.84278591780521,34.94273705200964,34.43136930145214,34.570831298828125,79383600,0.0,0.0
2017-08-01 00:00:00-04:00,34.65683374347769,34.91716562128409,34.49644944491631,34.87765121459961,141474400,0.0,0.0
2017-08-02 00:00:00-04:00,37.023068004924326,37.132315162695846,36.297855848445586,36.5256462097168,279747200,0.0,0.0
2017-08-03 00:00:00-04:00,36.504731301549455,36.541922581900096,36.032878015712306,36.16072082519531,108389200,0.0,0.0
2017-08-04 00:00:00-04:00,36.27693173485955,36.58607397761046,36.18860335307083,36.35131072998047,82239600,0.0,0.0
2017-08-07 00:00:00-04:00,36.507040565818535,36.93937928216939,36.41638907110405,36.91381072998047,87481200,0.0,0.0
2017-08-08 00:00:00-04:00,36.86502718411339,37.61580824160326,36.788321471601,37.20903778076172,144823600,0.0,0.0
2017-08-09 00:00:00-04:00,37.01842788168521,37.485634990292006,36.9835632676502,37.43682098388672,104526000,0.0,0.0
2017-08-10 00:00:00-04:00,37.31313037326552,37.33646708946963,36.08336305219785,36.24437713623047,163217200,0.1575,0.0
2017-08-11 00:00:00-04:00,36.54307254536707,37.00277813104265,36.41939576959479,36.74842071533203,105028400,0.0,0.0
2017-08-14 00:00:00-04:00,37.17780253158527,37.38548656397579,37.0447896093712,37.30147933959961,88490800,0.0,0.0
2017-08-15 00:00:00-04:00,37.49049789779634,37.849859990043065,37.3691533276534,37.7098503112793,117862000,0.0,0.0
2017-08-16 00:00:00-04:00,37.789191105392135,37.922200483954256,37.37148717823052,37.558170318603516,110686400,0.0,0.0
2017-08-17 00:00:00-04:00,37.45782075421376,37.50215838942201,36.83243292614835,36.837100982666016,111762400,0.0,0.0
2017-08-18 00:00:00-04:00,36.837100933268594,37.21979967147585,36.57107868305969,36.75309371948242,109712400,0.0,0.0
2017-08-21 00:00:00-04:00,36.753095604496394,36.84410312737541,36.19538210568727,36.6854248046875,105474000,0.0,0.0
2017-08-22 00:00:00-04:00,36.923443139395175,37.33647893460074,36.87444100477661,37.28514099121094,86418400,0.0,0.0
2017-08-23 00:00:00-04:00,37.119469070742056,37.44616189620889,37.07513142428197,37.331817626953125,77596400,0.0,0.0
2017-08-24 00:00:00-04:00,37.43681681619273,37.509159230858835,36.99811563571494,37.16613006591797,79275600,0.0,0.0
2017-08-25 00:00:00-04:00,37.254789184976026,37.46714117924809,37.16611750394451,37.303794860839844,101920400,0.0,0.0
2017-08-28 00:00:00-04:00,37.36914451678862,37.80318118392024,37.32013882633084,37.67950439453125,103864000,0.0,0.0
2017-08-29 00:00:00-04:00,37.35980466916597,38.06452793807614,37.33646795242248,38.015525817871094,118067600,0.0,0.0
2017-08-30 00:00:00-04:00,38.223214140132114,38.244215051187865,37.94552355833903,38.11820602416992,109078400,0.0,0.0
2017-08-31 00:00:00-04:00,38.18588642019916,38.39123820845164,38.14854908402883,38.269893646240234,107140400,0.0,0.0
2017-09-01 00:00:00-04:00,38.45656606993318,38.48923533982436,38.18354355141044,38.281551361083984,66364400,0.0,0.0
2017-09-05 00:00:00-04:00,38.21155656380698,38.32823307239875,37.46715986928192,37.82185745239258,117874000,0.0,0.0
2017-09-06 00:00:00-04:00,37.968863877030955,38.03420242474273,37.45782029546227,37.78218078613281,86606800,0.0,0.0
2017-09-07 00:00:00-04:00,37.824180362486686,37.85918544283266,37.42048073941826,37.630496978759766,87714000,0.0,0.0
2017-09-08 00:00:00-04:00,37.53715695242767,37.60482774352189,36.99344413320669,37.016780853271484,114446000,0.0,0.0
2017-09-11 00:00:00-04:00,37.453151395815446,37.81484920865944,37.31080594278718,37.68650436401367,126323200,0.0,0.0
2017-09-12 00:00:00-04:00,37.94553437671477,38.260562375100164,37.04945964269492,37.537166595458984,286856000,0.0,0.0
2017-09-13 00:00:00-04:00,37.30614446546657,37.32714894242823,36.84877456112257,37.25480651855469,179629600,0.0,0.0
2017-09-14 00:00:00-04:00,37.10079802552943,37.19647005785129,36.89077817058727,36.935115814208984,95042800,0.0,0.0
2017-09-15 00:00:00-04:00,36.979446938791725,37.56282938742454,36.86977075359405,37.308475494384766,196458400,0.0,0.0
2017-09-18 00:00:00-04:00,37.362155812802925,37.45316335703749,36.869780750230056,37.026126861572266,113077600,0.0,0.0
2017-09-19 00:00:00-04:00,37.22213805225208,37.28281211484577,36.972452178351986,37.040122985839844,83242400,0.0,0.0
2017-09-20 00:00:00-04:00,36.846435917023044,36.93044313635267,35.89669109360044,36.419403076171875,211805600,0.0,0.0
2017-09-21 00:00:00-04:00,36.35640714543908,36.35640714543908,35.64467960646271,35.79402542114258,150046800,0.0,0.0
2017-09-22 00:00:00-04:00,35.36231382169076,35.53266408390223,35.1336288672463,35.44398880004883,186581600,0.0,0.0
2017-09-25 00:00:00-04:00,35.00061334196507,35.42998195330282,34.80692994908598,35.131290435791016,177549200,0.0,0.0
2017-09-26 00:00:00-04:00,35.41831561123845,35.91769085435358,35.39731469725175,35.73567581176758,146640000,0.0,0.0
2017-09-27 00:00:00-04:00,35.88968070297916,36.10436496744996,35.82900666342926,35.990020751953125,102016800,0.0,0.0
2017-09-28 00:00:00-04:00,35.91069800068509,36.00170554086095,35.63300732251947,35.76835250854492,88022000,0.0,0.0
2017-09-29 00:00:00-04:00,35.752022159334864,35.966706536864514,35.46966340369617,35.96437072753906,105199200,0.0,0.0
2017-10-02 00:00:00-04:00,35.99703695947117,36.04137460467565,35.63767486163443,35.89202880859375,74795200,0.0,0.0
2017-10-03 00:00:00-04:00,35.9386941667219,36.19071583343296,35.91536100318529,36.048370361328125,64921200,0.0,0.0
2017-10-04 00:00:00-04:00,35.850026605282906,35.9036968043932,35.5770039915245,35.81502151489258,80655200,0.0,0.0
2017-10-05 00:00:00-04:00,35.978360627753474,36.272387660414424,35.94802716171929,36.260719299316406,85135200,0.0,0.0
2017-10-06 00:00:00-04:00,36.16271247830708,36.284057027860996,36.06703689960718,36.23971939086914,69630400,0.0,0.0
2017-10-09 00:00:00-04:00,36.35873760849827,36.57342198401405,36.284066485168175,36.36573791503906,65051600,0.0,0.0
2017-10-10 00:00:00-04:00,36.41706373948242,36.86976906864224,36.193046883427996,36.37972640991211,62468000,0.0,0.0
2017-10-11 00:00:00-04:00,36.39606505980196,36.63175029089218,36.34472711866406,36.531410217285156,67622400,0.0,0.0
2017-10-12 00:00:00-04:00,36.484735871459215,36.72275332142957,36.34005461836037,36.40306091308594,64500400,0.0,0.0
2017-10-13 00:00:00-04:00,36.57341636197733,36.701761229970984,36.498745250125616,36.634090423583984,65576800,0.0,0.0
2017-10-16 00:00:00-04:00,36.846434031375175,37.3364767125003,36.788095786511896,37.308475494384766,96486000,0.0,0.0
2017-10-17 00:00:00-04:00,37.28514141116722,37.53949532220988,37.15679655124711,37.4461555480957,75989200,0.0,0.0
2017-10-18 00:00:00-04:00,37.43448945770484,37.50216382462566,37.24314184095446,37.28047561645508,65496800,0.0,0.0
2017-10-19 00:00:00-04:00,36.578082157106444,36.655089073140346,36.17438247064158,36.398399353027344,170336800,0.0,0.0
2017-10-20 00:00:00-04:00,36.54540628427304,36.811428509521484,36.39372828838043,36.46139907836914,95896400,0.0,0.0
2017-10-23 00:00:00-04:00,36.61074819190047,36.797431284478705,36.28638769831077,36.44273376464844,87937200,0.0,0.0
2017-10-24 00:00:00-04:00,36.4707367962146,36.73442681112196,36.44973588193455,36.65975570678711,71028800,0.0,0.0
2017-10-25 00:00:00-04:00,36.6154176421194,36.764763409729866,36.23271889007482,36.498741149902344,84828400,0.0,0.0
2017-10-26 00:00:00-04:00,36.69008461231614,36.830097811477216,36.58507649328712,36.73208999633789,68002000,0.0,0.0
2017-10-27 00:00:00-04:00,37.17080052105302,38.176555015563785,37.0331230955509,38.04821014404297,177816800,0.0,0.0
2017-10-30 00:00:00-04:00,38.24422780971171,39.21964532323576,38.20455822203345,38.90461730957031,178803200,0.0,0.0
2017-10-31 00:00:00-04:00,39.1799692253035,39.58833699562369,38.95595232813968,39.44599151611328,144187200,0.0,0.0
2017-11-01 00:00:00-04:00,39.63966183531107,39.655998249850384,38.64557961640734,38.944271087646484,134551200,0.0,0.0
2017-11-02 00:00:00-04:00,38.87660407591348,39.319973270116144,38.56857646342304,39.228965759277344,165573600,0.0,0.0
2017-11-03 00:00:00-04:00,40.60341690726902,40.66408739781304,39.9313592121437,40.253387451171875,237594400,0.0,0.0
2017-11-06 00:00:00-05:00,40.223053663145954,40.83444091693834,40.07137564423533,40.66175842285156,140105200,0.0,0.0
2017-11-07 00:00:00-05:00,40.58241843039198,40.895110575377075,40.51007957483256,40.79243469238281,97446000,0.0,0.0
2017-11-08 00:00:00-05:00,40.75741968510725,41.12611770629883,40.680412798337855,41.12611770629883,97638000,0.0,0.0
2017-11-09 00:00:00-05:00,40.86244289963009,41.09346364541121,40.40273721684441,41.0421257019043,117930400,0.0,0.0
2017-11-10 00:00:00-05:00,41.00932930372865,41.07256209502651,40.81260903467254,40.90628433227539,100582000,0.1575,0.0
2017-11-13 00:00:00-05:00,40.632296307402896,40.866488216955645,40.60887568705364,40.742366790771484,67928400,0.0,0.0
2017-11-14 00:00:00-05:00,40.524552087149495,40.627597062571766,40.08895514689948,40.126426696777344,99130000,0.0,0.0
2017-11-15 00:00:00-05:00,39.805594787760256,39.887563376509604,39.433230550038594,39.597164154052734,116632400,0.0,0.0
2017-11-16 00:00:00-05:00,40.08896078074791,40.25055373550721,39.88287437442496,40.070228576660156,94550000,0.0,0.0
2017-11-17 00:00:00-05:00,40.05618227209245,40.138150869082004,39.728315031104074,39.84775161743164,87598000,0.0,0.0
2017-11-20 00:00:00-05:00,39.88053653832911,39.94376935104812,39.70957745422116,39.80793762207031,65049600,0.0,0.0
2017-11-21 00:00:00-05:00,39.99529205468322,40.679131968027136,39.99529205468322,40.5479850769043,100525200,0.0,0.0
2017-11-22 00:00:00-05:00,40.5994966517589,40.9835711181554,40.52689775467844,40.974205017089844,102355600,0.0,0.0
2017-11-24 00:00:00-05:00,41.00699714198535,41.10067245893679,40.901607943559625,40.9765510559082,56106800,0.0,0.0
2017-11-27 00:00:00-05:00,40.99528013355327,41.00230560250214,40.594810536049096,40.77045440673828,82867200,0.0,0.0
2017-11-28 00:00:00-05:00,40.819644513635296,40.953132024129054,40.24821576706764,40.53158950805664,105715200,0.0,0.0
2017-11-29 00:00:00-05:00,40.42855217952023,40.49646626379596,39.147522094840824,39.69084548950195,166665600,0.0,0.0
2017-11-30 00:00:00-05:00,39.913305562766205,40.31377510109918,39.4472661817599,40.2458610534668,166108800,0.0,0.0
2017-12-01 00:00:00-05:00,39.80090877668901,40.20371909095955,39.461331269776544,40.05852127075195,159037200,0.0,0.0
2017-12-04 00:00:00-05:00,40.39340616744277,40.426192880970966,39.72596159058653,39.76577377319336,130169600,0.0,0.0
2017-12-05 00:00:00-05:00,39.59247031138055,40.16858378701708,39.437902845541025,39.728302001953125,109400800,0.0,0.0
2017-12-06 00:00:00-05:00,39.227136350163626,39.85945365424555,38.98357838933744,39.58076477050781,114240000,0.0,0.0
2017-12-07 00:00:00-05:00,39.58544083432115,39.915652139685264,39.5573389610079,39.653358459472656,102693200,0.0,0.0
2017-12-08 00:00:00-05:00,39.92737070272112,40.046807262488294,39.53627073312778,39.66507339477539,93420800,0.0,0.0
2017-12-11 00:00:00-05:00,39.625258391774615,40.48942684830083,39.529238880275294,40.437904357910156,141095200,0.0,0.0
2017-12-12 00:00:00-05:00,40.316128576157915,40.372335910833776,40.1545391892479,40.21074295043945,77636800,0.0,0.0
2017-12-13 00:00:00-05:00,40.39809759610526,40.64165556869939,40.28100166104409,40.344234466552734,95273600,0.0,0.0
2017-12-14 00:00:00-05:00,40.37466852907948,40.545631131394195,40.19902466325085,40.332515716552734,81906000,0.0,0.0
2017-12-15 00:00:00-05:00,40.66274239915993,40.78920445798504,40.3887382938014,40.742366790771484,160677200,0.0,0.0
2017-12-18 00:00:00-05:00,40.95547766412017,41.498800974754296,40.95079282588203,41.316131591796875,117684400,0.0,0.0
2017-12-19 00:00:00-05:00,40.990598338583446,41.074907545710694,40.77045743255763,40.8758430480957,109745600,0.0,0.0
2017-12-20 00:00:00-05:00,40.953125602143956,41.08193182784955,40.57373596777827,40.83134841918945,93902400,0.0,0.0
2017-12-21 00:00:00-05:00,40.78921101845626,41.22246755020712,40.77281944036334,40.985931396484375,83799600,0.0,0.0
2017-12-22 00:00:00-05:00,40.908647625083574,41.08195095248102,40.86649478985706,40.985931396484375,65397600,0.0,0.0
2017-12-26 00:00:00-05:00,39.99997290231888,40.15688102950606,39.73767557275851,39.946109771728516,132742000,0.0,0.0
2017-12-27 00:00:00-05:00,39.83602909270045,39.995277811355756,39.74469442794614,39.953125,85992800,0.0,0.0
2017-12-28 00:00:00-05:00,40.046804537750475,40.24586903063577,39.92502378068592,40.0655403137207,65920800,0.0,0.0
2017-12-29 00:00:00-05:00,39.934399405467246,39.95079097845605,39.62994925418604,39.63228988647461,103999600,0.0,0.0
2018-01-02 00:00:00-05:00,39.850091435107856,40.35126191884801,39.63931659755379,40.34189224243164,102223600,0.0,0.0
2018-01-03 00:00:00-05:00,40.405112383133705,40.87818083627618,40.27162491067019,40.33485412597656,118071600,0.0,0.0
2018-01-04 00:00:00-05:00,40.40746910809244,40.62526943467592,40.299742834565635,40.52222442626953,89738400,0.0,0.0
2018-01-05 00:00:00-05:00,40.618246539949574,41.07023522319272,40.52691183552046,40.983585357666016,94640000,0.0,0.0
2018-01-08 00:00:00-05:00,40.83134841918945,41.126428848864556,40.73298470248056,40.83134841918945,82271200,0.0,0.0
2018-01-09 00:00:00-05:00,40.87819028123188,40.997626844556606,40.61121170113573,40.82666778564453,86336000,0.0,0.0
2018-01-10 00:00:00-05:00,40.55265313977013,40.819631650108875,40.51518159395476,40.81728744506836,95839600,0.0,0.0
2018-01-11 00:00:00-05:00,40.88755560589044,41.09833042205364,40.86413856419507,41.04914855957031,74670800,0.0,0.0
2018-01-12 00:00:00-05:00,41.2599184636559,41.536266705175215,41.13579706889646,41.4730339050293,101672400,0.0,0.0
2018-01-16 00:00:00-05:00,41.66273032986267,42.01167748658843,41.25055394405002,41.262264251708984,118263600,0.0,0.0
2018-01-17 00:00:00-05:00,41.252898636063065,41.97889490055717,40.99997454785581,41.94376754760742,137547200,0.0,0.0
2018-01-18 00:00:00-05:00,42.006992937085954,42.17795556841482,41.7446991964493,41.981231689453125,124773600,0.0,0.0
2018-01-19 00:00:00-05:00,41.829003993975064,42.056170360899095,41.547974505316795,41.79387664794922,129700400,0.0,0.0
2018-01-22 00:00:00-05:00,41.52221979392465,41.63463089237908,41.358286197536025,41.451961517333984,108434400,0.0,0.0
2018-01-23 00:00:00-05:00,41.52221877162652,42.023389224523754,41.40980767593971,41.461326599121094,130756400,0.0,0.0
2018-01-24 00:00:00-05:00,41.510504321279925,41.52221462816889,40.56202663901651,40.8009033203125,204420400,0.0,0.0
2018-01-25 00:00:00-05:00,40.86882172505862,40.9718667190559,39.93673908810159,40.07257080078125,166116000,0.0,0.0
2018-01-26 00:00:00-05:00,40.28100745555258,40.28100745555258,39.82667459040098,40.16625213623047,156572000,0.0,0.0
2018-01-29 00:00:00-05:00,39.850083072126374,39.850083072126374,39.126431167404846,39.334861755371094,202561600,0.0,0.0
2018-01-30 00:00:00-05:00,38.76577904303612,39.19669121606022,38.571399366691885,39.1030158996582,184192800,0.0,0.0
2018-01-31 00:00:00-05:00,39.07959607542636,39.44727902539494,38.99294622732507,39.21074295043945,129915600,0.0,0.0
2018-02-01 00:00:00-05:00,39.14984837452473,39.48942581837823,39.05382886516062,39.29270553588867,188923200,0.0,0.0
2018-02-02 00:00:00-05:00,38.87583871051159,39.06319286477697,37.49410852308551,37.58778381347656,346375200,0.0,0.0
2018-02-05 00:00:00-05:00,37.259926352819406,38.37936315766333,36.533930157475886,36.648685455322266,290954000,0.0,0.0
2018-02-06 00:00:00-05:00,36.259921731587134,38.341886972498564,36.065542082454556,38.180294036865234,272975200,0.0,0.0
2018-02-07 00:00:00-05:00,38.19434637791094,38.26694527664845,37.25289775278819,37.36296463012695,206434400,0.0,0.0
2018-02-08 00:00:00-05:00,37.5386155259692,37.7048933359953,36.30676750219174,36.334869384765625,217562000,0.0,0.0
2018-02-09 00:00:00-05:00,36.934494560946916,37.127312992655,35.328442140260165,36.779296875,282690400,0.1575,0.0
2018-02-12 00:00:00-05:00,37.27075387708362,38.53819451209446,37.037957340347475,38.26072311401367,243278000,0.0,0.0
2018-02-13 00:00:00-05:00,38.08200439585714,38.740415822437974,38.0114596737139,38.644004821777344,130196800,0.0,0.0
2018-02-14 00:00:00-05:00,38.33830944638612,39.39646940475881,38.300688708120006,39.35649490356445,162579600,0.0,0.0
2018-02-15 00:00:00-05:00,39.92555581137809,40.70154062338429,39.73979150085741,40.67802810668945,204588800,0.0,0.0
2018-02-16 00:00:00-05:00,40.529874914016396,41.108337225733806,40.3911392578911,40.54633331298828,160704400,0.0,0.0
2018-02-20 00:00:00-05:00,40.45698268440411,40.976654782310895,40.308839143672124,40.40995407104492,135722000,0.0,0.0
2018-02-21 00:00:00-05:00,40.64039642899439,40.9437340323257,40.212427798685475,40.226539611816406,149886400,0.0,0.0
2018-02-22 00:00:00-05:00,40.39819560728738,40.90375947481818,40.377033269700284,40.56279754638672,123967600,0.0,0.0
2018-02-23 00:00:00-05:00,40.83792303213014,41.30351244871162,40.807352815892024,41.26824188232422,135249600,0.0,0.0
2018-02-26 00:00:00-05:00,41.46812617400968,42.1829706355602,41.43520577620251,42.08420944213867,152648800,0.0,0.0
2018-02-27 00:00:00-05:00,42.114766828451785,42.43926676848997,41.89372840137815,41.947811126708984,155712400,0.0,0.0
2018-02-28 00:00:00-05:00,42.15238633749347,42.472185918568314,41.867860906039354,41.88431930541992,151128400,0.0,0.0
2018-03-01 00:00:00-05:00,41.98309066020018,42.27467386282315,40.600430490213576,41.150672912597656,195208000,0.0,0.0
2018-03-02 00:00:00-05:00,40.63334492430652,41.4563582618264,40.55104215533317,41.43519592285156,153816000,0.0,0.0
2018-03-05 00:00:00-05:00,41.200042324937854,41.79496300751792,41.037790577315505,41.57862854003906,113605600,0.0,0.0
2018-03-06 00:00:00-05:00,41.83494866712595,41.914897680952514,41.41638784408837,41.543365478515625,95154000,0.0,0.0
2018-03-07 00:00:00-05:00,41.136575384349925,41.35055980028667,40.97902748335783,41.157737731933594,126814000,0.0,0.0
2018-03-08 00:00:00-05:00,41.2635264092505,41.64916670884901,41.167119025390285,41.606842041015625,95096400,0.0,0.0
2018-03-09 00:00:00-05:00,41.84669599490634,42.326393542983574,41.712660693088196,42.32168960571289,128740800,0.0,0.0
2018-03-12 00:00:00-04:00,42.39458863897228,42.88839804722147,42.37578006415326,42.73085021972656,128828400,0.0,0.0
2018-03-13 00:00:00-04:00,42.93541891114457,43.14940318863499,42.1476799158457,42.3193359375,126774000,0.0,0.0
2018-03-14 00:00:00-04:00,42.40164486567859,42.44867347719776,41.81142448874584,41.95956802368164,117473600,0.0,0.0
2018-03-15 00:00:00-04:00,41.973690150568764,42.38284674121502,41.87257878171579,42.00896072387695,90975200,0.0,0.0
2018-03-16 00:00:00-04:00,42.008945453574206,42.119464660505,41.76674470342024,41.86080551147461,157618800,0.0,0.0
2018-03-19 00:00:00-04:00,41.696215457943815,41.731486028476525,40.83557765640605,41.22121810913086,133787200,0.0,0.0
2018-03-20 00:00:00-04:00,41.20711135864258,41.57393965755342,41.13656662699339,41.20711135864258,78597600,0.0,0.0
2018-03-21 00:00:00-04:00,41.16007137335858,41.17182942442222,40.271217251359516,40.2735710144043,148219600,0.0,0.0
2018-03-22 00:00:00-04:00,39.974930763868414,40.60512206776271,39.64572688691664,39.70451354980469,165963200,0.0,0.0
2018-03-23 00:00:00-04:00,39.596354463690304,39.95612864394828,38.785099029541016,38.785099029541016,164115200,0.0,0.0
2018-03-26 00:00:00-04:00,39.521093363757466,40.70388055191231,39.13780323256384,40.62628173828125,150164800,0.0,0.0
2018-03-27 00:00:00-04:00,40.840277246909274,41.185943183911476,39.250686842203656,39.5845947265625,163690400,0.0,0.0
2018-03-28 00:00:00-04:00,39.328288402944224,39.979645813435894,38.84388674020141,39.14722442626953,166674000,0.0,0.0
2018-03-29 00:00:00-04:00,39.45996549061165,40.386444023671224,39.24598114149307,39.452911376953125,153594000,0.0,0.0
2018-04-02 00:00:00-04:00,39.18484391069471,39.72568201023475,38.67457602874525,39.19424819946289,150347200,0.0,0.0
2018-04-03 00:00:00-04:00,39.41998400778011,39.68099693111579,38.77098054967254,39.596343994140625,121112000,0.0,0.0
2018-04-04 00:00:00-04:00,38.77097971927465,40.447572847156515,38.745113444973654,40.353515625,138422000,0.0,0.0
2018-04-05 00:00:00-04:00,40.58160638188251,40.969596891380746,40.464033065300875,40.633338928222656,107732800,0.0,0.0
2018-04-06 00:00:00-04:00,40.20303085074771,40.55810106955422,39.55167349900567,39.59400177001953,140021200,0.0,0.0
2018-04-09 00:00:00-04:00,39.946731262871005,40.70155032530612,39.9396771473757,39.9867057800293,116070800,0.0,0.0
2018-04-10 00:00:00-04:00,40.68037958406611,40.91552628686418,40.33471364390863,40.739166259765625,113634400,0.0,0.0
2018-04-11 00:00:00-04:00,40.499304608294715,40.89670300207712,40.37467717673672,40.54868698120117,89726400,0.0,0.0
2018-04-12 00:00:00-04:00,40.77678069036118,41.150662995876694,40.68977399157953,40.94843673706055,91557200,0.0,0.0
2018-04-13 00:00:00-04:00,41.098950591058646,41.348205583572394,40.88026582564539,41.08719253540039,100497200,0.0,0.0
2018-04-16 00:00:00-04:00,41.157726513426766,41.43049754589345,41.11069789115241,41.3434944152832,86313600,0.0,0.0
2018-04-17 00:00:00-04:00,41.50104512758635,42.07715386319057,41.48223295977202,41.91255187988281,106421600,0.0,0.0
2018-04-18 00:00:00-04:00,41.81142351845371,42.04892392140155,41.59273886534057,41.818477630615234,83018000,0.0,0.0
2018-04-19 00:00:00-04:00,40.859077686749785,41.24236784698282,40.60041854310192,40.633338928222656,139235200,0.0,0.0
2018-04-20 00:00:00-04:00,40.116018813040874,40.26180858382198,38.900307508758615,38.968502044677734,261964400,0.0,0.0
2018-04-23 00:00:00-04:00,39.22951508515344,39.25067742200016,38.58521198830198,38.85563278198242,146062000,0.0,0.0
2018-04-24 00:00:00-04:00,38.95675744554006,39.1119551449554,37.91035523836867,38.3148078918457,134768000,0.0,0.0
2018-04-25 00:00:00-04:00,38.23955349982821,38.89796494806505,38.19017470434135,38.481754302978516,113528400,0.0,0.0
2018-04-26 00:00:00-04:00,38.59226759085532,38.97085384618492,38.415907600882896,38.61578369140625,111852000,0.0,0.0
2018-04-27 00:00:00-04:00,38.564047147324764,38.641645965443644,37.77160415594993,38.169002532958984,142623200,0.0,0.0
2018-04-30 00:00:00-04:00,38.12432968710872,39.33062963053425,38.05613514540948,38.86033630371094,169709600,0.0,0.0
2018-05-01 00:00:00-04:00,39.13075300255163,39.786810545703396,38.86268597798759,39.76329803466797,214277600,0.0,0.0
2018-05-02 00:00:00-04:00,41.20474482983506,41.79731536883284,40.86848685602493,41.51984405517578,266157600,0.0,0.0
2018-05-03 00:00:00-04:00,41.357603523058685,41.73854003605556,41.01899169459304,41.59510040283203,136272800,0.0,0.0
2018-05-04 00:00:00-04:00,41.91489748833844,43.32577762819836,41.89608532257385,43.22701644897461,224805200,0.0,0.0
2018-05-07 00:00:00-04:00,43.544460939850644,44.12997747093147,43.4433495886489,43.53976058959961,169805600,0.0,0.0
2018-05-08 00:00:00-04:00,43.49978380003416,43.78901319964565,43.18938847318987,43.74903869628906,113611200,0.0,0.0
2018-05-09 00:00:00-04:00,43.86662248516598,44.066495049580375,43.553876908789505,44.057090759277344,92844800,0.0,0.0
2018-05-10 00:00:00-04:00,44.14644419035238,44.76487759165738,44.1252782597407,44.687278747558594,111957200,0.0,0.0
2018-05-11 00:00:00-04:00,44.72976132331238,44.8643098921221,44.24821035668282,44.517311096191406,104848800,0.1825,0.0
2018-05-14 00:00:00-04:00,44.61646590993839,44.739214725183906,44.345005855071946,44.41345977783203,83115200,0.0,0.0
2018-05-15 00:00:00-04:00,44.090049611869624,44.15850710848081,43.69348166612134,44.00979232788086,94780800,0.0,0.0
2018-05-16 00:00:00-04:00,43.92246672462898,44.48663432032754,43.905941254389596,44.420536041259766,76732400,0.0,0.0
2018-05-17 00:00:00-04:00,44.378045851766245,44.592855342417124,43.99091836181578,44.13963317871094,69176000,0.0,0.0
2018-05-18 00:00:00-04:00,44.18685420429236,44.333206218252684,43.93663807646711,43.9791259765625,73190800,0.0,0.0
2018-05-21 00:00:00-04:00,44.37804907404696,44.67783796727846,44.12075167525206,44.29071044921875,73603200,0.0,0.0
2018-05-22 00:00:00-04:00,44.46774928606091,44.58577600899714,44.09006233190905,44.17976379394531,60962800,0.0,0.0
2018-05-23 00:00:00-04:00,43.988558042632555,44.49607147546965,43.84928378174547,44.4630241394043,80233600,0.0,0.0
2018-05-24 00:00:00-04:00,44.55981538127905,44.57633725150797,43.95551906297832,44.41345977783203,92936000,0.0,0.0
2018-05-25 00:00:00-04:00,44.432325861706495,44.76752122268888,44.29541447169025,44.51494598388672,69844000,0.0,0.0
2018-05-29 00:00:00-04:00,44.283633250305584,44.555093305183746,44.11131162058554,44.35444641113281,90056400,0.0,0.0
2018-05-30 00:00:00-04:00,44.311945617740975,44.37804028320312,44.090054840022695,44.260013580322266,74762000,0.0,0.0
2018-05-31 00:00:00-04:00,44.19391391615182,44.43232653232457,43.93897583453814,44.11129379272461,109931200,0.0,0.0
2018-06-01 00:00:00-04:00,44.375690484564544,44.91152923625673,44.31903635845127,44.90681076049805,93770000,0.0,0.0
2018-06-04 00:00:00-04:00,45.23728046579235,45.657455294973495,45.16882655397974,45.28213119506836,105064800,0.0,0.0
2018-06-05 00:00:00-04:00,45.574842090997706,45.780207443365335,45.40724255383238,45.631492614746094,86264000,0.0,0.0
2018-06-06 00:00:00-04:00,45.70702960425292,45.81325293388397,45.30337662938726,45.78964614868164,83734400,0.0,0.0
2018-06-07 00:00:00-04:00,45.827411418877574,45.84157404796199,45.402514536898195,45.66689682006836,85388800,0.0,0.0
2018-06-08 00:00:00-04:00,45.12633392541683,45.32225870517114,44.7958605631141,45.251441955566406,106627200,0.0,0.0
2018-06-11 00:00:00-04:00,45.16882416048117,45.315176130877504,44.89972340097438,45.14049530029297,73234000,0.0,0.0
2018-06-12 00:00:00-04:00,45.178275431219944,45.466260965214005,45.121621299291675,45.388362884521484,67644400,0.0,0.0
2018-06-13 00:00:00-04:00,45.42140837570327,45.529994556999156,44.954023512495155,45.01539611816406,86553600,0.0,0.0
2018-06-14 00:00:00-04:00,45.21604156210974,45.22076363989936,44.90209002406459,45.03900146484375,86440400,0.0,0.0
2018-06-15 00:00:00-04:00,44.85723627067669,44.8879243714088,44.439420660720806,44.576332092285156,246876800,0.0,0.0
2018-06-18 00:00:00-04:00,44.34972064685109,44.666031386199435,44.18920243761086,44.55272674560547,73939600,0.0,0.0
2018-06-19 00:00:00-04:00,43.70292595322767,43.98383007309582,43.30399513438226,43.83275604248047,134314000,0.0,0.0
2018-06-20 00:00:00-04:00,43.98855354346587,44.18919677695168,43.84219798281191,44.02396011352539,82514800,0.0,0.0
2018-06-21 00:00:00-04:00,44.201006976374714,44.46066720310662,43.65572410212739,43.778472900390625,102847600,0.0,0.0
2018-06-22 00:00:00-04:00,43.934260540086285,43.941341854400115,43.59906512230429,43.650997161865234,108801600,0.0,0.0
2018-06-25 00:00:00-04:00,43.29219097930246,43.65099314638365,42.6619288501248,43.00184631347656,126652400,0.0,0.0
2018-06-26 00:00:00-04:00,43.19541781745774,44.0310453625436,43.08919089400755,43.53533172607422,98276800,0.0,0.0
2018-06-27 00:00:00-04:00,43.72417870729085,44.208088991008594,43.44091529303086,43.47160339355469,101141200,0.0,0.0
2018-06-28 00:00:00-04:00,43.45743710624626,43.95550997848145,43.38662035816796,43.78791046142578,69460800,0.0,0.0
2018-06-29 00:00:00-04:00,43.97439168953857,44.186841936704425,43.176533549058156,43.69585037231445,90950800,0.0,0.0
2018-07-02 00:00:00-04:00,43.39134270245,44.21280762030508,43.296919170467575,44.184478759765625,70925200,0.0,0.0
2018-07-03 00:00:00-04:00,44.32847315433098,44.36624256853828,43.32524605149568,43.414947509765625,55819200,0.0,0.0
2018-07-05 00:00:00-04:00,43.7312539663266,44.0027175522278,43.499922630270966,43.76430130004883,66416800,0.0,0.0
2018-07-06 00:00:00-04:00,43.769027076292346,44.47954661231971,43.71709503292668,44.37096405029297,69940800,0.0,0.0
2018-07-09 00:00:00-04:00,44.732126217918854,45.010667544089124,44.684916250995535,44.987064361572266,79026400,0.0,0.0
2018-07-10 00:00:00-04:00,45.01774915035912,45.15229772629047,44.89263752447302,44.932769775390625,63756400,0.0,0.0
2018-07-11 00:00:00-04:00,44.49607580388834,44.798223934989025,44.28598837520287,44.34972381591797,75326000,0.0,0.0
2018-07-12 00:00:00-04:00,44.73920447636443,45.18298605928237,44.6872724357298,45.093284606933594,72164400,0.0,0.0
2018-07-13 00:00:00-04:00,45.105087292800874,45.28448659280294,45.06259580481476,45.164100646972656,50055600,0.0,0.0
2018-07-16 00:00:00-04:00,45.20895321385602,45.475691136292276,44.94929300416823,45.06496047973633,60172400,0.0,0.0
2018-07-17 00:00:00-04:00,44.79114225786405,45.29157442060409,44.66131213963721,45.19243240356445,62138000,0.0,0.0
2018-07-18 00:00:00-04:00,45.27032734066018,45.27504941787513,44.833627046461345,44.94457244873047,65573600,0.0,0.0
2018-07-19 00:00:00-04:00,44.7769800450885,45.45209306427996,44.7769800450885,45.29393768310547,81147200,0.0,0.0
2018-07-20 00:00:00-04:00,45.27032458958884,45.42375787179969,44.89027843939604,45.190067291259766,82704800,0.0,0.0
2018-07-23 00:00:00-04:00,45.01066634341688,45.31281804782322,44.74628765418702,45.23019790649414,63957600,0.0,0.0
2018-07-24 00:00:00-04:00,45.42848135702797,45.71410758885159,45.33406142687722,45.558311462402344,74791600,0.0,0.0
2018-07-25 00:00:00-04:00,45.572473961837765,45.99501161249821,45.42375915047924,45.98793029785156,66839600,0.0,0.0
2018-07-26 00:00:00-04:00,45.93835684872252,46.25703041090715,45.70230342544187,45.843936920166016,76304000,0.0,0.0
2018-07-27 00:00:00-04:00,46.02805068001251,46.075260636472876,44.873749775395844,45.08147430419922,96096000,0.0,0.0
2018-07-30 00:00:00-04:00,45.29865488031646,45.369471634547054,44.63062679730287,44.82891082763672,84118000,0.0,0.0
2018-07-31 00:00:00-04:00,44.92096482906494,45.35530224080693,44.69435196969696,44.918601989746094,157492000,0.0,0.0
2018-08-01 00:00:00-04:00,47.00532799586654,47.62614616425708,46.575708957389,47.56477355957031,271742800,0.0,0.0
2018-08-02 00:00:00-04:00,47.347589446060375,49.18880661029049,47.29329817483464,48.95511245727539,249616000,0.0,0.0
2018-08-03 00:00:00-04:00,48.87013550142241,49.27378840345483,48.5042520081429,49.09674835205078,133789600,0.0,0.0
2018-08-06 00:00:00-04:00,49.09910950623912,49.394176270098725,48.87958156283439,49.351688385009766,101701600,0.0,0.0
2018-08-07 00:00:00-04:00,49.41070631349122,49.4531942025148,48.806406499558236,48.8890266418457,102349600,0.0,0.0
2018-08-08 00:00:00-04:00,48.638813761264295,49.05426653375146,48.27765227337783,48.92207717895508,90102000,0.0,0.0
2018-08-09 00:00:00-04:00,49.46026844327579,49.51928179307227,48.9102635909459,49.30683517456055,93970400,0.0,0.0
2018-08-10 00:00:00-04:00,49.11969613638596,49.53187081254477,48.956247495589864,49.15996551513672,98444800,0.1825,0.0
2018-08-13 00:00:00-04:00,49.5816262731206,49.9701114758063,49.200247220552406,49.47739791870117,103563600,0.0,0.0
2018-08-14 00:00:00-04:00,49.7829742500463,49.8777253230472,49.33289761698768,49.68585205078125,82992000,0.0,0.0
2018-08-15 00:00:00-04:00,49.56030951805078,49.92037013258283,49.34948529013519,49.80192947387695,115230400,0.0,0.0
2018-08-16 00:00:00-04:00,50.15961546611837,50.64759036765416,50.09328899102739,50.53152084350586,114001600,0.0,0.0
2018-08-17 00:00:00-04:00,50.559945708958374,51.6282790804215,50.49361923351846,51.54063415527344,141708000,0.0,0.0
2018-08-20 00:00:00-04:00,51.66380325945562,51.919631834563056,50.95552700443249,51.03843688964844,121150800,0.0,0.0
2018-08-21 00:00:00-04:00,51.35586295698155,51.44824651291401,50.699700789987496,50.93894958496094,104639200,0.0,0.0
2018-08-22 00:00:00-04:00,50.71628582322843,51.25163623938956,50.65469437430576,50.941322326660156,76072400,0.0,0.0
2018-08-23 00:00:00-04:00,50.84656826622869,51.41508554003786,50.83472709315654,51.04555130004883,75532800,0.0,0.0
2018-08-24 00:00:00-04:00,51.308497773209886,51.3795592809375,50.95554328856623,51.20426940917969,73905600,0.0,0.0
2018-08-27 00:00:00-04:00,51.438781061033495,51.81542513519865,51.244540243575635,51.625919342041016,82100400,0.0,0.0
2018-08-28 00:00:00-04:00,51.87937510705867,52.24180322712333,51.85805665635416,52.042823791503906,91107200,0.0,0.0
2018-08-29 00:00:00-04:00,52.14941539118895,52.940601659622544,51.97412554704755,52.81978988647461,109019200,0.0,0.0
2018-08-30 00:00:00-04:00,52.883752406159765,54.070526466879734,52.682401847046464,53.30540084838867,195175200,0.0,0.0
2018-08-31 00:00:00-04:00,53.65598563398304,54.21502568482457,53.53517746394279,53.921295166015625,173360400,0.0,0.0
2018-09-04 00:00:00-04:00,54.10606018131684,54.28845618519026,53.68441174415916,54.094215393066406,109560400,0.0,0.0
2018-09-05 00:00:00-04:00,54.24344750288081,54.40452504393614,53.32197943607939,53.74125671386719,133332000,0.0,0.0
2018-09-06 00:00:00-04:00,53.58965298703606,53.85496248853449,52.42182996748417,52.84821701049805,137160000,0.0,0.0
2018-09-07 00:00:00-04:00,52.552114653610786,53.38593417642667,52.282070132620795,52.42182922363281,150479200,0.0,0.0
2018-09-10 00:00:00-04:00,52.33892777751228,52.5521231376733,51.27770045881647,51.718299865722656,158066000,0.0,0.0
2018-09-11 00:00:00-04:00,51.642481977157715,53.13246712050907,51.299004874486705,53.02587127685547,142996000,0.0,0.0
2018-09-12 00:00:00-04:00,53.28406937601614,53.298281672805516,52.07597354562412,52.367340087890625,197114800,0.0,0.0
2018-09-13 00:00:00-04:00,52.94770691810222,54.09184398179361,52.7226704156543,53.632293701171875,166825600,0.0,0.0
2018-09-14 00:00:00-04:00,53.47596182981542,53.734161619670026,52.710836123342126,53.02351760864258,127997200,0.0,0.0
2018-09-17 00:00:00-04:00,52.623178686440205,52.812684446957874,51.46720041487374,51.611698150634766,148780400,0.0,0.0
2018-09-18 00:00:00-04:00,51.59038003926348,52.552121215029416,51.43166999184598,51.69697952270508,126286800,0.0,0.0
2018-09-19 00:00:00-04:00,51.75855985278835,52.023865730627165,51.00054047716211,51.72776412963867,108495200,0.0,0.0
2018-09-20 00:00:00-04:00,52.17072596021581,52.65396210277402,51.912522659791364,52.12097930908203,106435200,0.0,0.0
2018-09-21 00:00:00-04:00,52.29865021482136,52.43604179491919,51.47193322259395,51.5595817565918,384986800,0.0,0.0
2018-09-24 00:00:00-04:00,51.36060237729222,52.41235225527132,51.315594354443164,52.30101776123047,110773600,0.0,0.0
2018-09-25 00:00:00-04:00,52.05466515288594,52.78189247156223,52.04282036510038,52.63265609741211,98217600,0.0,0.0
2018-09-26 00:00:00-04:00,52.350762852927,53.00218637259011,52.057028764651164,52.21337127685547,95938800,0.0,0.0
2018-09-27 00:00:00-04:00,53.01877601260641,53.63940388199553,52.95244592110499,53.28644943237305,120724800,0.0,0.0
2018-09-28 00:00:00-04:00,53.24854690500013,53.49727299789498,53.06615090279619,53.47358703613281,91717600,0.0,0.0
2018-10-01 00:00:00-04:00,53.99709737440657,54.34531321172823,53.618089422673734,53.833648681640625,94403200,0.0,0.0
2018-10-02 00:00:00-04:00,53.83128025486863,54.48270388831588,53.68441499233851,54.31214904785156,99152800,0.0,0.0
2018-10-03 00:00:00-04:00,54.49453654525611,55.30467004984194,54.43057759069054,54.97303771972656,114619200,0.0,0.0
2018-10-04 00:00:00-04:00,54.6674545614151,55.03935985871904,53.7080847764395,54.00655746459961,128168000,0.0,0.0
2018-10-05 00:00:00-04:00,53.99946935259975,54.10606522775196,52.25128398782354,53.13011169433594,134322000,0.0,0.0
2018-10-08 00:00:00-04:00,52.637397042763254,53.25091876301774,52.16126330037392,53.00693130493164,118655600,0.0,0.0
2018-10-09 00:00:00-04:00,52.97613116481118,53.836011397889386,52.64686631869246,53.74125671386719,107564000,0.0,0.0
2018-10-10 00:00:00-04:00,53.40726565940441,53.618089896183506,51.178211501360096,51.251644134521484,167962400,0.0,0.0
2018-10-11 00:00:00-04:00,50.81577776199736,51.99544563029046,50.294639622092426,50.7991943359375,212497600,0.0,0.0
2018-10-12 00:00:00-04:00,52.21337471372891,52.79610429097438,51.36533924220412,52.613704681396484,161351600,0.0,0.0
2018-10-15 00:00:00-04:00,52.38867903768028,52.54738910481491,51.46721075179428,51.488529205322266,123164000,0.0,0.0
2018-10-16 00:00:00-04:00,51.860414780356344,52.82215577413078,51.34638285746318,52.623172760009766,116736000,0.0,0.0
2018-10-17 00:00:00-04:00,52.658717060301136,52.73925583993557,51.95754677733972,52.39577865600586,91541600,0.0,0.0
2018-10-18 00:00:00-04:00,51.60695750381726,52.05229548152065,50.45571430054784,51.17109680175781,130325200,0.0,0.0
2018-10-19 00:00:00-04:00,51.654334023038835,52.41235343553008,51.5050976522359,51.950435638427734,132314800,0.0,0.0
2018-10-22 00:00:00-04:00,52.06413093878424,52.9097987783504,51.86278403497411,52.26784896850586,115168400,0.0,0.0
2018-10-23 00:00:00-04:00,51.126098407700454,52.8837574604368,50.85842134543051,52.76057815551758,155071200,0.0,0.0
2018-10-24 00:00:00-04:00,52.72977891393509,53.115892975705584,50.82051259654587,50.95079803466797,163702000,0.0,0.0
2018-10-25 00:00:00-04:00,51.571439544148824,52.44079365218324,51.34403186108698,52.06652069091797,119423200,0.0,0.0
2018-10-26 00:00:00-04:00,51.14266445225162,52.15888711882301,50.37753896663008,51.23741912841797,189033600,0.0,0.0
2018-10-29 00:00:00-04:00,51.92200853594996,52.04044917639347,48.81886231052137,50.27568435668945,183742000,0.0,0.0
2018-10-30 00:00:00-04:00,50.01748979219112,50.97212123255405,49.57215536383629,50.52678680419922,146640000,0.0,0.0
2018-10-31 00:00:00-04:00,51.37481380979864,52.22047811049344,51.313222362929515,51.84383773803711,153435600,0.0,0.0
2018-11-01 00:00:00-04:00,51.888849589687624,52.67292611590215,51.35823417541894,52.63976287841797,233292800,0.0,0.0
2018-11-02 00:00:00-04:00,49.638478362284054,50.60968954752682,48.66252492433643,49.14813232421875,365314800,0.0,0.0
2018-11-05 00:00:00-05:00,48.394845200803,48.41616364806583,46.94276182854421,47.75289535522461,264654800,0.0,0.0
2018-11-06 00:00:00-05:00,47.83107052774979,48.49433887492205,47.77658884210814,48.26930236816406,127531600,0.0,0.0
2018-11-07 00:00:00-05:00,48.790443983793224,49.759287679647485,48.354583238431374,49.73323059082031,133697600,0.0,0.0
2018-11-08 00:00:00-05:00,49.9138899930759,49.947168944767455,49.146094704463344,49.55970764160156,101450400,0.1825,0.0
2018-11-09 00:00:00-05:00,48.86084706340695,48.9701906382226,48.076410468774,48.604122161865234,137463200,0.0,0.0
2018-11-12 00:00:00-05:00,47.3038566025874,47.50590970224583,46.06539725338494,46.15572738647461,204542000,0.0,0.0
2018-11-13 00:00:00-05:00,45.55195754100879,46.87123323822036,45.50916824088011,45.694580078125,187531600,0.0,0.0
2018-11-14 00:00:00-05:00,46.09154728762127,46.22941826577733,44.19701557173812,44.40382385253906,243204000,0.0,0.0
2018-11-15 00:00:00-05:00,44.7817780140005,45.632772481899075,44.427592041015245,45.499656677246094,185915200,0.0,0.0
2018-11-16 00:00:00-05:00,45.283331540933496,46.345885594820516,45.036117048669475,46.00358581542969,147713200,0.0,0.0
2018-11-19 00:00:00-05:00,45.164472644478835,45.33086734458464,43.97355811893683,44.180362701416016,167701200,0.0,0.0
2018-11-20 00:00:00-05:00,42.39994037904801,43.13683603169067,41.720095905860255,42.06952667236328,271300800,0.0,0.0
2018-11-21 00:00:00-05:00,42.72322913338936,42.851593398381944,41.967319942049606,42.02199172973633,124496800,0.0,0.0
2018-11-23 00:00:00-05:00,41.58460933705691,41.97920521463513,40.90951995451612,40.954681396484375,94496000,0.0,0.0
2018-11-26 00:00:00-05:00,41.41821078967106,41.58698130630447,40.47213107904219,41.50853729248047,179994000,0.0,0.0
2018-11-27 00:00:00-05:00,40.76927166930937,41.54420157448215,40.619518191650464,41.418216705322266,165549600,0.0,0.0
2018-11-28 00:00:00-05:00,42.01010503821361,43.09405219512892,41.582230205975,43.01085662841797,184250000,0.0,0.0
2018-11-29 00:00:00-05:00,43.419702685054226,43.45298162818766,42.24067053508028,42.6804313659668,167080000,0.0,0.0
2018-11-30 00:00:00-05:00,42.85633792843457,42.865848271687376,42.081411801458295,42.449859619140625,158126000,0.0,0.0
2018-12-03 00:00:00-05:00,43.847576303897945,43.961675016479376,43.07502606102216,43.93315124511719,163210000,0.0,0.0
2018-12-04 00:00:00-05:00,43.01324081531094,43.35554074806286,41.90076966100167,42.000606536865234,165377200,0.0,0.0
2018-12-06 00:00:00-05:00,40.82868999457398,41.546568558651884,40.51016241642234,41.53230667114258,172393600,0.0,0.0
2018-12-07 00:00:00-05:00,41.23993069277843,41.47763851102162,40.00622653575494,40.0513916015625,169126400,0.0,0.0
2018-12-10 00:00:00-05:00,39.22179290135247,40.431724914888164,38.82482125087968,40.315250396728516,248104000,0.0,0.0
2018-12-11 00:00:00-05:00,40.804929311290685,40.835828864514035,39.69720988937446,40.08467483520508,189126800,0.0,0.0
2018-12-12 00:00:00-05:00,40.505401622091895,40.86671843974817,40.17736737351472,40.19638442993164,142510800,0.0,0.0
2018-12-13 00:00:00-05:00,40.52680679610269,41.02123948791272,40.30336086904943,40.63615036010742,127594400,0.0,0.0
2018-12-14 00:00:00-05:00,40.17263211444055,40.1916491802834,39.28835850198743,39.335899353027344,162814800,0.0,0.0
2018-12-17 00:00:00-05:00,39.32875174502848,40.018106488031215,38.682186288828,38.96981430053711,177151600,0.0,0.0
2018-12-18 00:00:00-05:00,39.312108697331205,39.82317890691962,39.076776720011466,39.47612762451172,135366000,0.0,0.0
2018-12-19 00:00:00-05:00,39.45949914866977,39.804174771228425,37.81693719913778,38.24481201171875,196189200,0.0,0.0
2018-12-20 00:00:00-05:00,38.12833149216453,38.53481344553812,36.91602383048075,37.27971649169922,259092000,0.0,0.0
2018-12-21 00:00:00-05:00,37.28685063952054,37.59587154627308,35.56822403128292,35.8297004699707,382978400,0.0,0.0
2018-12-24 00:00:00-05:00,35.216409898524326,36.02461861269077,34.8455863026589,34.90263748168945,148676800,0.0,0.0
2018-12-26 00:00:00-05:00,35.25206043382508,37.374788923388145,34.87648174948443,37.36052703857422,234330000,0.0,0.0
2018-12-27 00:00:00-05:00,37.044395091512655,37.26546530568134,35.67282323756634,37.11808395385742,212468400,0.0,0.0
2018-12-28 00:00:00-05:00,37.43898254454257,37.68144554233319,36.73774518421436,37.13709259033203,169165600,0.0,0.0
2018-12-31 00:00:00-05:00,37.68382412991746,37.88112207522634,37.196522325444576,37.496036529541016,140014000,0.0,0.0
2019-01-02 00:00:00-05:00,36.81856395762742,37.759888517261295,36.66167592649953,37.538818359375,148158800,0.0,0.0
2019-01-03 00:00:00-05:00,34.22516265768987,34.63877547055248,33.75450230314456,33.79966735839844,365248800,0.0,0.0
2019-01-04 00:00:00-05:00,34.355897280907186,35.31148335314107,34.18237165686611,35.24254608154297,234428400,0.0,0.0
2019-01-07 00:00:00-05:00,35.3471481073425,35.37805128112703,34.681565561258495,35.16411209106445,219111200,0.0,0.0
2019-01-08 00:00:00-05:00,35.55158448343476,36.08880653095804,35.30436992220377,35.83445739746094,164101200,0.0,0.0
2019-01-09 00:00:00-05:00,35.96282601293452,36.733000902236284,35.56823366194412,36.442996978759766,180396400,0.0,0.0
2019-01-10 00:00:00-05:00,36.25043882659319,36.59986957627264,35.8605981869204,36.5594596862793,143122800,0.0,0.0
2019-01-11 00:00:00-05:00,36.340777580487256,36.53569613305001,36.01511535674199,36.20052719116211,108092800,0.0,0.0
2019-01-14 00:00:00-05:00,35.85822297159505,35.95805981203487,35.470758098093015,35.65616989135742,129756800,0.0,0.0
2019-01-15 00:00:00-05:00,35.72035038921636,36.461997528565014,35.668054385581975,36.38593292236328,114843600,0.0,0.0
2019-01-16 00:00:00-05:00,36.38830771618193,37.0538902314347,36.36929065835952,36.8304443359375,122278800,0.0,0.0
2019-01-17 00:00:00-05:00,36.65454507889094,37.47701573113926,36.43109914799148,37.04914093017578,119284800,0.0,0.0
2019-01-18 00:00:00-05:00,37.43898716508409,37.529317310673214,37.07767020986163,37.277347564697266,135004000,0.0,0.0
2019-01-22 00:00:00-05:00,37.17988821650718,37.255952847568416,36.27897337256783,36.440616607666016,121576000,0.0,0.0
2019-01-23 00:00:00-05:00,36.64265777360124,36.87798981327915,36.06027435955394,36.58798599243164,92522400,0.0,0.0
2019-01-24 00:00:00-05:00,36.63314628936311,36.72109700768508,36.06978000885468,36.297977447509766,101766000,0.0,0.0
2019-01-25 00:00:00-05:00,36.95880474811653,37.58873254360028,36.68306647897274,37.50077819824219,134142000,0.0,0.0
2019-01-28 00:00:00-05:00,37.032495190246195,37.16085942867184,36.526180061507155,37.15372848510742,104768400,0.0,0.0
2019-01-29 00:00:00-05:00,37.14184542943609,37.58873727432573,36.633150859519866,36.76864242553711,166348800,0.0,0.0
2019-01-30 00:00:00-05:00,38.805800046935204,39.495151246226506,38.087921443945866,39.28121566772461,244439200,0.0,0.0
2019-01-31 00:00:00-05:00,39.485646711738674,40.17262217665651,39.117198859839675,39.564090728759766,162958400,0.0,0.0
2019-02-01 00:00:00-05:00,39.68769901522233,40.16786619757071,39.4428566249422,39.583106994628906,130672400,0.0,0.0
2019-02-04 00:00:00-05:00,39.79466519430484,40.8049233830398,39.76376201843734,40.707462310791016,125982000,0.0,0.0
2019-02-05 00:00:00-05:00,41.09015834661905,41.61786979730914,40.9689287101051,41.4039306640625,144406400,0.0,0.0
2019-02-06 00:00:00-05:00,41.51567416629587,41.7343685781438,41.08780294197454,41.418216705322266,112958400,0.0,0.0
2019-02-07 00:00:00-05:00,40.9808290239489,41.34690111854977,40.491151467526414,40.6337776184082,126966800,0.0,0.0
2019-02-08 00:00:00-05:00,40.34252623841414,40.7412003774685,40.20644993398255,40.6815185546875,95280000,0.1825,0.0
2019-02-11 00:00:00-05:00,40.83430385989045,40.87250110070133,40.40459400749151,40.44756317138672,83973600,0.0,0.0
2019-02-12 00:00:00-05:00,40.607511484133255,40.822364577465294,40.51201838722743,40.796104431152344,89134000,0.0,0.0
2019-02-13 00:00:00-05:00,40.91546759362625,41.17567944962109,40.56453820729998,40.62660598754883,89960800,0.0,0.0
2019-02-14 00:00:00-05:00,40.514404405459885,40.88442873981595,40.43562397349377,40.77461624145508,87342800,0.0,0.0
2019-02-15 00:00:00-05:00,40.88205065386177,40.98947721171357,40.5239596992294,40.68390655517578,98507200,0.0,0.0
2019-02-19 00:00:00-05:00,40.51440868525233,40.927405863712345,40.46188839172686,40.8056526184082,75891200,0.0,0.0
2019-02-20 00:00:00-05:00,40.867726324078575,41.376216629460316,40.81998159348772,41.06825637817383,104457600,0.0,0.0
2019-02-21 00:00:00-05:00,41.01335232972067,41.149425001369984,40.65526136696296,40.836692810058594,68998800,0.0,0.0
2019-02-22 00:00:00-05:00,40.96084410735873,41.29983654826204,40.91309936011854,41.29267501831055,75652800,0.0,0.0
2019-02-25 00:00:00-05:00,41.57676250424498,41.984984295225225,41.526628150299445,41.59347152709961,87493600,0.0,0.0
2019-02-26 00:00:00-05:00,41.469318890580624,41.84889440507273,41.34040411487695,41.61732864379883,68280800,0.0,0.0
2019-02-27 00:00:00-05:00,41.34995796663316,41.77727823840255,41.23536623787133,41.74624252319336,111341600,0.0,0.0
2019-02-28 00:00:00-05:00,41.614938801907854,41.75578701475242,41.280718443538696,41.33562469482422,112861600,0.0,0.0
2019-03-01 00:00:00-05:00,41.60539248308564,41.813084063086116,41.273561690323184,41.77011489868164,103544800,0.0,0.0
2019-03-04 00:00:00-05:00,41.941996852345,42.43377447154785,41.53138563496045,41.980194091796875,109744800,0.0,0.0
2019-03-05 00:00:00-05:00,42.001683851206835,42.016006907094805,41.667463428832036,41.903804779052734,78949600,0.0,0.0
2019-03-06 00:00:00-05:00,41.698496846730684,41.89425498024918,41.524226938549475,41.662689208984375,83241600,0.0,0.0
2019-03-07 00:00:00-05:00,41.507505604819116,41.643581885196596,41.06586237992228,41.180450439453125,99185600,0.0,0.0
2019-03-08 00:00:00-05:00,40.66003277966587,41.31653281099356,40.46427465819731,41.27833557128906,95997600,0.0,0.0
2019-03-11 00:00:00-04:00,41.894251912678726,42.76082946689261,41.860830238999526,42.708309173583984,128044000,0.0,0.0
2019-03-12 00:00:00-04:00,42.970913413648546,43.608314858828265,42.82051405104015,43.18815612792969,129870400,0.0,0.0
2019-03-13 00:00:00-04:00,43.508046258708134,43.758710628242646,43.19053854298965,43.37913513183594,124130000,0.0,0.0
2019-03-14 00:00:00-04:00,43.90194565805139,43.94969402855419,43.58205197474232,43.86136245727539,94318000,0.0,0.0
2019-03-15 00:00:00-04:00,44.128753237145276,44.720796060386846,43.863765726136734,44.43193435668945,156171600,0.0,0.0
2019-03-18 00:00:00-04:00,44.35553834520154,44.97384125151117,44.35314874059598,44.88551330566406,104879200,0.0,0.0
2019-03-19 00:00:00-04:00,44.964289676444764,45.11707500703342,44.384180426933895,44.52980422973633,126585600,0.0,0.0
2019-03-20 00:00:00-04:00,44.458176915154105,45.236430119419495,44.100086022694995,44.918922424316406,124140800,0.0,0.0
2019-03-21 00:00:00-04:00,45.36296526328095,46.86933403302084,45.312830924516525,46.57331085205078,204136800,0.0,0.0
2019-03-22 00:00:00-04:00,46.63299092298744,47.19400154727684,45.544394994118264,45.60885238647461,169630800,0.0,0.0
2019-03-25 00:00:00-04:00,45.71866799234534,45.83087012477533,44.54651961316686,45.057395935058594,175381200,0.0,0.0
2019-03-26 00:00:00-04:00,45.754481573825046,46.0457292118618,44.06429161696405,44.59187698364258,199202000,0.0,0.0
2019-03-27 00:00:00-04:00,45.05977471386228,45.300887958578926,44.534575419245186,44.9929313659668,119393600,0.0,0.0
2019-03-28 00:00:00-04:00,45.107518558807506,45.25314234444775,44.768526260349205,45.0526123046875,83121600,0.0,0.0
2019-03-29 00:00:00-04:00,45.31761014175297,45.37729197510996,45.00964984172448,45.346256256103516,94256000,0.0,0.0
2019-04-01 00:00:00-04:00,45.74969095238825,45.75923843979471,44.971441413308554,45.65420150756836,111448000,0.0,0.0
2019-04-02 00:00:00-04:00,45.618409491970745,46.422923157100826,45.608862000533726,46.3178825378418,91062800,0.0,0.0
2019-04-03 00:00:00-04:00,46.13404345380395,46.90990705651993,46.11016927049096,46.635372161865234,93087200,0.0,0.0
2019-04-04 00:00:00-04:00,46.50168835311438,46.87887791765802,46.107789772060734,46.71654510498047,76457200,0.0,0.0
2019-04-05 00:00:00-04:00,46.897980862856144,47.05315580507173,46.773841637621636,47.02928161621094,74106400,0.0,0.0
2019-04-08 00:00:00-04:00,46.89081455147626,47.80036495686794,46.871715930873805,47.76933288574219,103526800,0.0,0.0
2019-04-09 00:00:00-04:00,47.82185677668654,48.42583658322132,47.561641238769866,47.6260986328125,143072800,0.0,0.0
2019-04-10 00:00:00-04:00,47.43033920962285,47.92212051778951,47.310975557121054,47.893470764160156,86781200,0.0,0.0
2019-04-11 00:00:00-04:00,47.94838081949238,47.984188458280926,47.37304713835903,47.49479675292969,83603200,0.0,0.0
2019-04-12 00:00:00-04:00,47.55448083017114,47.778885091039584,46.840688483477834,47.47570037841797,111042800,0.0,0.0
2019-04-15 00:00:00-04:00,47.40646279176766,47.70964745151515,47.27038649628247,47.5616340637207,70146400,0.0,0.0
2019-04-16 00:00:00-04:00,47.616544395779556,48.072510727579555,47.401687660312966,47.566410064697266,102785600,0.0,0.0
2019-04-17 00:00:00-04:00,47.635642038208694,48.55235760399355,47.41362740609359,48.49267578125,115627200,0.0,0.0
2019-04-18 00:00:00-04:00,48.49028310095317,48.73617190364306,48.347048921068584,48.66694259643555,96783200,0.0,0.0
2019-04-22 00:00:00-04:00,48.42106474997594,48.92477956166057,48.30408704698256,48.826900482177734,77758000,0.0,0.0
2019-04-23 00:00:00-04:00,48.803020377452285,49.59559676497927,48.676495199382785,49.5311393737793,93292000,0.0,0.0
2019-04-24 00:00:00-04:00,49.50250624929679,49.769879730800284,49.428501349429965,49.45476150512695,70162400,0.0,0.0
2019-04-25 00:00:00-04:00,49.37597521139635,49.597989884797855,48.96774986513253,49.00594711303711,74172800,0.0,0.0
2019-04-26 00:00:00-04:00,48.915225934728035,48.93910012357154,48.25156428300405,48.77199172973633,74596400,0.0,0.0
2019-04-29 00:00:00-04:00,48.795858706164374,49.17066231598747,48.66694756683353,48.84599304199219,88818800,0.0,0.0
2019-04-30 00:00:00-04:00,48.475965054364224,48.55713146228483,47.53299294597256,47.9054069519043,186139600,0.0,0.0
2019-05-01 00:00:00-04:00,50.10408875249977,51.400376291203976,49.94891381611676,50.256874084472656,259309200,0.0,0.0
2019-05-02 00:00:00-04:00,50.09454345955994,50.7653666928656,49.68632175370386,49.9298210144043,127985200,0.0,0.0
2019-05-03 00:00:00-04:00,50.34520096477196,50.57199117489854,50.1876400699806,50.550506591796875,83569600,0.0,0.0
2019-05-06 00:00:00-04:00,48.76959522626785,49.85580509657565,48.581002274765794,49.76986312866211,129772400,0.0,0.0
2019-05-07 00:00:00-04:00,49.149176286929475,49.51681471565359,47.943602727798975,48.428218841552734,155054800,0.0,0.0
2019-05-08 00:00:00-04:00,48.19903593628389,49.02025835484054,48.16322830168545,48.43776321411133,105358000,0.0,0.0
2019-05-09 00:00:00-04:00,47.84094865644529,48.146519303878975,46.948110900817596,47.91734313964844,139634400,0.0,0.0
2019-05-10 00:00:00-04:00,47.31104129279952,47.65373790443453,46.1966858308996,47.25352478027344,164834800,0.1925,0.0
2019-05-13 00:00:00-04:00,44.98406587699124,45.40823773541505,43.81938322929667,44.50716781616211,229722400,0.0,0.0
2019-05-14 00:00:00-04:00,44.67253361534113,45.46096949743799,44.43288696152573,45.21173858642578,146118800,0.0,0.0
2019-05-15 00:00:00-04:00,44.63897495961979,45.952237355333416,44.57906330726603,45.75333023071289,106178800,0.0,0.0
2019-05-16 00:00:00-04:00,45.51128917058567,46.12478391503551,45.25486553934923,45.55202865600586,132125600,0.0,0.0
2019-05-17 00:00:00-04:00,44.79714638618235,45.74854387618077,44.75640689461861,45.293216705322266,131516400,0.0,0.0
2019-05-20 00:00:00-04:00,43.979945845884885,44.17885296626385,43.203489531519445,43.876895904541016,154449200,0.0,0.0
2019-05-21 00:00:00-04:00,44.387338470059014,45.053555649357946,44.26272122842485,44.71805191040039,113459200,0.0,0.0
2019-05-22 00:00:00-04:00,44.25314144747498,44.5047711054855,43.74748698190374,43.80260467529297,118994400,0.0,0.0
2019-05-23 00:00:00-04:00,43.08845912995363,43.2657952724967,42.61156108264993,43.054908752441406,146118800,0.0,0.0
2019-05-24 00:00:00-04:00,43.18432121043186,43.64923624926381,42.80567910310189,42.889556884765625,94858800,0.0,0.0
2019-05-28 00:00:00-04:00,42.877576003465414,43.27778544985154,42.63553421566566,42.71221923828125,111792800,0.0,0.0
2019-05-29 00:00:00-04:00,42.27845206298842,42.98061849135035,42.17780093138999,42.508514404296875,113924800,0.0,0.0
2019-05-30 00:00:00-04:00,42.64512229809682,42.95186972951379,42.338374866679864,42.729000091552734,84873600,0.0,0.0
2019-05-31 00:00:00-04:00,42.23292429098691,42.65470469718947,41.935764812126756,41.95493698120117,108174400,0.0,0.0
2019-06-03 00:00:00-04:00,42.08194969920505,42.637927979424546,40.804632722240406,41.53076171875,161584400,0.0,0.0
2019-06-04 00:00:00-04:00,42.043609898576285,43.095658571768766,41.8231354139418,43.05012512207031,123872000,0.0,0.0
2019-06-05 00:00:00-04:00,44.162084603643216,44.332235335001265,43.40959426492165,43.74509811401367,119093600,0.0,0.0
2019-06-06 00:00:00-04:00,43.87450454381739,44.447259831298844,43.65163128107434,44.38734817504883,90105200,0.0,0.0
2019-06-07 00:00:00-04:00,44.69649958213684,45.99298895828107,44.519163384744395,45.56881332397461,122737600,0.0,0.0
2019-06-10 00:00:00-04:00,45.96662461499967,46.8197661273768,45.921091165173166,46.151153564453125,104883600,0.0,0.0
2019-06-11 00:00:00-04:00,46.69754519733289,46.970742225231355,46.39559174230331,46.68556213378906,107731600,0.0,0.0
2019-06-12 00:00:00-04:00,46.47945173771403,46.963538835260515,46.3452502429605,46.53696823120117,73012800,0.0,0.0
2019-06-13 00:00:00-04:00,46.65919972341008,47.16006031960597,46.395590615436326,46.52739334106445,86698400,0.0,0.0
2019-06-14 00:00:00-04:00,45.90431499766962,46.393192538300454,45.604756695226875,46.18949508666992,75046000,0.0,0.0
2019-06-17 00:00:00-04:00,46.22782880502471,46.72150388470995,46.05288780663783,46.46508026123047,58676400,0.0,0.0
2019-06-18 00:00:00-04:00,46.982718557000155,47.99881784169886,46.78141628249008,47.55786895751953,106204000,0.0,0.0
2019-06-19 00:00:00-04:00,47.852640304899516,47.9005725592601,47.284678926559096,47.418880462646484,84496800,0.0,0.0
2019-06-20 00:00:00-04:00,48.0179909537039,48.075507457573906,47.45721875366059,47.7999153137207,86056000,0.0,0.0
2019-06-21 00:00:00-04:00,47.6417377723111,48.133013961068784,47.48596531129622,47.63694381713867,191202400,0.0,0.0
2019-06-24 00:00:00-04:00,47.57944330591722,47.967673357520425,47.49077521738597,47.58903121948242,72881600,0.0,0.0
2019-06-25 00:00:00-04:00,47.5530846009983,47.75199176598326,46.80059424100011,46.867698669433594,84281200,0.0,0.0
2019-06-26 00:00:00-04:00,47.3949186584968,48.1665811585655,47.29426750501623,47.88140106201172,104270000,0.0,0.0
2019-06-27 00:00:00-04:00,47.99882620091607,48.30557727889453,47.82628397608489,47.86702346801758,83598800,0.0,0.0
2019-06-28 00:00:00-04:00,47.61298106823023,47.80949302032976,47.22235962686202,47.430850982666016,124442400,0.0,0.0
2019-07-01 00:00:00-04:00,48.689015329189374,49.00535070066526,48.0851046742833,48.30078887939453,109012000,0.0,0.0
2019-07-02 00:00:00-04:00,48.26723307900931,48.679425613175255,48.255250015060284,48.58356475830078,67740800,0.0,0.0
2019-07-03 00:00:00-04:00,48.715369842636605,48.993360829245304,48.57397919929373,48.98617172241211,45448000,0.0,0.0
2019-07-05 00:00:00-04:00,48.73215615328759,49.14674390548091,48.62431221679531,48.94304275512695,69062000,0.0,0.0
2019-07-08 00:00:00-04:00,48.12344323760648,48.26483388360054,47.54829273986113,47.93412399291992,101354400,0.0,0.0
2019-07-09 00:00:00-04:00,47.73760883883773,48.29119197920028,47.64414679769493,48.22649002075195,82312000,0.0,0.0
2019-07-10 00:00:00-04:00,48.37267074229826,48.82320389232049,48.30317117612652,48.7033805847168,71588400,0.0,0.0
2019-07-11 00:00:00-04:00,48.722561119993294,48.98137994767097,48.339128663843894,48.34871292114258,80767200,0.0,0.0
2019-07-12 00:00:00-04:00,48.51645653759306,48.8879095226626,48.45654488376627,48.720157623291016,70380800,0.0,0.0
2019-07-15 00:00:00-04:00,48.90948783623042,49.3360586148412,48.88792051361614,49.177894592285156,67789600,0.0,0.0
2019-07-16 00:00:00-04:00,49.02928825980166,49.39355205062522,48.76807439006628,49.007720947265625,67467200,0.0,0.0
2019-07-17 00:00:00-04:00,48.89989531082296,49.14912619568089,48.712971233000175,48.73214340209961,56430000,0.0,0.0
2019-07-18 00:00:00-04:00,48.887902806130285,49.33843955115963,48.816008100072054,49.28571701049805,74162400,0.0,0.0
2019-07-19 00:00:00-04:00,49.31687530328883,49.48702600893368,48.494889168873144,48.55000686645508,83717200,0.0,0.0
2019-07-22 00:00:00-04:00,48.804028668671954,49.661963936205034,48.794444413619274,49.659568786621094,89111600,0.0,0.0
2019-07-23 00:00:00-04:00,49.956746352951804,50.064586622926434,49.67635653161258,50.04780960083008,73420800,0.0,0.0
2019-07-24 00:00:00-04:00,49.76741437865772,50.12209036122868,49.64759106566724,50.00706100463867,59966400,0.0,0.0
2019-07-25 00:00:00-04:00,50.05978275817563,50.14366053862095,49.54214517668298,49.61164474487305,55638400,0.0,0.0
2019-07-26 00:00:00-04:00,49.72188828871622,50.26109327692397,49.64040930144378,49.78419876098633,70475600,0.0,0.0
2019-07-29 00:00:00-04:00,49.956749399677136,50.47917741603339,49.95195544211181,50.249114990234375,86693600,0.0,0.0
2019-07-30 00:00:00-04:00,50.02862279217643,50.364130225486285,49.68113595426583,50.033416748046875,135742800,0.0,0.0
2019-07-31 00:00:00-04:00,51.864332020665906,53.05058230898032,50.6373422371492,51.054325103759766,277125600,0.0,0.0
2019-08-01 00:00:00-04:00,51.260410296588674,52.2501520023427,49.544543285154184,49.94954299926758,216071600,0.0,0.0
2019-08-02 00:00:00-04:00,49.25458061542855,49.470261159344595,48.31996004950161,48.89271545410156,163448400,0.0,0.0
2019-08-05 00:00:00-04:00,47.44763768168687,47.6058016786869,46.151148533272625,46.33327865600586,209572000,0.0,0.0
2019-08-06 00:00:00-04:00,47.04503141655611,47.46681184418083,46.5010325186815,47.21038818359375,143299200,0.0,0.0
2019-08-07 00:00:00-04:00,46.829353474745794,47.82388562486308,46.448316172994446,47.69926834106445,133457600,0.0,0.0
2019-08-08 00:00:00-04:00,47.97725466372589,48.775278381580826,47.78314147822122,48.751312255859375,108038000,0.0,0.0
2019-08-09 00:00:00-04:00,48.424150980389186,48.77536233448243,47.94062880012546,48.349578857421875,98478800,0.1925,0.0
2019-08-12 00:00:00-04:00,48.02002268819342,48.60457853933476,47.90696052090706,48.22690200805664,89927600,0.0,0.0
2019-08-13 00:00:00-04:00,48.356801205981334,51.031795643671664,48.22689828437496,50.269229888916016,188874000,0.0,0.0
2019-08-14 00:00:00-04:00,48.87159379466716,49.66062099046996,48.73447445076552,48.77296447753906,146189600,0.0,0.0
2019-08-15 00:00:00-04:00,48.943761201258695,49.34789546661797,48.032047512807594,48.53000259399414,108909600,0.0,0.0
2019-08-16 00:00:00-04:00,49.14102678467941,49.83383272717015,49.03518102450869,49.67506408691406,110481600,0.0,0.0
2019-08-19 00:00:00-04:00,50.66614789415775,51.17372364887826,50.5242200506216,50.601200103759766,97654400,0.0,0.0
2019-08-20 00:00:00-04:00,50.728697935758746,51.32287444811057,50.59398650586073,50.603607177734375,107537200,0.0,0.0
2019-08-21 00:00:00-04:00,51.23626937835333,51.39503430979136,50.90189508225022,51.15207290649414,86141600,0.0,0.0
2019-08-22 00:00:00-04:00,51.28437796466057,51.58507439376936,50.697417947742494,51.10877227783203,89014800,0.0,0.0
2019-08-23 00:00:00-04:00,50.37986762595232,51.010129673111265,48.35197319847608,48.74648666381836,187272000,0.0,0.0
2019-08-26 00:00:00-04:00,49.52110100092201,49.84104248936947,49.32865452365744,49.67265319824219,104174400,0.0,0.0
2019-08-27 00:00:00-04:00,50.00222065112086,50.16820570944712,48.96060751564311,49.112159729003906,103493200,0.0,0.0
2019-08-28 00:00:00-04:00,49.09772024659994,49.487421690431304,48.91008594619143,49.441715240478516,63755200,0.0,0.0
2019-08-29 00:00:00-04:00,50.15616772556869,50.35342635813325,49.713543433301666,50.27885055541992,83962000,0.0,0.0
2019-08-30 00:00:00-04:00,50.55549991840913,50.625259888422256,49.843449021122325,50.21390914916992,84573600,0.0,0.0
2019-09-03 00:00:00-04:00,49.65821067205432,49.790517838568434,49.126581426530514,49.48260498046875,80092000,0.0,0.0
2019-09-04 00:00:00-04:00,50.12970852858372,50.391914963036996,49.87231426530339,50.3221549987793,76752400,0.0,0.0
2019-09-05 00:00:00-04:00,50.99811740539344,51.47201529946035,50.88024307676292,51.3060302734375,95654800,0.0,0.0
2019-09-06 00:00:00-04:00,51.491250670531834,51.58025562757155,51.12079066169848,51.30120849609375,77449200,0.0,0.0
2019-09-09 00:00:00-04:00,51.681299198955934,52.06619212190076,50.774401351657886,51.52012634277344,109237600,0.0,0.0
2019-09-10 00:00:00-04:00,51.44556068094827,52.14798723364633,50.92836419189196,52.12874221801758,127111600,0.0,0.0
2019-09-11 00:00:00-04:00,52.45830188762013,53.81504412951995,52.37650966317453,53.78617477416992,177158400,0.0,0.0
2019-09-12 00:00:00-04:00,54.077259426858085,54.46696091721893,53.61057787041474,53.6659049987793,128906800,0.0,0.0
2019-09-13 00:00:00-04:00,52.92257603236607,53.11261457668617,52.205716712062376,52.62187957763672,159053200,0.0,0.0
2019-09-16 00:00:00-04:00,52.37650901593333,52.95384839785664,52.335614739521375,52.89851760864258,84632400,0.0,0.0
2019-09-17 00:00:00-04:00,52.912955319127846,53.11983462664283,52.71088451204481,53.090965270996094,73274800,0.0,0.0
2019-09-18 00:00:00-04:00,53.17757001208415,53.60816942297296,52.78786855223211,53.588924407958984,101360000,0.0,0.0
2019-09-19 00:00:00-04:00,53.40609312582707,53.82706815074794,53.01157953501138,53.15351104736328,88242400,0.0,0.0
2019-09-20 00:00:00-04:00,53.25455423391184,53.53840996867558,52.31397469878706,52.37651824951172,221652400,0.0,0.0
2019-09-23 00:00:00-04:00,52.66999310798111,52.884088848434445,52.35726804412726,52.61466598510742,76662000,0.0,0.0
2019-09-24 00:00:00-04:00,53.17034699206987,53.52156204892097,52.246608409698545,52.364479064941406,124763200,0.0,0.0
2019-09-25 00:00:00-04:00,52.573768388250606,53.28341128066549,52.2345819095354,53.17034912109375,87613600,0.0,0.0
2019-09-26 00:00:00-04:00,52.92257196747614,53.14869627136216,52.641120547940574,52.89611053466797,75334000,0.0,0.0
2019-09-27 00:00:00-04:00,53.05247641965326,53.153513660739534,52.26826137037772,52.63872146606445,101408000,0.0,0.0
2019-09-30 00:00:00-04:00,53.13906661128495,54.024318726125784,53.11260518112533,53.87757873535156,103909600,0.0,0.0
2019-10-01 00:00:00-04:00,54.142195836042134,54.899949338845005,53.93290863373775,54.02672576904297,139223200,0.0,0.0
2019-10-02 00:00:00-04:00,53.65868365787057,53.7837744184826,52.424624157363944,52.672401428222656,138449200,0.0,0.0
2019-10-03 00:00:00-04:00,52.54490352557878,53.15351657327003,51.751067761117135,53.11983871459961,114426000,0.0,0.0
2019-10-04 00:00:00-04:00,54.279328332679945,54.724360636268905,53.858353218165085,54.608890533447266,138478800,0.0,0.0
2019-10-07 00:00:00-04:00,54.43087969741397,55.31131627633927,54.3274381907468,54.62091827392578,122306000,0.0,0.0
2019-10-08 00:00:00-04:00,54.32262393488646,54.86146966676648,53.96419241668242,53.98102951049805,111820000,0.0,0.0
2019-10-09 00:00:00-04:00,54.61368942260742,54.79651153502603,54.27931513122723,54.61368942260742,74770400,0.0,0.0
2019-10-10 00:00:00-04:00,54.830188167557914,55.433988949262805,54.67863966258363,55.34979248046875,113013600,0.0,0.0
2019-10-11 00:00:00-04:00,56.03778756451031,57.16600118945812,55.88383113476842,56.82200622558594,166795600,0.0,0.0
2019-10-14 00:00:00-04:00,56.506874566173074,57.283876824130715,56.45154744797599,56.74021530151367,96427600,0.0,0.0
2019-10-15 00:00:00-04:00,56.86530439737924,57.168405084190226,56.50206442322086,56.60791015625,87360000,0.0,0.0
2019-10-16 00:00:00-04:00,56.13882591575506,56.588670322294504,56.097931637089864,56.3793830871582,73903200,0.0,0.0
2019-10-17 00:00:00-04:00,56.552583041096554,56.80757304870868,56.17491020074965,56.598289489746094,67585200,0.0,0.0
2019-10-18 00:00:00-04:00,56.43230897960908,57.15157628203032,56.36014109020242,56.87012481689453,97433600,0.0,0.0
2019-10-21 00:00:00-04:00,57.137128463437165,57.97186196777041,57.0890177733123,57.85639190673828,87247200,0.0,0.0
2019-10-22 00:00:00-04:00,58.01276606582909,58.26294389922715,57.64230598082633,57.724098205566406,82293600,0.0,0.0
2019-10-23 00:00:00-04:00,58.238889244421685,58.51312425689027,58.027197771424554,58.498687744140625,75828800,0.0,0.0
2019-10-24 00:00:00-04:00,58.818629879608615,58.88839351156194,58.16912628162669,58.594913482666016,69275200,0.0,0.0
2019-10-25 00:00:00-04:00,58.49387672410792,59.35266382986674,58.42652101662137,59.31658172607422,73477200,0.0,0.0
2019-10-28 00:00:00-04:00,59.518649642872596,59.95886966807034,59.3502603719089,59.91075897216797,96572800,0.0,0.0
2019-10-29 00:00:00-04:00,59.891524694792075,60.07915901187092,58.35196012629603,58.5251579284668,142839600,0.0,0.0
2019-10-30 00:00:00-04:00,58.87876862858786,59.00867154935717,58.024793654786826,58.5179328918457,124522000,0.0,0.0
2019-10-31 00:00:00-04:00,59.47535156050555,59.93962510180534,57.07458854156934,59.84099578857422,139162000,0.0,0.0
2019-11-01 00:00:00-04:00,60.02863474954351,61.565794923188214,59.93722552071114,61.539337158203125,151125200,0.0,0.0
2019-11-04 00:00:00-05:00,61.90257967738118,62.027674116998526,61.433497552485065,61.943477630615234,103272000,0.0,0.0
2019-11-05 00:00:00-05:00,61.83520917316709,62.10944783332755,61.65960716141427,61.85445785522461,79897600,0.0,0.0
2019-11-06 00:00:00-05:00,61.76786586873383,61.94106733591677,61.431087277328864,61.88092803955078,75864400,0.0,0.0
2019-11-07 00:00:00-05:00,62.428636083965365,62.817099787210246,62.27662886805492,62.59511947631836,94940400,0.1925,0.0
2019-11-08 00:00:00-05:00,62.41656042739546,62.8387993222777,61.97260727293929,62.76641845703125,69986400,0.0,0.0
2019-11-11 00:00:00-05:00,62.32248529925819,63.328623947456606,62.31766236054512,63.26348114013672,81821200,0.0,0.0
2019-11-12 00:00:00-05:00,63.106629516115106,63.40582100469488,62.954629666270094,63.2055549621582,87388800,0.0,0.0
2019-11-13 00:00:00-05:00,63.00527745670818,63.885945606147736,62.99080128485799,63.81114959716797,102734400,0.0,0.0
2019-11-14 00:00:00-05:00,63.63744552175714,63.91009243803884,63.23933596081398,63.36962890625,89182800,0.0,0.0
2019-11-15 00:00:00-05:00,63.62053323662518,64.12722131238719,63.4588802057258,64.12239837646484,100206400,0.0,0.0
2019-11-18 00:00:00-05:00,64.13207205686805,64.52535872127152,63.75326893303377,64.44573974609375,86703200,0.0,0.0
2019-11-19 00:00:00-05:00,64.63874619503746,64.66287560634905,64.03313994171292,64.25028991699219,76167200,0.0,0.0
2019-11-20 00:00:00-05:00,64.06933888647802,64.19962447099206,62.82915914031939,63.5023307800293,106234400,0.0,0.0
2019-11-21 00:00:00-05:00,63.62296849301683,63.70017967174108,63.017354814997276,63.217620849609375,121395200,0.0,0.0
2019-11-22 00:00:00-05:00,63.35755654335506,63.49991050527133,62.93531759481492,63.1621208190918,65325200,0.0,0.0
2019-11-25 00:00:00-05:00,63.38650127732471,64.28647597885696,63.34065760793023,64.26958465576172,84020400,0.0,0.0
2019-11-26 00:00:00-05:00,64.407131169223,64.46021293797112,63.335849918680225,63.76774215698242,105207600,0.0,0.0
2019-11-27 00:00:00-05:00,64.07898139381598,64.65805785871959,64.01383860498274,64.62427520751953,65235600,0.0,0.0
2019-11-29 00:00:00-05:00,64.32506536829597,64.66285492885436,64.15616690638667,64.48189544677734,46617600,0.0,0.0
2019-12-02 00:00:00-05:00,64.4867300820024,64.72318649892358,63.56504854881408,63.73635482788086,94487200,0.0,0.0
2019-12-03 00:00:00-05:00,62.32487921217893,62.619240365203154,61.83749749069341,62.59994125366211,114430400,0.0,0.0
2019-12-04 00:00:00-05:00,62.990808945873894,63.53127239604307,62.896706454141444,63.152462005615234,67181600,0.0,0.0
2019-12-05 00:00:00-05:00,63.64709466989342,64.15378288001588,63.39133909623157,64.0789794921875,74424400,0.0,0.0
2019-12-06 00:00:00-05:00,64.53741422211255,65.38671502853519,64.49397833560806,65.31674194335938,106075600,0.0,0.0
2019-12-09 00:00:00-05:00,65.14543525447796,65.33845582103804,63.917324043827655,64.40229797363281,128042400,0.0,0.0
2019-12-10 00:00:00-05:00,64.80763123629215,65.16231215536672,64.14652084747135,64.77867889404297,90420400,0.0,0.0
2019-12-11 00:00:00-05:00,64.85830938290775,65.41084122340847,64.78351336435996,65.33121490478516,78756800,0.0,0.0
2019-12-12 00:00:00-05:00,64.60978207969583,65.76309704302184,64.49879564379098,65.49768829345703,137310400,0.0,0.0
2019-12-13 00:00:00-05:00,65.49769430196437,66.42420617913521,65.36981653316047,66.38801574707031,133587600,0.0,0.0
2019-12-16 00:00:00-05:00,66.83438907918607,67.7488400023079,66.82956614230139,67.52444458007812,128186000,0.0,0.0
2019-12-17 00:00:00-05:00,67.45448408416172,67.98529434981573,67.26869423240927,67.65715789794922,114158400,0.0,0.0
2019-12-18 00:00:00-05:00,67.50997483252102,68.01666305761623,67.34590660367515,67.49549865722656,116028400,0.0,0.0
2019-12-19 00:00:00-05:00,67.43757907439164,67.84292661971328,67.30487837572159,67.56304168701172,98369200,0.0,0.0
2019-12-20 00:00:00-05:00,68.0962670869402,68.19760028081991,67.21076871731513,67.423095703125,275978000,0.0,0.0
2019-12-23 00:00:00-05:00,67.68609864318917,68.58365815793964,67.6474930619539,68.5233383178711,98572000,0.0,0.0
2019-12-24 00:00:00-05:00,68.68981865508782,68.73807747033234,68.26275685689335,68.5884780883789,48478800,0.0,0.0
2019-12-26 00:00:00-05:00,68.72120656096197,69.96620925880787,68.6922542085201,69.9493179321289,93121200,0.0,0.0
2019-12-27 00:00:00-05:00,70.24126588060444,70.9289137228552,69.51742759681707,69.92277526855469,146266000,0.0,0.0
2019-12-30 00:00:00-05:00,69.84073357609194,70.62006869460002,68.81771126880989,70.3377685546875,144114400,0.0,0.0
2019-12-31 00:00:00-05:00,69.95414762974494,70.858945547306,69.85522217383321,70.8517074584961,100805600,0.0,0.0
2020-01-02 00:00:00-05:00,71.4765996590847,72.52858156247073,71.22325926076245,72.46826171875,135480400,0.0,0.0
2020-01-03 00:00:00-05:00,71.69616734789946,72.52375386627762,71.53933722124737,71.76372528076172,146322800,0.0,0.0
2020-01-06 00:00:00-05:00,70.88547194642054,72.3741616151194,70.63453932655295,72.33555603027344,118387200,0.0,0.0
2020-01-07 00:00:00-05:00,72.34522736157655,72.60098298229356,71.77581141002224,71.99537658691406,108872000,0.0,0.0
2020-01-08 00:00:00-05:00,71.69858142215591,73.45509501348069,71.69858142215591,73.15349578857422,132079200,0.0,0.0
2020-01-09 00:00:00-05:00,74.13067516689924,74.90035698659045,73.87974991049977,74.70733642578125,170108400,0.0,0.0
2020-01-10 00:00:00-05:00,74.94137084294664,75.44082088635776,74.3743628731269,74.876220703125,140644800,0.0,0.0
2020-01-13 00:00:00-05:00,75.19232073386635,76.5024661955154,75.07408881301154,76.47592163085938,121532000,0.0,0.0
2020-01-14 00:00:00-05:00,76.41318515734736,76.62309704687446,75.3201898237738,75.4432373046875,161954400,0.0,0.0
2020-01-15 00:00:00-05:00,75.2429736592525,76.12364189473249,74.6880266854858,75.11991882324219,121923600,0.0,0.0
2020-01-16 00:00:00-05:00,75.66280356227105,76.17190690767254,75.30088447470833,76.0609130859375,108829200,0.0,0.0
2020-01-17 00:00:00-05:00,76.30943200280402,76.90539240608445,76.00300982033474,76.90298461914062,137816400,0.0,0.0
2020-01-21 00:00:00-05:00,76.53141272712692,76.97295078497612,76.2442896548719,76.38182067871094,110843200,0.0,0.0
2020-01-22 00:00:00-05:00,76.86676144697746,77.20696616699412,76.56033936565174,76.6544418334961,101832400,0.0,0.0
2020-01-23 00:00:00-05:00,76.70753760258107,77.1032319252794,76.15982874124028,77.02361297607422,104472000,0.0,0.0
2020-01-24 00:00:00-05:00,77.26971830945405,78.01285552986269,76.61102297800898,76.8016357421875,146537600,0.0,0.0
2020-01-27 00:00:00-05:00,74.81110584028455,75.22369163896585,73.56128005375581,74.54328918457031,161940000,0.0,0.0
2020-01-28 00:00:00-05:00,75.42393505290065,76.82335250031947,75.32500962430629,76.65204620361328,162234000,0.0,0.0
2020-01-29 00:00:00-05:00,78.28310584272509,79.1034543464979,77.54237630271076,78.25656127929688,216229200,0.0,0.0
2020-01-30 00:00:00-05:00,77.33969324731856,78.19623208684209,76.90780110255082,78.14315032958984,126743200,0.0,0.0
2020-01-31 00:00:00-05:00,77.43378134455115,77.85602021422844,74.38401413760657,74.67837524414062,199588400,0.0,0.0
2020-02-03 00:00:00-05:00,73.42130011057627,75.6386578310323,72.91944232393651,74.47328186035156,173788400,0.0,0.0
2020-02-04 00:00:00-05:00,76.07779194419663,77.1225356625265,75.67244439973094,76.93192291259766,136616400,0.0,0.0
2020-02-05 00:00:00-05:00,78.0587155711189,78.35790705994806,76.95607421407713,77.55927276611328,118826800,0.0,0.0
2020-02-06 00:00:00-05:00,77.82946477682879,78.46885344267564,77.27211018855664,78.46643829345703,105425600,0.0,0.0
2020-02-07 00:00:00-05:00,77.96582750464246,78.2149347676415,76.90893545307632,77.39989471435547,117684000,0.1925,0.0
2020-02-10 00:00:00-05:00,75.98507626887303,77.76752471923828,75.905268338878,77.76752471923828,109348800,0.0,0.0
2020-02-11 00:00:00-05:00,78.26331148915241,78.33586413946524,77.08065162389036,77.2983169555664,94323200,0.0,0.0
2020-02-12 00:00:00-05:00,77.74815014590597,79.13879892072599,77.74815014590597,79.13396453857422,113730400,0.0,0.0
2020-02-13 00:00:00-05:00,78.4060150979807,78.89697445434517,78.20286026576835,78.57047271728516,94747600,0.0,0.0
2020-02-14 00:00:00-05:00,78.53900374750255,78.8389051991665,78.08190737748309,78.58979797363281,80113600,0.0,0.0
2020-02-18 00:00:00-05:00,76.27045008047632,77.33218399932765,76.08906106405882,77.15079498291016,152531200,0.0,0.0
2020-02-19 00:00:00-05:00,77.39266227728542,78.49792800681037,77.39266227728542,78.2681655883789,93984000,0.0,0.0
2020-02-20 00:00:00-05:00,78.0287063254119,78.51724467318775,76.95971731481961,77.4651870727539,100566000,0.0,0.0
2020-02-21 00:00:00-05:00,77.05888657687778,77.50147989029539,75.09504942814512,75.7117691040039,129554000,0.0,0.0
2020-02-24 00:00:00-05:00,71.8929330165793,73.56654484289926,69.950861613102,72.11543273925781,222195200,0.0,0.0
2020-02-25 00:00:00-05:00,72.7853553748288,73.1674782506727,69.20110730705076,69.67271423339844,230673600,0.0,0.0
2020-02-26 00:00:00-05:00,69.2978515957081,72.04287320574078,69.29059633111234,70.77798461914062,198054800,0.0,0.0
2020-02-27 00:00:00-05:00,67.98460193931137,69.16967532004576,66.01592302206369,66.15135955810547,320605600,0.0,0.0
2020-02-28 00:00:00-05:00,62.218858912688944,67.33402814341571,62.00360705177279,66.1126708984375,426510000,0.0,0.0
2020-03-02 00:00:00-05:00,68.26999310714803,72.90387904877242,67.16714840245746,72.26780700683594,341397200,0.0,0.0
2020-03-03 00:00:00-05:00,73.44321158109558,73.52301950606079,69.12130946491573,69.9726333618164,319475600,0.0,0.0
2020-03-04 00:00:00-05:00,71.69459728745565,73.3778849017667,70.89406787161629,73.21826171875,219178400,0.0,0.0
2020-03-05 00:00:00-05:00,71.47210154193513,72.4467648225109,70.47809334857007,70.84329223632812,187572800,0.0,0.0
2020-03-06 00:00:00-05:00,68.20225442366566,70.33539053552722,68.01603106687887,69.90247344970703,226176800,0.0,0.0
2020-03-09 00:00:00-04:00,63.788471263695044,67.2566283985615,63.60708224588359,64.3737564086914,286744800,0.0,0.0
2020-03-10 00:00:00-04:00,67.02688078666671,69.27610190295883,65.14768563149643,69.01006317138672,285290000,0.0,0.0
2020-03-11 00:00:00-04:00,67.0873163892102,68.01360611620582,65.74986801151265,66.61328125,255598800,0.0,0.0
2020-03-12 00:00:00-04:00,61.8996041788163,65.30004285714023,59.9792986243362,60.0349235534668,418474000,0.0,0.0
2020-03-13 00:00:00-04:00,64.06418648557232,67.69922212839465,61.176469024415624,67.22760772705078,370732000,0.0,0.0
2020-03-16 00:00:00-04:00,58.51608798383502,62.65901004477626,58.044477343492844,58.57897186279297,322423600,0.0,0.0
2020-03-17 00:00:00-04:00,59.86079146440188,62.303494624543745,57.65751943951495,61.154701232910156,324056000,0.0,0.0
2020-03-18 00:00:00-04:00,57.98885734585637,60.4630023695136,57.34794730651824,59.65763473510742,300233600,0.0,0.0
2020-03-19 00:00:00-04:00,59.831764860050804,61.14985749394757,58.67571261986398,59.200531005859375,271857200,0.0,0.0
2020-03-20 00:00:00-04:00,59.78097572031221,60.90558973701077,55.142256121470716,55.44215393066406,401693200,0.0,0.0
2020-03-23 00:00:00-04:00,55.16160435739665,55.26318175410043,51.42015363881515,54.26433181762695,336752800,0.0,0.0
2020-03-24 00:00:00-04:00,57.16414681678831,59.90433080067905,56.6659322179662,59.708431243896484,287531200,0.0,0.0
2020-03-25 00:00:00-04:00,60.644390107262105,62.45828014038061,59.08444541685393,59.3795051574707,303602000,0.0,0.0
2020-03-26 00:00:00-04:00,59.62135150815354,62.56226879829015,59.58265430542807,62.50422668457031,252087200,0.0,0.0
2020-03-27 00:00:00-04:00,61.1281011506361,61.882678310331166,59.74954530489737,59.91642379760742,204216800,0.0,0.0
2020-03-30 00:00:00-04:00,60.64198021312565,61.798032638117675,60.317895683529414,61.62631607055664,167976400,0.0,0.0
2020-03-31 00:00:00-04:00,61.81737856650545,63.48373516730324,60.94670980739506,61.50054931640625,197002000,0.0,0.0
2020-04-01 00:00:00-04:00,59.61652017243426,60.15343192722889,57.83407204839957,58.26456832885742,176218400,0.0,0.0
2020-04-02 00:00:00-04:00,58.12671272222617,59.29002033037774,57.294741195546685,59.236812591552734,165934000,0.0,0.0
2020-04-03 00:00:00-04:00,58.721668376231186,59.423037724427395,57.79537474123642,58.385494232177734,129880000,0.0,0.0
2020-04-06 00:00:00-04:00,60.68067122588063,63.63368236649505,60.31305880719071,63.47890090942383,201820400,0.0,0.0
2020-04-07 00:00:00-04:00,65.49353582701526,65.71120858870185,62.63968443072946,62.74367904663086,202887200,0.0,0.0
2020-04-08 00:00:00-04:00,63.54419983698464,64.6639759139237,63.17900829152558,64.34957122802734,168895200,0.0,0.0
2020-04-09 00:00:00-04:00,64.98563931197687,65.31697539124775,64.0182312530311,64.81391906738281,161834800,0.0,0.0
2020-04-13 00:00:00-04:00,64.89131758100808,66.19490356550595,64.29152188952229,66.08606719970703,131022800,0.0,0.0
2020-04-14 00:00:00-04:00,67.71857571729868,69.71385518039764,67.24696125554331,69.42362976074219,194994800,0.0,0.0
2020-04-15 00:00:00-04:00,68.2990035025,69.24948009360917,67.87092811844572,68.78996276855469,131154400,0.0,0.0
2020-04-16 00:00:00-04:00,69.50343396347523,69.7017543891835,68.28691861079514,69.33655548095703,157125200,0.0,0.0
2020-04-17 00:00:00-04:00,68.85284047730217,69.39942831156146,66.95913534892303,68.39573669433594,215250000,0.0,0.0
2020-04-20 00:00:00-04:00,67.22277564592211,68.12487900696708,66.95673693299449,66.97608184814453,130015200,0.0,0.0
2020-04-21 00:00:00-04:00,66.81886518475746,67.05346190215134,64.19476970811112,64.90581512451172,180991600,0.0,0.0
2020-04-22 00:00:00-04:00,66.17310561229915,67.2106524991791,65.83210087271084,66.77532196044922,116862400,0.0,0.0
2020-04-23 00:00:00-04:00,66.71970292934046,68.14179371829223,66.47785095518503,66.51654815673828,124814400,0.0,0.0
2020-04-24 00:00:00-04:00,67.04136830681426,68.44652764676574,66.99299496104605,68.43685150146484,126161200,0.0,0.0
2020-04-27 00:00:00-04:00,68.1538860746012,68.81656552903699,67.7064658092128,68.4852294921875,117087600,0.0,0.0
2020-04-28 00:00:00-04:00,68.94716776474043,69.12855677224428,67.28323213572467,67.37512969970703,112004800,0.0,0.0
2020-04-29 00:00:00-04:00,68.86252533126566,70.05727484881541,68.65937052894684,69.58808135986328,137280800,0.0,0.0
2020-04-30 00:00:00-04:00,70.1274034083595,71.23266881272234,69.73802523358442,71.05611419677734,183064000,0.0,0.0
2020-05-01 00:00:00-04:00,69.23016100141403,72.31377515955562,69.1334216412282,69.91218566894531,240616800,0.0,0.0
2020-05-04 00:00:00-04:00,69.93634950460861,71.02951794095532,69.24706979478302,70.90133666992188,133568000,0.0,0.0
2020-05-05 00:00:00-04:00,71.36086215007607,72.79746385447393,71.21574945029819,71.96549224853516,147751200,0.0,0.0
2020-05-06 00:00:00-04:00,72.66685157702763,73.33919985774601,72.28230777359485,72.70796966552734,142333600,0.0,0.0
2020-05-07 00:00:00-04:00,73.3343531605904,73.80596744487967,73.0320382041835,73.46011352539062,115215200,0.0,0.0
2020-05-08 00:00:00-04:00,74.11974268821213,75.26194703967974,73.792357201285,75.2085952758789,133838400,0.205,0.0
2020-05-11 00:00:00-04:00,74.71630682370795,76.88673708897407,74.50774723825187,76.39202880859375,145946400,0.0,0.0
2020-05-12 00:00:00-04:00,77.07589353648245,77.52695980197926,75.39775148384071,75.51900482177734,162301200,0.0,0.0
2020-05-13 00:00:00-04:00,75.69846552238357,76.61999543008798,73.53045501521297,74.60718536376953,200622400,0.0,0.0
2020-05-14 00:00:00-04:00,73.84570540703209,75.12614027584165,73.12303289595279,75.06551361083984,158929200,0.0,0.0
2020-05-15 00:00:00-04:00,72.83688885866347,74.6678114842192,72.80293436830361,74.62173461914062,166348400,0.0,0.0
2020-05-18 00:00:00-04:00,75.94581646414036,76.75336041216173,75.25467098028571,76.37989807128906,135178400,0.0,0.0
2020-05-19 00:00:00-04:00,76.39688667871405,77.24323270759544,75.90702580080492,75.93855285644531,101729600,0.0,0.0
2020-05-20 00:00:00-04:00,76.79703154307944,77.48574978669299,76.75822957715101,77.4154281616211,111504800,0.0,0.0
2020-05-21 00:00:00-04:00,77.27718574052247,77.81797834459402,76.60058997680626,76.83824920654297,102688800,0.0,0.0
2020-05-22 00:00:00-04:00,76.57632739090906,77.41540578523484,76.47447873541405,77.33295440673828,81803200,0.0,0.0
2020-05-26 00:00:00-04:00,78.45094178805657,78.63039443349918,76.75339436142164,76.80917358398438,125522000,0.0,0.0
2020-05-27 00:00:00-04:00,76.66605259401979,77.28928903323622,75.92640290282476,77.14378356933594,112945200,0.0,0.0
2020-05-28 00:00:00-04:00,76.81885227689466,78.43637538186252,76.54239845998111,77.17776489257812,133560800,0.0,0.0
2020-05-29 00:00:00-04:00,77.42026037966232,77.88102160812149,76.74609208099886,77.10257720947266,153532400,0.0,0.0
2020-06-01 00:00:00-04:00,77.05650232055906,78.1720345974753,76.92554663308496,78.05078125,80791200,0.0,0.0
2020-06-02 00:00:00-04:00,77.78399525422113,78.43633862798944,77.34263144730085,78.4120864868164,87642800,0.0,0.0
2020-06-03 00:00:00-04:00,78.73222950297175,79.10569190926654,78.15990981793529,78.84378051757812,104491200,0.0,0.0
2020-06-04 00:00:00-04:00,78.66674739088378,78.96502587807994,77.79129440641832,78.16475677490234,87560400,0.0,0.0
2020-06-05 00:00:00-04:00,78.41454770677157,80.45160263084539,78.38544808511186,80.39097595214844,137250400,0.0,0.0
2020-06-08 00:00:00-04:00,80.08783519139197,80.90023409134206,79.37729235859877,80.86627960205078,95654400,0.0,0.0
2020-06-09 00:00:00-04:00,80.54618503439575,83.81274342787988,80.51465797687612,83.41988372802734,147712400,0.0,0.0
2020-06-10 00:00:00-04:00,84.36807171758845,86.0340914097843,83.92913522287401,85.56605529785156,166651600,0.0,0.0
2020-06-11 00:00:00-04:00,84.71000802945393,85.13439472060976,81.35614389223483,81.45799255371094,201662400,0.0,0.0
2020-06-12 00:00:00-04:00,83.5969208795234,84.34383835712818,81.05060019570263,82.1612777709961,200146000,0.0,0.0
2020-06-15 00:00:00-04:00,80.81535534530535,83.82971175950732,80.6528726048748,83.1773681640625,138808800,0.0,0.0
2020-06-16 00:00:00-04:00,85.2313990507297,85.65336572310193,83.59690633112962,85.38175201416016,165428800,0.0,0.0
2020-06-17 00:00:00-04:00,86.12624739787411,86.18687406891311,85.14167085225792,85.26292419433594,114406400,0.0,0.0
2020-06-18 00:00:00-04:00,85.21926346579517,85.71397910806621,84.68817330586795,85.29686737060547,96820400,0.0,0.0
2020-06-19 00:00:00-04:00,86.00258453034328,86.4681932764156,83.70119078400126,84.8094482421875,264476000,0.0,0.0
2020-06-22 00:00:00-04:00,85.2022986582704,87.17145177573371,85.15622179560962,87.02837371826172,135445200,0.0,0.0
2020-06-23 00:00:00-04:00,88.27241432568542,90.3046210923527,87.85287518674821,88.88595581054688,212155600,0.0,0.0
2020-06-24 00:00:00-04:00,88.51493143673328,89.43403375590695,86.94348560614667,87.31694793701172,192623200,0.0,0.0
2020-06-25 00:00:00-04:00,87.47216900112456,88.51494484309887,86.71312185164297,88.47614288330078,137522400,0.0,0.0
2020-06-26 00:00:00-04:00,88.37188228126114,88.59256430342103,85.60972695188423,85.75765991210938,205256800,0.0,0.0
2020-06-29 00:00:00-04:00,85.66550295799838,87.82866626069892,85.18776440060446,87.73408508300781,130646000,0.0,0.0
2020-06-30 00:00:00-04:00,87.32182147239291,88.75261712274803,87.30242419000004,88.4664535522461,140223200,0.0,0.0
2020-07-01 00:00:00-04:00,88.54405219679813,89.08726487998509,88.25062113854636,88.29911804199219,110737200,0.0,0.0
2020-07-02 00:00:00-04:00,89.20609820497056,89.84146462563768,88.18514698857149,88.29911804199219,114041600,0.0,0.0
2020-07-06 00:00:00-04:00,89.72747297069945,91.12916130648333,89.69594591770318,90.66112518310547,118655600,0.0,0.0
2020-07-07 00:00:00-04:00,91.03944029125856,91.81788471884249,90.2682707685785,90.37982177734375,112424400,0.0,0.0
2020-07-08 00:00:00-04:00,91.3571096058866,92.51629114915804,91.26980335957539,92.4847640991211,117092000,0.0,0.0
2020-07-09 00:00:00-04:00,93.37721573714495,93.43056751509404,91.83487644851928,92.88250732421875,125642800,0.0,0.0
2020-07-10 00:00:00-04:00,92.47750286894541,93.10317429108636,91.86638865727205,93.04496765136719,90257200,0.0,0.0
2020-07-13 00:00:00-04:00,94.34965162813619,96.95902596441493,92.40232321566707,92.61573028564453,191649200,0.0,0.0
2020-07-14 00:00:00-04:00,91.99732841763048,94.33994377964609,91.0636836420722,94.14836883544922,170989200,0.0,0.0
2020-07-15 00:00:00-04:00,96.02293577834864,96.27271734408903,93.59786915923183,94.79585266113281,153198000,0.0,0.0
2020-07-16 00:00:00-04:00,93.66819648454633,94.4854427364264,93.0304027910354,93.62939453125,110577600,0.0,0.0
2020-07-17 00:00:00-04:00,94.08047543961847,94.23567587629981,92.96736319511449,93.44025421142578,92186800,0.0,0.0
2020-07-20 00:00:00-04:00,93.52757658018402,95.54765444448357,93.18321375708835,95.409423828125,90318000,0.0,0.0
2020-07-21 00:00:00-04:00,96.19998954005356,96.27516602978264,93.84282396994556,94.09260559082031,103433200,0.0,0.0
2020-07-22 00:00:00-04:00,93.7943238421043,95.03838453181072,93.70702497300391,94.35694122314453,89001600,0.0,0.0
2020-07-23 00:00:00-04:00,94.09018221266099,94.16778614112043,89.25217747144076,90.06214904785156,197004400,0.0,0.0
2020-07-24 00:00:00-04:00,88.2603063707244,90.18338250647658,86.47302597872792,89.83901977539062,185438800,0.0,0.0
2020-07-27 00:00:00-04:00,90.90120328645872,92.06038492393321,90.67810128466274,91.96823120117188,121214000,0.0,0.0
2020-07-28 00:00:00-04:00,91.53899808495447,91.71603062810593,90.45256547899412,90.4574203491211,103625600,0.0,0.0
2020-07-29 00:00:00-04:00,90.94002484369736,92.37566795887918,90.90365031390351,92.19136047363281,90329200,0.0,0.0
2020-07-30 00:00:00-04:00,91.36437375434413,93.41113032380457,90.95696438809426,93.30685424804688,158130000,0.0,0.0
2020-07-31 00:00:00-04:00,99.8011951135409,103.22538804359196,97.8029351589063,103.07503509521484,374336800,0.0,0.0
2020-08-03 00:00:00-04:00,104.95688931304775,108.29135620019736,104.6586108297832,105.67228698730469,308151200,0.0,0.0
2020-08-04 00:00:00-04:00,105.86144267124749,107.46926317333123,105.13877008729901,106.37798309326172,173071600,0.0,0.0
2020-08-05 00:00:00-04:00,106.09909913352544,107.08367565483033,105.63348305512756,106.76356506347656,121776800,0.0,0.0
2020-08-06 00:00:00-04:00,107.095798287908,110.98318005233068,106.506508834704,110.48846435546875,202428800,0.0,0.0
2020-08-07 00:00:00-04:00,110.00986453782278,110.46660028081871,107.17956943228634,107.97642517089844,198045600,0.205,0.0
2020-08-10 00:00:00-04:00,109.42192601717989,110.56376526000149,106.89531105683027,109.54582977294922,212403600,0.0,0.0
2020-08-11 00:00:00-04:00,108.80973072656776,109.30776282738468,106.02801970691873,106.28797149658203,187902400,0.0,0.0
2020-08-12 00:00:00-04:00,107.37879010908718,110.07790114888351,107.18443792191327,109.82038116455078,165598000,0.0,0.0
2020-08-13 00:00:00-04:00,111.20030714999548,112.7672986221406,110.71198742895228,111.7639389038086,210082000,0.0,0.0
2020-08-14 00:00:00-04:00,111.58900987277718,111.75420996900903,109.85438662016135,111.66432189941406,165565200,0.0,0.0
2020-08-17 00:00:00-04:00,112.78670751853602,112.81100339176658,110.74598020618218,111.37277221679688,119561600,0.0,0.0
2020-08-18 00:00:00-04:00,111.12497934318773,112.7259788863913,110.78971554731912,112.30082702636719,105633600,0.0,0.0
2020-08-19 00:00:00-04:00,112.7089894111577,113.85568519716752,112.34700528381059,112.4417495727539,145538000,0.0,0.0
2020-08-20 00:00:00-04:00,112.48306242183136,115.05098206254263,112.46605456390462,114.93679809570312,126907200,0.0,0.0
2020-08-21 00:00:00-04:00,115.89640603696287,121.34321254794537,115.88426180533297,120.85975646972656,338054800,0.0,0.0
2020-08-24 00:00:00-04:00,125.06509136210123,125.15013062833738,120.43944460680316,122.30525207519531,345937600,0.0,0.0
2020-08-25 00:00:00-04:00,121.17801402833966,121.64689406910605,119.57943869691742,121.30191040039062,211495600,0.0,0.0
2020-08-26 00:00:00-04:00,122.61866792136692,123.40823574071352,121.5521404466388,122.95149993896484,163022400,0.0,0.0
2020-08-27 00:00:00-04:00,123.55400095827326,123.88683296878132,120.33741816118453,121.481689453125,155552400,0.0,0.0
2020-08-28 00:00:00-04:00,122.45589632606433,122.87376022104301,121.06140041082597,121.284912109375,187630000,0.0,0.0
2020-08-31 00:00:00-04:00,123.97916478082978,127.30263641002203,122.44375715773111,125.39794921875,225702700,0.0,4.0
2020-09-01 00:00:00-04:00,129.0129180085765,130.99534845473963,126.84586266163116,130.39283752441406,151948100,0.0,0.0
2020-09-02 00:00:00-04:00,133.70662433115996,134.0856162874723,123.41552250903742,127.69132995605469,200119000,0.0,0.0
2020-09-03 00:00:00-04:00,123.3280682941128,125.20358843955071,117.09898196053354,117.46825408935547,257599600,0.0,0.0
2020-09-04 00:00:00-04:00,116.68111019411374,120.20865338231157,107.76020880398585,117.54598999023438,332607200,0.0,0.0
2020-09-08 00:00:00-04:00,110.73383072804653,115.63158082191183,109.49967893283078,109.63572692871094,231366600,0.0,0.0
2020-09-09 00:00:00-04:00,113.95042385620658,115.77735955442189,112.00687240165654,114.00872802734375,176940500,0.0,0.0
2020-09-10 00:00:00-04:00,116.96294529880299,117.0989933286325,109.32478630266519,110.2868423461914,182274400,0.0,0.0
2020-09-11 00:00:00-04:00,111.33635359603639,111.97772918558881,106.89533846718923,108.8388900756836,180860300,0.0,0.0
2020-09-14 00:00:00-04:00,111.48211380367826,112.65796155648654,109.6163061668615,112.10404968261719,140150100,0.0,0.0
2020-09-15 00:00:00-04:00,114.9902161756601,115.4761040079777,110.40343385233226,112.27896118164062,184642000,0.0,0.0
2020-09-16 00:00:00-04:00,111.97771281555889,112.72597681325361,108.87774608069525,108.96520233154297,154679000,0.0,0.0
2020-09-17 00:00:00-04:00,106.62325744568642,109.03325762778361,105.64176166922014,107.22575378417969,178011000,0.0,0.0
2020-09-18 00:00:00-04:00,107.28403508185545,107.7504832499777,103.09567691699868,103.82450866699219,287104900,0.0,0.0
2020-09-21 00:00:00-04:00,101.58943010037062,107.0799641548333,100.1900707538578,106.97306823730469,195713800,0.0,0.0
2020-09-22 00:00:00-04:00,109.49967565732268,109.67459556308755,106.07902878399345,108.65422821044922,183055400,0.0,0.0
2020-09-23 00:00:00-04:00,108.46961737823794,108.94578544391972,103.75649882076176,104.09662628173828,150718700,0.0,0.0
2020-09-24 00:00:00-04:00,102.20167635253308,107.13830002893276,102.0364762180312,105.16559600830078,167743300,0.0,0.0
2020-09-25 00:00:00-04:00,105.3696421159189,109.26646484753799,104.63109048927913,109.11097717285156,149981400,0.0,0.0
2020-09-28 00:00:00-04:00,111.76393141391246,112.06517952480382,109.59686822281799,111.71533966064453,137672400,0.0,0.0
2020-09-29 00:00:00-04:00,111.31690400095869,112.05544815901067,110.36456059896766,110.86988067626953,99382200,0.0,0.0
2020-09-30 00:00:00-04:00,110.57836749432273,113.95043065542163,110.41316739020328,112.54135131835938,142675200,0.0,0.0
2020-10-01 00:00:00-04:00,114.31969839365316,114.3974422328623,112.56078666239473,113.49369049072266,116120400,0.0,0.0
2020-10-02 00:00:00-04:00,109.70374996252428,112.1137567801894,109.05266207166842,109.830078125,144712000,0.0,0.0
2020-10-05 00:00:00-04:00,110.6949727988638,113.35763612296132,110.34513295609943,113.21186828613281,106243800,0.0,0.0
2020-10-06 00:00:00-04:00,112.43447568029653,112.84262721845214,109.08185158171717,109.96617126464844,161498200,0.0,0.0
2020-10-07 00:00:00-04:00,111.3849238034784,112.288675423152,110.9087484133937,111.83193969726562,96849000,0.0,0.0
2020-10-08 00:00:00-04:00,112.96892357253944,113.11469140834828,111.35577237395906,111.72505187988281,83477200,0.0,0.0
2020-10-09 00:00:00-04:00,112.02631376339767,113.69776933647424,111.67647388000671,113.66861724853516,100506900,0.0,0.0
2020-10-12 00:00:00-04:00,116.67140501342882,121.64689998480601,115.91342104424781,120.888916015625,240226800,0.0,0.0
2020-10-13 00:00:00-04:00,121.7343481891843,121.85096395135838,116.2729730734288,117.68204498291016,262330500,0.0,0.0
2020-10-14 00:00:00-04:00,117.58486097492064,119.55756448106015,116.24381316344193,117.76950073242188,150712000,0.0,0.0
2020-10-15 00:00:00-04:00,115.36921555833267,117.77921521072741,114.81530369020432,117.30304718017578,112559200,0.0,0.0
2020-10-16 00:00:00-04:00,117.85697447987833,118.11935811253977,115.45668693235429,115.66075897216797,115393800,0.0,0.0
2020-10-19 00:00:00-04:00,116.57419800647807,117.0212138848156,112.39556744946591,112.70653533935547,120639300,0.0,0.0
2020-10-20 00:00:00-04:00,112.9203508575227,115.62189394960575,112.36643891932445,114.1933822631836,124423700,0.0,0.0
2020-10-21 00:00:00-04:00,113.37708203983998,115.35950558309032,113.16329017526478,113.57144165039062,89946000,0.0,0.0
2020-10-22 00:00:00-04:00,114.13507884257669,114.70843049070997,111.35579911814942,112.48306274414062,101988000,0.0,0.0
2020-10-23 00:00:00-04:00,113.10498668978074,113.26047437917072,111.05453912383231,111.7930908203125,82572600,0.0,0.0
2020-10-26 00:00:00-04:00,110.79216292996242,113.26047439389082,109.69405151217103,111.80281066894531,111850700,0.0,0.0
2020-10-27 00:00:00-04:00,112.2303873896094,113.9698669973098,111.30720332612077,113.3090591430664,92276800,0.0,0.0
2020-10-28 00:00:00-04:00,111.80281293277008,112.17208508150478,107.96429393091981,108.06147003173828,143937800,0.0,0.0
2020-10-29 00:00:00-04:00,109.19846475592668,113.6297606580206,109.03325721187969,112.06520080566406,146129200,0.0,0.0
2020-10-30 00:00:00-04:00,107.92540195106734,108.8291536074435,104.67967481973223,105.7874984741211,190272600,0.0,0.0
2020-11-02 00:00:00-05:00,106.03045798084733,107.55614568812253,104.29097841162539,105.7000503540039,122866900,0.0,0.0
2020-11-03 00:00:00-05:00,106.56493781497865,108.3432818947634,105.6611860241768,107.32292175292969,107624400,0.0,0.0
2020-11-04 00:00:00-05:00,110.91850655169202,112.32757871625803,109.17902670818275,111.70564270019531,138235500,0.0,0.0
2020-11-05 00:00:00-05:00,114.62092131729793,116.24379209443698,113.57140937482669,115.67044067382812,126387100,0.0,0.0
2020-11-06 00:00:00-05:00,115.1788900602559,116.03552551635951,113.04702688343866,115.53907012939453,114457900,0.205,0.0
2020-11-09 00:00:00-05:00,117.30101847694802,118.75146052631435,112.9691581097437,113.23198699951172,154515300,0.0,0.0
2020-11-10 00:00:00-05:00,112.48242528209808,114.46826159817878,111.10011726051921,112.89127349853516,138023400,0.0,0.0
2020-11-11 00:00:00-05:00,114.07888176862647,116.45410042104282,113.34879251575485,116.31781768798828,112295000,0.0,0.0
2020-11-12 00:00:00-05:00,116.44436129860394,117.33019898779234,115.42223346115063,116.04524230957031,103162300,0.0,0.0
2020-11-13 00:00:00-05:00,116.269139549406,116.49302940870272,114.74081980829087,116.09391784667969,81581900,0.0,0.0
2020-11-16 00:00:00-05:00,115.76295421656155,117.77800032814827,115.01339915844956,117.1063232421875,91183000,0.0,0.0
2020-11-17 00:00:00-05:00,116.37623782202498,117.46649976087988,115.80189704193324,116.2204818725586,74271000,0.0,0.0
2020-11-18 00:00:00-05:00,115.4611723878438,116.63904872341847,114.86736591902952,114.89656829833984,76322100,0.0,0.0
2020-11-19 00:00:00-05:00,114.4682514561133,115.89922751370858,113.70895985661822,115.4903793334961,74113000,0.0,0.0
2020-11-20 00:00:00-05:00,115.49037493540368,115.6169210548832,114.17621587656545,114.22488403320312,73604300,0.0,0.0
2020-11-23 00:00:00-05:00,114.06913532208017,114.49745669006192,110.7301937966756,110.8275375366211,127959300,0.0,0.0
2020-11-24 00:00:00-05:00,110.88594337156803,112.77443558427984,109.60097934121339,112.11248779296875,113874200,0.0,0.0
2020-11-25 00:00:00-05:00,112.48241594054053,113.6505557267342,112.11249931432629,112.94966888427734,76499200,0.0,0.0
2020-11-27 00:00:00-05:00,113.47534623148913,114.37092065910097,113.13463937607727,113.49481201171875,46691300,0.0,0.0
2020-11-30 00:00:00-05:00,113.86471334319992,117.75852242774822,113.7089574149293,115.88949584960938,169410200,0.0,0.0
2020-12-01 00:00:00-05:00,117.79745659658983,120.19214819451732,116.82400436522819,119.4620590209961,127728200,0.0,0.0
2020-12-02 00:00:00-05:00,118.78065073270163,120.0948173273605,117.68065226704212,119.81251525878906,89004200,0.0,0.0
2020-12-03 00:00:00-05:00,120.24082808918226,120.49392777356492,118.96560791819012,119.67623138427734,78967600,0.0,0.0
2020-12-04 00:00:00-05:00,119.34525394863078,119.59835363347426,118.29392365175957,119.00454711914062,78260400,0.0,0.0
2020-12-07 00:00:00-05:00,119.06296307750874,121.26296762556044,119.00455830891927,120.46473693847656,86712000,0.0,0.0
2020-12-08 00:00:00-05:00,121.06826612455384,121.66207262611567,119.82224093273689,121.07799530029297,82225500,0.0,0.0
2020-12-09 00:00:00-05:00,121.2240215863675,122.60632215950014,117.78773593298261,118.54702758789062,115089200,0.0,0.0
2020-12-10 00:00:00-05:00,117.30098952456378,120.58152609613698,116.96028274160534,119.96824645996094,81312200,0.0,0.0
2020-12-11 00:00:00-05:00,119.17975172566112,119.50099273028479,117.3496642850928,119.16028594970703,86939800,0.0,0.0
2020-12-14 00:00:00-05:00,119.34525822854418,120.07534750085607,118.31340110026942,118.54702758789062,79184500,0.0,0.0
2020-12-15 00:00:00-05:00,121.03905488619017,124.50455010924838,120.83463079530905,124.48507690429688,157243700,0.0,0.0
2020-12-16 00:00:00-05:00,124.0275637947843,124.9620697049553,123.20012338037756,124.41693878173828,98208600,0.0,0.0
2020-12-17 00:00:00-05:00,125.47797450497976,126.13992968199645,124.6408050730974,125.28328704833984,94359800,0.0,0.0
2020-12-18 00:00:00-05:00,125.53642108894336,125.67270382324948,122.77181256405065,123.29747772216797,192541500,0.0,0.0
2020-12-21 00:00:00-05:00,121.70100182150271,124.90366074139115,120.17268202586978,124.8257827758789,121251600,0.0,0.0
2020-12-22 00:00:00-05:00,128.11605471749206,130.84172406271304,126.20808171972651,128.37889099121094,168904800,0.0,0.0
2020-12-23 00:00:00-05:00,128.65143885689488,128.91426024098962,127.30807014560702,127.4832992553711,88223700,0.0,0.0
2020-12-24 00:00:00-05:00,127.83376887622417,129.91695629713385,127.61960817236115,128.4665069580078,54930100,0.0,0.0
2020-12-28 00:00:00-05:00,130.43288465030292,133.6939410837403,129.96561683148184,133.0612030029297,124486200,0.0,0.0
2020-12-29 00:00:00-05:00,134.38510661556313,135.10545188425303,130.7735916806408,131.28952026367188,121047300,0.0,0.0
2020-12-30 00:00:00-05:00,131.98066583416636,132.37978484573765,129.85853207666074,130.1700439453125,96452100,0.0,0.0
2020-12-31 00:00:00-05:00,130.52050244643019,131.1629846094566,128.22315413773092,129.1674041748047,99116600,0.0,0.0
2021-01-04 00:00:00-05:00,129.97535392263828,130.0629610638514,123.39481436257799,125.9744644165039,143301900,0.0,0.0
2021-01-05 00:00:00-05:00,125.46824574975814,128.2425902906654,125.02045122966085,127.5319595336914,97664900,0.0,0.0
2021-01-06 00:00:00-05:00,124.32932869572905,127.57092663069263,123.02489875437408,123.23905944824219,155088000,0.0,0.0
2021-01-07 00:00:00-05:00,124.95233107817177,128.13552408640413,124.46560495444153,127.44436645507812,109578200,0.0,0.0
2021-01-08 00:00:00-05:00,128.91433552379726,129.1090379491701,126.77274252808242,128.54443359375,105158200,0.0,0.0
2021-01-11 00:00:00-05:00,125.76032449463308,126.71430373737336,125.08863992699253,125.55589294433594,100384500,0.0,0.0
2021-01-12 00:00:00-05:00,125.08862995743296,126.24704065814508,123.4921686595174,125.38066864013672,91951100,0.0,0.0
2021-01-13 00:00:00-05:00,125.34171064567087,127.96029966424209,125.07888922385592,127.41516876220703,88636800,0.0,0.0
2021-01-14 00:00:00-05:00,127.32757155716695,127.52225905827079,125.34172042627678,125.48774719238281,90221800,0.0,0.0
2021-01-15 00:00:00-05:00,125.36118590805361,126.76295959555424,123.6284420036996,123.76472473144531,111598500,0.0,0.0
2021-01-19 00:00:00-05:00,124.38772578454656,125.29304408982054,123.57002946950722,124.4364013671875,90757300,0.0,0.0
2021-01-20 00:00:00-05:00,125.24438780808299,128.97271223666024,125.13730745125214,128.52491760253906,104319500,0.0,0.0
2021-01-21 00:00:00-05:00,130.2478839087022,135.96204254195973,130.04345244783565,133.2363739013672,120150900,0.0,0.0
2021-01-22 00:00:00-05:00,132.66205104466366,136.13728217261755,131.43550674558008,135.37799072265625,114459400,0.0,0.0
2021-01-25 00:00:00-05:00,139.27182020640586,141.23818305206848,132.91516336360118,139.12579345703125,157611700,0.0,0.0
2021-01-26 00:00:00-05:00,139.78777273313094,140.46918645287846,137.6169631530498,139.3594512939453,98390600,0.0,0.0
2021-01-27 00:00:00-05:00,139.6222601892596,140.46917381461645,136.6824448551771,138.28863525390625,140843800,0.0,0.0
2021-01-28 00:00:00-05:00,135.81605814636788,138.22048632254183,133.07091575107856,133.4505615234375,142621100,0.0,0.0
2021-01-29 00:00:00-05:00,132.22402749273948,133.10987264929705,126.753230328146,128.45677185058594,177523800,0.0,0.0
2021-02-01 00:00:00-05:00,130.19925735971532,131.78598951100426,127.45411448597895,130.5789031982422,106239800,0.0,0.0
2021-02-02 00:00:00-05:00,132.12665611956461,132.69126014883398,131.03639446508643,131.40631103515625,83305400,0.0,0.0
2021-02-03 00:00:00-05:00,132.15587647941985,132.16562050861145,130.0629600142458,130.3842010498047,89880900,0.0,0.0
2021-02-04 00:00:00-05:00,132.68155527349182,133.75234392204015,131.01694525702797,133.74261474609375,84183100,0.0,0.0
2021-02-05 00:00:00-05:00,133.90348403057772,133.97171978594034,132.45086722756864,133.32827758789062,75693800,0.205,0.0
2021-02-08 00:00:00-05:00,132.6165797613071,133.52325088194496,131.53443254526087,133.47450256347656,71297200,0.0,0.0
2021-02-09 00:00:00-05:00,133.19177019449774,134.42016235628924,132.44110262440083,132.59707641601562,76774200,0.0,0.0
2021-02-10 00:00:00-05:00,133.05529021983176,133.5525022619222,131.0274820724659,131.99264526367188,73046600,0.0,0.0
2021-02-11 00:00:00-05:00,132.4898338171174,132.9675435248031,130.41329236021338,131.73916625976562,64280000,0.0,0.0
2021-02-12 00:00:00-05:00,130.9787653308469,132.12914848493614,130.33532312132203,131.97315979003906,60145100,0.0,0.0
2021-02-16 00:00:00-05:00,132.09015902011436,132.59709996571863,129.45789813500429,129.84786987304688,80576300,0.0,0.0
2021-02-17 00:00:00-05:00,127.95652384973054,128.9021846827299,126.22119084968794,127.55680847167969,97918500,0.0,0.0
2021-02-18 00:00:00-05:00,125.95798807847142,126.73791669485071,124.21291100168493,126.4552001953125,96856700,0.0,0.0
2021-02-19 00:00:00-05:00,126.97191656836773,127.43012413336419,125.5680478480299,126.61119079589844,87668800,0.0,0.0
2021-02-22 00:00:00-05:00,124.797821900289,126.46491917771368,122.44830023340782,122.83826446533203,103916400,0.0,0.0
2021-02-23 00:00:00-05:00,120.65449424173501,123.53046696039274,115.41924089427319,122.70179748535156,158273000,0.0,0.0
2021-02-24 00:00:00-05:00,121.80488184514299,122.40931941932189,119.16288479188184,122.20458984375,111039900,0.0,0.0
2021-02-25 00:00:00-05:00,121.5513960656033,123.28672920715788,117.51528197921584,117.95398712158203,148199500,0.0,0.0
2021-02-26 00:00:00-05:00,119.51382934353043,121.71712094720249,118.15870939243611,118.21720886230469,164560400,0.0,0.0
2021-03-01 00:00:00-05:00,120.64471166960632,124.71982222796429,119.70880207163226,124.58333587646484,116307900,0.0,0.0
2021-03-02 00:00:00-05:00,125.18779891061432,125.49001767022227,121.87311395477933,121.98035430908203,102260900,0.0,0.0
2021-03-03 00:00:00-05:00,121.6781252666424,122.55554294590044,118.78265064406548,118.99713134765625,112966300,0.0,0.0
2021-03-04 00:00:00-05:00,118.69490655182288,120.49848269972283,115.64345085160187,117.11555480957031,178155000,0.0,0.0
2021-03-05 00:00:00-05:00,117.94423786319923,118.88014757741405,114.61980182519049,118.3731918334961,153766600,0.0,0.0
2021-03-08 00:00:00-05:00,117.89550256292887,117.96374575469044,113.29394038143423,113.44017791748047,154376600,0.0,0.0
2021-03-09 00:00:00-05:00,116.04316214765258,118.99712873808402,115.80918658429786,118.05146789550781,129525800,0.0,0.0
2021-03-10 00:00:00-05:00,118.6364351696504,119.10438636423861,116.4526381350717,116.96934509277344,111943300,0.0,0.0
2021-03-11 00:00:00-05:00,119.4651060547753,120.11829196722469,118.21722627040926,118.899658203125,103026500,0.0,0.0
2021-03-12 00:00:00-05:00,117.3788074668468,118.1294826044811,116.1699248367297,117.99299621582031,88105100,0.0,0.0
2021-03-15 00:00:00-04:00,118.36345366505867,120.8884590376453,117.39829045128926,120.87870788574219,92403800,0.0,0.0
2021-03-16 00:00:00-04:00,122.54577206151716,124.02763444519111,121.59036763857424,122.41903686523438,115227900,0.0,0.0
2021-03-17 00:00:00-04:00,120.93720389555035,122.7017830040472,119.27010655149442,121.62938690185547,111932600,0.0,0.0
2021-03-18 00:00:00-04:00,119.79656889154106,120.08904396527872,117.30080936399335,117.50553894042969,121229700,0.0,0.0
2021-03-19 00:00:00-04:00,116.89135739424152,118.3829639984745,116.67687665204714,116.97909545898438,185549500,0.0,0.0
2021-03-22 00:00:00-04:00,117.31054946298083,120.76172079332808,117.24230627726561,120.29376220703125,111912300,0.0,0.0
2021-03-23 00:00:00-04:00,120.23527288356823,121.1224343178664,119.07513126230569,119.46509552001953,95467100,0.0,0.0
2021-03-24 00:00:00-04:00,119.73807557407793,119.81606991796893,117.05708136591241,117.07657623291016,88530500,0.0,0.0
2021-03-25 00:00:00-04:00,116.54038560410483,118.6071911560223,116.01393492282537,117.56403350830078,98844700,0.0,0.0
2021-03-26 00:00:00-04:00,117.33004413015976,118.43169368935105,115.93592696323272,118.16846466064453,94071200,0.0,0.0
2021-03-29 00:00:00-04:00,118.59743388740822,119.50409766319855,117.70052126390267,118.34395599365234,80819200,0.0,0.0
2021-03-30 00:00:00-04:00,117.09607936818357,117.37880328833072,115.87744562855794,116.89134979248047,85671900,0.0,0.0
2021-03-31 00:00:00-04:00,118.59744636810407,120.42051782587205,118.1099928338644,119.08489990234375,118323800,0.0,0.0
2021-04-01 00:00:00-04:00,120.55699346889742,121.06394179532072,119.41634671803331,119.9135513305664,75089100,0.0,0.0
2021-04-05 00:00:00-04:00,120.76171631176526,122.99425393009696,119.9817878428641,122.74077606201172,88651200,0.0,0.0
2021-04-06 00:00:00-04:00,123.32572316184695,123.93991183273825,122.49705378234141,123.04299926757812,80171300,0.0,0.0
2021-04-07 00:00:00-04:00,122.6725329855432,124.71008476944755,121.9998448664795,124.69058990478516,83466700,0.0,0.0
2021-04-08 00:00:00-04:00,125.71424485466245,127.11811320514343,125.29504201784057,127.0888671875,88844600,0.0,0.0
2021-04-09 00:00:00-04:00,126.54291392534559,129.70160264420477,126.22119287511026,129.66261291503906,106686700,0.0,0.0
2021-04-12 00:00:00-04:00,129.19466459616936,129.51638565340366,127.3520911781172,127.94678497314453,91420000,0.0,0.0
2021-04-13 00:00:00-04:00,129.11667689697725,131.28097148351077,128.61946483937675,131.05673217773438,91266500,0.0,0.0
2021-04-14 00:00:00-04:00,131.55394754511985,131.61243958256816,128.35625390681537,128.7169647216797,87222800,0.0,0.0
2021-04-15 00:00:00-04:00,130.46205515581354,131.61243821608534,130.286564169391,131.12498474121094,89347100,0.0,0.0
2021-04-16 00:00:00-04:00,130.9299738929471,131.29068461471235,129.93556488528282,130.79348754882812,84922400,0.0,0.0
2021-04-19 00:00:00-04:00,130.1598384774607,132.07066289352065,129.99410605950115,131.4564666748047,94264200,0.0,0.0
2021-04-20 00:00:00-04:00,131.63192734239016,132.12912448166279,128.5024698015972,129.7698516845703,94812300,0.0,0.0
2021-04-21 00:00:00-04:00,129.03870718463844,130.3938274883599,128.00530801609,130.1501007080078,68847100,0.0,0.0
2021-04-22 00:00:00-04:00,129.70158464304262,130.78373170695372,128.11249679084415,128.6291961669922,84566500,0.0,0.0
2021-04-23 00:00:00-04:00,128.84370608473515,131.72942232628785,128.84370608473515,130.9495086669922,78657500,0.0,0.0
2021-04-26 00:00:00-04:00,131.44670263718533,131.67092706494682,130.2085666757299,131.33946228027344,66905100,0.0,0.0
2021-04-27 00:00:00-04:00,131.6221988567553,132.01217061234453,130.744788439507,131.01776123046875,66015800,0.0,0.0
2021-04-28 00:00:00-04:00,130.9397817179312,131.6319723651053,129.7406500448948,130.2281036376953,107760100,0.0,0.0
2021-04-29 00:00:00-04:00,133.04551525683968,133.63046521276726,129.1263862542738,130.1305389404297,151101000,0.0,0.0
2021-04-30 00:00:00-04:00,128.4732479162047,130.2085812488916,127.78107225167611,128.16128540039062,109839500,0.0,0.0
2021-05-03 00:00:00-04:00,128.72671884393358,130.70579381831388,128.52199669631204,129.21417236328125,75135100,0.0,0.0
2021-05-04 00:00:00-04:00,127.89803078882261,128.19050581616014,123.52069371953515,124.64183807373047,137564700,0.0,0.0
2021-05-05 00:00:00-04:00,125.9579706529646,127.17660429874773,124.75883931076572,124.88558197021484,84000900,0.0,0.0
2021-05-06 00:00:00-04:00,124.68085970531065,126.49418737954478,123.93992827849607,126.48444366455078,78128300,0.0,0.0
2021-05-07 00:00:00-04:00,127.78325616498553,128.1836356126159,126.44535491426944,127.15825653076172,78973300,0.22,0.0
2021-05-10 00:00:00-04:00,126.37699713829772,126.50394017112625,123.83792786540381,123.87699127197266,88071200,0.0,0.0
2021-05-11 00:00:00-04:00,120.60551762571262,123.3105935686965,119.89262343355486,122.95903778076172,126142800,0.0,0.0
2021-05-12 00:00:00-04:00,120.50787096501224,121.71880695136791,119.38482206893003,119.89263153076172,112172300,0.0,0.0
2021-05-13 00:00:00-04:00,121.66021008886267,123.19341357180042,121.34771025318693,122.04106903076172,105861300,0.0,0.0
2021-05-14 00:00:00-04:00,123.29107903765586,124.89264176534579,122.90045234662759,124.46295166015625,81918000,0.0,0.0
2021-05-17 00:00:00-04:00,123.84769755764366,123.95512006477786,122.23636740121376,123.31058502197266,74244600,0.0,0.0
2021-05-18 00:00:00-04:00,123.59378779578954,124.01371010532826,121.85550717277253,121.92386627197266,63342900,0.0,0.0
2021-05-19 00:00:00-04:00,120.27349900757707,121.9922444710152,119.98052713623112,121.76763916015625,92612000,0.0,0.0
2021-05-20 00:00:00-04:00,122.29497252696002,124.72661200774762,122.16801458440843,124.32621765136719,76857100,0.0,0.0
2021-05-21 00:00:00-04:00,124.8242725716539,125.00005419589023,122.27544274551913,122.49028778076172,79295400,0.0,0.0
2021-05-24 00:00:00-04:00,123.05668200832781,124.94144853323611,122.9883229095211,124.12113189697266,63092900,0.0,0.0
2021-05-25 00:00:00-04:00,124.82427074399982,125.31255964913692,123.35942638033971,123.92583465576172,72009500,0.0,0.0
2021-05-26 00:00:00-04:00,123.98441377739123,124.40433608477755,123.45706896458631,123.87699127197266,56575900,0.0,0.0
2021-05-27 00:00:00-04:00,123.4766199875777,124.6484925303121,122.14849379883397,122.34380340576172,94625600,0.0,0.0
2021-05-28 00:00:00-04:00,122.62700604353964,122.85161879427051,121.63091513952054,121.68950653076172,71311100,0.0,0.0
2021-06-01 00:00:00-04:00,122.1484865589402,122.4121552577231,121.03520547415292,121.36723327636719,67637100,0.0,0.0
2021-06-02 00:00:00-04:00,121.36723416808287,122.30473364370846,121.14262887683675,122.12895202636719,59278900,0.0,0.0
2021-06-03 00:00:00-04:00,121.75787349407824,121.9238874136965,120.24419788428176,120.64459228515625,76229200,0.0,0.0
2021-06-04 00:00:00-04:00,121.16216229807738,123.20318269390796,120.94731726161271,122.93950653076172,75169300,0.0,0.0
2021-06-07 00:00:00-04:00,123.21293321808503,123.3594191359653,121.90434257301015,122.94926452636719,71057600,0.0,0.0
2021-06-08 00:00:00-04:00,123.63285881954378,125.44927381859075,123.25199989330952,123.76957702636719,74403800,0.0,0.0
2021-06-09 00:00:00-04:00,124.22856322000109,124.75590806990476,123.55473244780471,124.15043640136719,56877900,0.0,0.0
2021-06-10 00:00:00-04:00,124.04301866252895,125.18560293992083,122.98833637271277,123.15435028076172,71186400,0.0,0.0
2021-06-11 00:00:00-04:00,123.56450647531338,124.45318231886102,123.14458411693292,124.36528778076172,53522400,0.0,0.0
2021-06-14 00:00:00-04:00,124.82428233012304,127.4805274309543,124.09186008030994,127.42193603515625,96906500,0.0,0.0
2021-06-15 00:00:00-04:00,126.89461070211054,127.53914591983998,126.35749802066934,126.60163879394531,62746300,0.0,0.0
2021-06-16 00:00:00-04:00,127.31450018091431,127.82231705994997,125.449276371544,127.09965515136719,91815000,0.0,0.0
2021-06-17 00:00:00-04:00,126.7578369661276,129.44338429633723,126.61134362559974,128.70118713378906,96721700,0.0,0.0
2021-06-18 00:00:00-04:00,127.64651493849462,128.4277531644962,127.18752928507848,127.40237426757812,108953300,0.0,0.0
2021-06-21 00:00:00-04:00,127.24616893565036,129.3067175759483,126.18171878291032,129.1992950439453,79663300,0.0,0.0
2021-06-22 00:00:00-04:00,129.03328724856672,130.93758231447188,128.53523053051975,130.8399200439453,74783600,0.0,0.0
2021-06-23 00:00:00-04:00,130.63486437979063,131.1719771239041,130.10751190332576,130.56649780273438,60214200,0.0,0.0
2021-06-24 00:00:00-04:00,131.29886767382567,131.48441699311277,129.81448802069463,130.2832489013672,68711000,0.0,0.0
2021-06-25 00:00:00-04:00,130.33209840454234,130.7520133222248,129.69732354370646,129.99029541015625,70783700,0.0,0.0
2021-06-28 00:00:00-04:00,130.28322298494274,132.08009463324905,130.2246316118054,131.62110900878906,62111300,0.0,0.0
2021-06-29 00:00:00-04:00,131.6406714747908,133.29106502927266,131.20122118482706,133.1348114013672,64556100,0.0,0.0
2021-06-30 00:00:00-04:00,132.97855283049014,134.18949604999602,132.68558101434905,133.7500457763672,63261400,0.0,0.0
2021-07-01 00:00:00-04:00,133.3985152300678,134.1114020662822,132.57819096384344,134.0528106689453,52485800,0.0,0.0
2021-07-02 00:00:00-04:00,134.66803150053377,136.71881975736173,134.52155301126126,136.6797637939453,78852600,0.0,0.0
2021-07-06 00:00:00-04:00,136.78717260963688,139.79497322979873,136.78717260963688,138.69146728515625,108181800,0.0,0.0
2021-07-07 00:00:00-04:00,140.17584334226723,141.49420932337944,139.31647805419703,141.1817169189453,104911600,0.0,0.0
2021-07-08 00:00:00-04:00,138.26176048175577,140.6836320091057,137.37308477373998,139.8828582763672,105575500,0.0,0.0
2021-07-09 00:00:00-04:00,139.404326309902,142.23635219741325,139.30666407881637,141.70901489257812,99890800,0.0,0.0
2021-07-12 00:00:00-04:00,142.78324056023274,142.8906630545107,140.62503041198096,141.11331176757812,76299700,0.0,0.0
2021-07-13 00:00:00-04:00,140.65432645258116,144.00394430895057,140.2637073275934,142.22659301757812,100827100,0.0,0.0
2021-07-14 00:00:00-04:00,144.62897873444868,146.06452746184092,144.218809182764,145.65435791015625,127050800,0.0,0.0
2021-07-15 00:00:00-04:00,145.74225840567044,146.48444087501676,143.64263914576114,145.00006103515625,106820300,0.0,0.0
2021-07-16 00:00:00-04:00,144.98055328375486,146.25007329563246,142.46101889049345,142.9590606689453,93251400,0.0,0.0
2021-07-19 00:00:00-04:00,140.38095477067736,140.69346213559868,138.34970160220286,139.11141967773438,121434600,0.0,0.0
2021-07-20 00:00:00-04:00,140.097728569033,143.6524171415738,139.6094470898314,142.72467041015625,96350000,0.0,0.0
2021-07-21 00:00:00-04:00,142.11920648842988,142.7051502253578,141.24030578420624,141.99224853515625,74993500,0.0,0.0
2021-07-22 00:00:00-04:00,142.51956101020923,144.72658731973024,142.3926030924508,143.35940551757812,77338200,0.0,0.0
2021-07-23 00:00:00-04:00,144.09184768836266,145.23442440451626,143.47660834075452,145.0781707763672,71447400,0.0,0.0
2021-07-26 00:00:00-04:00,144.79499663408214,146.31843249256286,144.23834858516193,145.4981231689453,72434100,0.0,0.0
2021-07-27 00:00:00-04:00,145.62505300491213,145.71295498966768,142.13873124540055,143.33013916015625,104818600,0.0,0.0
2021-07-28 00:00:00-04:00,141.41606313093854,143.52544245138444,139.19926130154866,141.5820770263672,118931200,0.0,0.0
2021-07-29 00:00:00-04:00,141.29886141985892,143.11526866326435,141.19143892531264,142.22659301757812,56699500,0.0,0.0
2021-07-30 00:00:00-04:00,140.99614324026174,142.90043773904355,140.73246710930246,142.4414520263672,70440600,0.0,0.0
2021-08-02 00:00:00-04:00,142.9297606339798,143.50592922511103,141.84577511280253,142.1094512939453,62880000,0.0,0.0
2021-08-03 00:00:00-04:00,142.3926355441965,144.57036666149511,141.77739614243097,143.90631103515625,64786600,0.0,0.0
2021-08-04 00:00:00-04:00,143.818442994135,144.3262450458141,142.851640220645,143.5059356689453,56368300,0.0,0.0
2021-08-05 00:00:00-04:00,143.53520021202812,144.37504483971543,142.7441867059485,143.6133270263672,46397700,0.0,0.0
2021-08-06 00:00:00-04:00,143.1341335136214,143.87742801771682,142.42995348932268,142.92874145507812,54126800,0.22,0.0
2021-08-09 00:00:00-04:00,142.98742050984688,143.47643358609363,142.3223698894288,142.8798370361328,48908700,0.0,0.0
2021-08-10 00:00:00-04:00,143.22209653909397,144.46419344897515,142.10714775517775,142.4005584716797,69023100,0.0,0.0
2021-08-11 00:00:00-04:00,142.84067348429932,143.49594899053452,142.332095881143,142.65484619140625,48493500,0.0,0.0
2021-08-12 00:00:00-04:00,142.97764896165427,145.77480442008488,142.63533383088497,145.61831665039062,72282600,0.0,0.0
2021-08-13 00:00:00-04:00,145.69653653501413,146.15620995558572,145.01192130974562,145.8236846923828,59375000,0.0,0.0
2021-08-16 00:00:00-04:00,145.27599198977236,147.8677701385214,143.25148569982673,147.79930114746094,103296000,0.0,0.0
2021-08-17 00:00:00-04:00,146.92883920441727,148.3469738946529,145.81389018106398,146.8897247314453,92229700,0.0,0.0
2021-08-18 00:00:00-04:00,146.50831793002382,147.40810018292743,142.93851358506976,143.14390563964844,86326000,0.0,0.0
2021-08-19 00:00:00-04:00,141.8431233828503,144.74786207926644,141.32477074631083,143.47642517089844,86960300,0.0,0.0
2021-08-20 00:00:00-04:00,144.20015057068707,145.23685570513334,143.55464985258175,144.9336700439453,60549600,0.0,0.0
2021-08-23 00:00:00-04:00,145.05102753102452,146.8897211086949,144.6402584192349,146.42027282714844,60131800,0.0,0.0
2021-08-24 00:00:00-04:00,146.1659822444016,147.54500248159704,145.8725714606484,146.33224487304688,48606400,0.0,0.0
2021-08-25 00:00:00-04:00,146.51806444524348,147.01686722827083,144.55223766808206,145.0999298095703,58991300,0.0,0.0
2021-08-26 00:00:00-04:00,145.09014133349774,145.8432104957662,144.26858827472006,144.2979278564453,48597200,0.0,0.0
2021-08-27 00:00:00-04:00,144.23928688537814,145.48138422676655,143.60357588168407,145.33468627929688,55802400,0.0,0.0
2021-08-30 00:00:00-04:00,145.72586326960624,150.11720505871097,145.34443375463215,149.7553253173828,90956700,0.0,0.0
2021-08-31 00:00:00-04:00,149.3054768809692,149.4423999461669,147.96557089636175,148.49371337890625,86453100,0.0,0.0
2021-09-01 00:00:00-04:00,149.4717126602179,151.57446255268852,148.99247455645138,149.1587371826172,80313700,0.0,0.0
2021-09-02 00:00:00-04:00,150.4888943859777,151.32022266828497,149.05119460389105,150.2737274169922,71115500,0.0,0.0
2021-09-03 00:00:00-04:00,150.38128139931968,151.23217421828528,149.72600573087058,150.909423828125,57808700,0.0,0.0
2021-09-07 00:00:00-04:00,151.5647115758547,153.80438486222874,150.99745462583329,153.24691772460938,82278300,0.0,0.0
2021-09-08 00:00:00-04:00,153.53050279274424,153.58918195944025,150.59642507001544,151.70159912109375,74420200,0.0,0.0
2021-09-09 00:00:00-04:00,152.073273942186,152.67964530991367,150.56710548729126,150.68447875976562,57305700,0.0,0.0
2021-09-10 00:00:00-04:00,151.59404461667017,152.06349296335642,145.43247723787448,145.69654846191406,140893200,0.0,0.0
2021-09-13 00:00:00-04:00,147.3200945733119,148.09272872223804,145.48140050070867,146.26382446289062,102404300,0.0,0.0
2021-09-14 00:00:00-04:00,147.04621254489265,147.7503924466826,143.6818007748944,144.86520385742188,109296300,0.0,0.0
2021-09-15 00:00:00-04:00,145.29552986579753,146.15619746026422,143.15365068997156,145.7552032470703,83281300,0.0,0.0
2021-09-16 00:00:00-04:00,145.1781923829195,145.69654500672686,143.98499938228917,145.52049255371094,68034100,0.0,0.0
2021-09-17 00:00:00-04:00,145.54982496459772,145.54982496459772,142.5570531057093,142.8504638671875,129868800,0.0,0.0
2021-09-20 00:00:00-04:00,140.64014472255653,141.6572852174671,138.16574008474763,139.79904174804688,123478900,0.0,0.0
2021-09-21 00:00:00-04:00,140.76728757977574,141.42257819093177,139.64256354879453,140.2782745361328,75834000,0.0,0.0
2021-09-22 00:00:00-04:00,141.27585049264187,143.21233776359767,140.54233100418216,142.6450958251953,76404300,0.0,0.0
2021-09-23 00:00:00-04:00,143.42752419874412,143.84808318959392,142.43972319227385,143.60357666015625,64838200,0.0,0.0
2021-09-24 00:00:00-04:00,142.45926674371992,144.22949136628228,142.36145817706782,143.6915740966797,53477900,0.0,0.0
2021-09-27 00:00:00-04:00,142.27343722725323,142.7526753188713,140.65970036682202,142.17562866210938,74150700,0.0,0.0
2021-09-28 00:00:00-04:00,140.10222299723426,141.5692619814985,138.57650484135823,138.7916717529297,108972300,0.0,0.0
2021-09-29 00:00:00-04:00,139.33934685752757,141.27583390106034,138.909013087078,139.69143676757812,74602000,0.0,0.0
2021-09-30 00:00:00-04:00,140.5031949007561,141.20737469514876,138.1754886402087,138.39065551757812,89056700,0.0,0.0
2021-10-01 00:00:00-04:00,138.78192218967357,139.77951316685906,136.0532354539415,139.51544189453125,94639600,0.0,0.0
2021-10-04 00:00:00-04:00,138.64495809209728,139.08508172360442,135.23165695964403,136.08253479003906,98322000,0.0,0.0
2021-10-05 00:00:00-04:00,136.42484951189164,139.11442096062234,136.2977013587978,138.00924682617188,80861100,0.0,0.0
2021-10-06 00:00:00-04:00,136.40530997052016,139.02641292068202,135.32947522321794,138.8797149658203,83221100,0.0,0.0
2021-10-07 00:00:00-04:00,139.91644605943569,141.05096019747626,139.58392068488857,140.14138793945312,61732700,0.0,0.0
2021-10-08 00:00:00-04:00,140.86509243785557,141.01179037767685,139.42739293363346,139.75991821289062,58773200,0.0,0.0
2021-10-11 00:00:00-04:00,139.14376278668908,141.62794225299882,138.69386426168418,139.67189025878906,64452200,0.0,0.0
2021-10-12 00:00:00-04:00,140.0826266584547,140.10219135240365,137.94074783745552,138.40042114257812,73035900,0.0,0.0
2021-10-13 00:00:00-04:00,138.13644065693774,138.29291352384175,136.14125863806643,137.81369018554688,78762700,0.0,0.0
2021-10-14 00:00:00-04:00,138.98729132751163,140.7184017237602,138.40046969110713,140.6010284423828,69907100,0.0,0.0
2021-10-15 00:00:00-04:00,140.6107923523626,141.7159515069994,140.35649605913446,141.6572723388672,67940300,0.0,0.0
2021-10-18 00:00:00-04:00,140.29784030967528,143.6133481739968,140.01421930853004,143.32972717285156,85589200,0.0,0.0
2021-10-19 00:00:00-04:00,143.77961939322623,145.89215946553824,143.32973571996214,145.4911651611328,76378900,0.0,0.0
2021-10-20 00:00:00-04:00,145.43247137126255,146.45940171355207,144.86521446863128,145.98016357421875,58418800,0.0,0.0
2021-10-21 00:00:00-04:00,145.54005210514717,146.35181550626882,144.62070524306984,146.19532775878906,61421000,0.0,0.0
2021-10-22 00:00:00-04:00,146.40072504621372,146.879948270264,145.37379468633046,145.42269897460938,58883400,0.0,0.0
2021-10-25 00:00:00-04:00,145.41290903215594,146.08774940871533,144.3762037849461,145.37379455566406,50720600,0.0,0.0
2021-10-26 00:00:00-04:00,146.04863902426567,147.52545305998103,145.73566350958762,146.0388641357422,60893400,0.0,0.0
2021-10-27 00:00:00-04:00,146.07798106118008,146.43984594803317,145.22710311706854,145.57919311523438,56094900,0.0,0.0
2021-10-28 00:00:00-04:00,146.5278661763529,149.804244404835,146.43005760449074,149.21743774414062,100077900,0.0,0.0
2021-10-29 00:00:00-04:00,143.985021850796,146.6452543732099,143.1928229973374,146.50833129882812,124953200,0.0,0.0
2021-11-01 00:00:00-04:00,145.71609190400514,146.4104819724985,144.5522386338212,145.68675231933594,74588300,0.0,0.0
2021-11-02 00:00:00-04:00,145.39336412691904,148.23942366972244,145.38357431484795,146.72348022460938,69122000,0.0,0.0
2021-11-03 00:00:00-04:00,147.08531361837095,148.63059632188478,146.52784661894307,148.16114807128906,54511500,0.0,0.0
2021-11-04 00:00:00-04:00,148.24919365421385,149.0805068605867,147.32984675958332,147.642822265625,60394600,0.0,0.0
2021-11-05 00:00:00-04:00,148.76915899673787,149.07278712412187,146.976757690118,148.17169189453125,65463900,0.22,0.0
2021-11-08 00:00:00-05:00,148.29902412050475,148.4557402315451,147.0747075253852,147.3489532470703,55020900,0.0,0.0
2021-11-09 00:00:00-05:00,147.1138975747547,148.31862107112684,146.9767746966739,147.71136474609375,56787900,0.0,0.0
2021-11-10 00:00:00-05:00,146.93759531163658,147.0453357776248,144.8121833419343,144.8807373046875,65187100,0.0,0.0
2021-11-11 00:00:00-05:00,145.899356689965,146.35968594886663,144.64564283192527,144.8317413330078,41000000,0.0,0.0
2021-11-12 00:00:00-05:00,145.38028875154347,147.30981351364665,144.44981083290466,146.9082489013672,63804000,0.0,0.0
2021-11-15 00:00:00-05:00,147.2804228094717,148.75940720761815,146.35973409824072,146.91802978515625,59222800,0.0,0.0
2021-11-16 00:00:00-05:00,146.85924274203003,148.3773984758072,146.27156473370576,147.8974609375,59256200,0.0,0.0
2021-11-17 00:00:00-05:00,147.8974444188513,151.81525751603942,147.88765526640586,150.33628845214844,88807000,0.0,0.0
2021-11-18 00:00:00-05:00,150.55181209560718,155.40989334552083,149.90536916424182,154.62632751464844,137827700,0.0,0.0
2021-11-19 00:00:00-05:00,154.41084228889372,157.71161083201548,153.31385912302107,157.2512664794922,117305600,0.0,0.0
2021-11-22 00:00:00-05:00,158.35806748971254,162.2954755595155,157.69204614556384,157.71163940429688,117467900,0.0,0.0
2021-11-23 00:00:00-05:00,157.8095322884944,158.47556839424874,155.79186060844827,158.0935821533203,96041900,0.0,0.0
2021-11-24 00:00:00-05:00,157.44711907207267,158.80855857074818,156.35992530368637,158.6126708984375,69463600,0.0,0.0
2021-11-26 00:00:00-05:00,156.2913900038225,157.15329885394945,153.14733793761846,153.5880889892578,76959800,0.0,0.0
2021-11-29 00:00:00-05:00,156.09548196515397,157.8780943084946,155.52739720558188,156.94761657714844,88748200,0.0,0.0
2021-11-30 00:00:00-05:00,156.7027606504653,162.11913695746247,156.6341917361946,161.90365600585938,174048100,0.0,0.0
2021-12-01 00:00:00-05:00,164.0388470193993,166.800912709941,161.14946255292463,161.38453674316406,152052500,0.0,0.0
2021-12-02 00:00:00-05:00,155.47843376037946,160.82624080588923,154.55774519881157,160.39527893066406,136739200,0.0,0.0
2021-12-03 00:00:00-05:00,160.64995624545222,161.57064486360198,156.43830349501886,158.51473999023438,118023100,0.0,0.0
2021-12-06 00:00:00-05:00,160.91439750803002,164.43064668165096,160.9046083540242,161.92324829101562,107497000,0.0,0.0
2021-12-07 00:00:00-05:00,165.6060285714593,168.0546627502212,164.88122747424606,167.66287231445312,120405400,0.0,0.0
2021-12-08 00:00:00-05:00,168.59332710400926,172.3446356103418,167.19270089919112,171.4827117919922,116998900,0.0,0.0
2021-12-09 00:00:00-05:00,171.31621864051468,173.11840952908594,170.34655427614908,170.97340393066406,108923700,0.0,0.0
2021-12-10 00:00:00-05:00,171.61005099944745,175.93923359247646,171.1007310045987,175.76292419433594,115402700,0.0,0.0
2021-12-13 00:00:00-05:00,177.39856820560254,178.3878255550168,171.92342811422424,172.12911987304688,153237000,0.0,0.0
2021-12-14 00:00:00-05:00,171.64920321778123,174.08804749115933,168.67167154672788,170.74810791015625,139380400,0.0,0.0
2021-12-15 00:00:00-05:00,171.5121000863054,175.81190028087914,168.76962734356553,175.6160125732422,131063300,0.0,0.0
2021-12-16 00:00:00-05:00,175.5964093375668,177.41819331105674,167.24167279418768,168.72064208984375,150185800,0.0,0.0
2021-12-17 00:00:00-05:00,166.43851201579665,169.90578548213614,166.20345276063674,167.6236572265625,195432700,0.0,0.0
2021-12-20 00:00:00-05:00,164.82242453025603,167.07517044282818,164.01928047689202,166.26222229003906,107499100,0.0,0.0
2021-12-21 00:00:00-05:00,168.03504264727704,169.641345814115,165.64517367936028,169.4356689453125,91185900,0.0,0.0
2021-12-22 00:00:00-05:00,169.48463429565436,172.24670045723798,168.61292124127107,172.03121948242188,92135300,0.0,0.0
2021-12-23 00:00:00-05:00,172.23690795484498,173.2163614776015,171.66882311821325,172.65806579589844,68356600,0.0,0.0
2021-12-27 00:00:00-05:00,173.4513977796986,176.71297937182496,173.4318194724349,176.6248321533203,74919600,0.0,0.0
2021-12-28 00:00:00-05:00,176.4583204970068,177.60427913199814,174.86180674158715,175.60618591308594,79144300,0.0,0.0
2021-12-29 00:00:00-05:00,175.64540604755402,176.9186986453212,174.47985393756576,175.6943817138672,62348900,0.0,0.0
2021-12-30 00:00:00-05:00,175.7824840883525,176.85988869120052,174.43083375846518,174.53857421875,59773000,0.0,0.0
2021-12-31 00:00:00-05:00,174.43085959378186,175.5474359178977,173.61791144491113,173.9215545654297,64062300,0.0,0.0
2022-01-03 00:00:00-05:00,174.1761864672901,179.12242874444533,174.0586568508519,178.27029418945312,104487900,0.0,0.0
2022-01-04 00:00:00-05:00,178.87758836256972,179.18121654083714,175.43969718796814,176.00778198242188,99310400,0.0,0.0
2022-01-05 00:00:00-05:00,175.91962765597447,176.46811917460536,171.0517430102158,171.32598876953125,94537600,0.0,0.0
2022-01-06 00:00:00-05:00,169.15160256379613,171.69818743268368,168.1133843303379,168.4659881591797,96904000,0.0,0.0
2022-01-07 00:00:00-05:00,169.33771503993543,170.56203191509988,167.51593093187975,168.63250732421875,86709100,0.0,0.0
2022-01-10 00:00:00-05:00,165.60595369408608,168.95568194264703,164.71464766914698,168.6520538330078,106765600,0.0,0.0
2022-01-11 00:00:00-05:00,168.77942565072325,171.58064816981238,167.31024547595837,171.4827117919922,76138300,0.0,0.0
2022-01-12 00:00:00-05:00,172.5013205493631,173.5395387171234,171.22804314076478,171.92344665527344,74805200,0.0,0.0
2022-01-13 00:00:00-05:00,172.1682873370073,172.99102446221102,168.26026357438448,168.6520538330078,84505800,0.0,0.0
2022-01-14 00:00:00-05:00,167.81952731493655,170.20939579349408,167.57466398631828,169.5139923095703,80440800,0.0,0.0
2022-01-18 00:00:00-05:00,167.98607548786666,168.99491146380436,165.92923196932753,166.31121826171875,90956700,0.0,0.0
2022-01-19 00:00:00-05:00,166.50708841129685,167.56489994287205,162.53050974989438,162.81454467773438,94815000,0.0,0.0
2022-01-20 00:00:00-05:00,163.54913404663756,166.19365539118294,160.80666137829382,161.1298828125,91420500,0.0,0.0
2022-01-21 00:00:00-05:00,161.0417244969125,162.9124840575923,158.96528809380473,159.07302856445312,122848900,0.0,0.0
2022-01-24 00:00:00-05:00,156.73210866650368,158.96526081558002,151.52141035514546,158.29922485351562,162294600,0.0,0.0
2022-01-25 00:00:00-05:00,155.71350456711474,159.41583739515477,153.79378418345803,156.4970703125,115798400,0.0,0.0
2022-01-26 00:00:00-05:00,160.14061983418955,161.01233270214277,154.57733208034693,156.40890502929688,108275300,0.0,0.0
2022-01-27 00:00:00-05:00,159.11217717007352,160.47361658716693,155.02785891879338,155.94854736328125,121954600,0.0,0.0
2022-01-28 00:00:00-05:00,162.30523687541563,166.8499002604039,159.4550237648548,166.83030700683594,179935700,0.0,0.0
2022-01-31 00:00:00-05:00,166.6637585550507,171.404308412274,166.02710501378616,171.18882751464844,115541600,0.0,0.0
2022-02-01 00:00:00-05:00,170.43466091747592,171.2476089382928,168.7695933203212,171.0223388671875,86213900,0.0,0.0
2022-02-02 00:00:00-05:00,171.15949584991125,172.266283066221,169.7686736999572,172.2270965576172,84914300,0.0,0.0
2022-02-03 00:00:00-05:00,170.89499578620112,172.61884304001376,168.5834855601735,169.3474578857422,89418100,0.0,0.0
2022-02-04 00:00:00-05:00,168.3667905913057,170.74010088602927,167.3860892995176,169.06309509277344,82465400,0.22,0.0
2022-02-07 00:00:00-05:00,169.52402175607514,170.5929825465771,167.65087874308003,168.34718322753906,77251200,0.0,0.0
2022-02-08 00:00:00-05:00,168.4158439042664,171.96599307785382,168.12163049721661,171.45602416992188,74829200,0.0,0.0
2022-02-09 00:00:00-05:00,172.65247937368048,173.2408912177467,171.524663818335,172.87803649902344,71285000,0.0,0.0
2022-02-10 00:00:00-05:00,170.77933021680633,172.09346641687537,168.23931734555768,168.79830932617188,90865900,0.0,0.0
2022-02-11 00:00:00-05:00,169.00428892552117,169.73981504022757,164.79707116938303,165.385498046875,98670700,0.0,0.0
2022-02-14 00:00:00-05:00,164.13996586391173,166.30732224292808,163.34560023389338,165.62083435058594,86185500,0.0,0.0
2022-02-15 00:00:00-05:00,167.67048439097334,169.61226856573026,166.96437833391397,169.45535278320312,62527400,0.0,0.0
2022-02-16 00:00:00-05:00,168.53352854543166,169.99476394129306,166.7682631690513,169.2200164794922,61177400,0.0,0.0
2022-02-17 00:00:00-05:00,167.72933608370406,168.5923579851135,165.2187432406735,165.62083435058594,69589300,0.0,0.0
2022-02-18 00:00:00-05:00,166.54273734774665,167.24882866665814,162.9827860834938,164.0713653564453,82772700,0.0,0.0
2022-02-22 00:00:00-05:00,161.79610099125685,163.4731068473456,159.02071443579257,161.1488494873047,91162800,0.0,0.0
2022-02-23 00:00:00-05:00,162.3453036437316,162.94353209804362,156.66704910552062,156.9808807373047,90009200,0.0,0.0
2022-02-24 00:00:00-05:00,149.63540593186767,159.70721245821238,149.06659738297807,159.59933471679688,141147500,0.0,0.0
2022-02-25 00:00:00-05:00,160.6780917637284,161.9333881865455,157.76540780776472,161.66860961914062,91974200,0.0,0.0
2022-02-28 00:00:00-05:00,159.91315308309024,162.22760877136363,159.2953064697166,161.9333953857422,95056600,0.0,0.0
2022-03-01 00:00:00-05:00,161.52149747345592,163.3848388800103,158.84418717486,160.05044555664062,83474400,0.0,0.0
2022-03-02 00:00:00-05:00,161.21749147612806,164.13017563125035,159.80527916281847,163.34561157226562,79724800,0.0,0.0
2022-03-03 00:00:00-05:00,165.21876441640376,165.6502754224143,162.35511815252505,163.02198791503906,76678400,0.0,0.0
2022-03-04 00:00:00-05:00,161.31557487047283,162.35511593567728,158.97169917829748,160.0210418701172,83737200,0.0,0.0
2022-03-07 00:00:00-05:00,160.2073212884076,161.83528859400172,155.970685644593,156.22567749023438,96418800,0.0,0.0
2022-03-08 00:00:00-05:00,155.75498387793954,159.73662866525098,152.7932618336368,154.401611328125,131148300,0.0,0.0
2022-03-09 00:00:00-05:00,158.363665526824,160.25642710163922,156.33362131227005,159.8052978515625,91454900,0.0,0.0
2022-03-10 00:00:00-05:00,157.10835602606574,157.29469168011647,152.96979505950804,155.46078491210938,105342000,0.0,0.0
2022-03-11 00:00:00-05:00,155.86285431301891,156.2061057623046,151.51835462854714,151.74391174316406,96970100,0.0,0.0
2022-03-14 00:00:00-04:00,148.52724088599334,151.14571212531354,147.20330282439596,147.7132568359375,108732100,0.0,0.0
2022-03-15 00:00:00-04:00,147.98782853142856,152.56771702935066,147.4778746009712,152.0969696044922,92964300,0.0,0.0
2022-03-16 00:00:00-04:00,154.01915688013034,156.9122229988077,151.4791438617729,156.5101318359375,102300200,0.0,0.0
2022-03-17 00:00:00-04:00,155.54905912498893,157.8929350151505,154.5879758844706,157.520263671875,75615400,0.0,0.0
2022-03-18 00:00:00-04:00,157.41234943730183,161.30573452736996,156.67682351294607,160.8153839111328,123511700,0.0,0.0
2022-03-21 00:00:00-04:00,160.3544634117704,163.13966646337798,159.8641127641069,162.18838500976562,95811400,0.0,0.0
2022-03-22 00:00:00-04:00,162.31586266906788,166.1504082464849,161.72745088254396,165.56199645996094,81532000,0.0,0.0
2022-03-23 00:00:00-04:00,164.74801286692667,169.30826781804822,164.41456305995604,166.9251708984375,98062700,0.0,0.0
2022-03-24 00:00:00-04:00,167.75878767591715,170.77934993823305,166.92520042184205,170.71070861816406,90131400,0.0,0.0
2022-03-25 00:00:00-04:00,170.5243286011813,171.8973042886656,169.41613146208226,171.34811401367188,80546200,0.0,0.0
2022-03-28 00:00:00-04:00,168.84733794398963,172.33863211398676,168.68062052174977,172.21115112304688,90371900,0.0,0.0
2022-03-29 00:00:00-04:00,173.28010585750482,175.55532497081904,172.93685443507036,175.5063018798828,100589400,0.0,0.0
2022-03-30 00:00:00-04:00,175.1042096873483,176.14375060919454,173.28990640459241,174.33926391601562,92633200,0.0,0.0
2022-03-31 00:00:00-04:00,174.4078950100189,174.59423062931046,171.03428054201657,171.240234375,103049300,0.0,0.0
2022-04-01 00:00:00-04:00,170.6714802176125,171.5050824752612,168.6218176816175,170.94607543945312,78751300,0.0,0.0
2022-04-04 00:00:00-04:00,171.2010287452735,175.04537594723365,171.07353279095375,174.996337890625,76468400,0.0,0.0
2022-04-05 00:00:00-04:00,174.07444691464946,174.85901079501437,171.0538857020469,171.68153381347656,73401800,0.0,0.0
2022-04-06 00:00:00-04:00,169.03368653783352,170.27918145157616,166.846726701127,168.513916015625,89058800,0.0,0.0
2022-04-07 00:00:00-04:00,167.85686415452201,170.01440435655695,166.57214764639596,168.8179473876953,77594700,0.0,0.0
2022-04-08 00:00:00-04:00,168.4648674430598,168.4648674430598,165.93465630346196,166.80747985839844,76575500,0.0,0.0
2022-04-11 00:00:00-04:00,165.45407482601988,165.76789136938075,162.3060179835531,162.5511932373047,72246700,0.0,0.0
2022-04-12 00:00:00-04:00,164.7774152033108,166.5917033939569,163.42404279659993,164.4243621826172,79265200,0.0,0.0
2022-04-13 00:00:00-04:00,164.15957544885293,167.73912889065093,163.55154548536066,167.11148071289062,70618900,0.0,0.0
2022-04-14 00:00:00-04:00,167.32725269207126,167.96471752203973,161.85493758758528,162.10011291503906,75329400,0.0,0.0
2022-04-18 00:00:00-04:00,160.75655343597518,163.38484067093813,160.41331696354428,161.88436889648438,69023900,0.0,0.0
2022-04-19 00:00:00-04:00,161.8353289533827,164.58129552240263,160.7467499371193,164.1693878173828,67723800,0.0,0.0
2022-04-20 00:00:00-04:00,165.50317284085372,165.62086719167417,162.89451833268143,164.00270080566406,67929800,0.0,0.0
2022-04-21 00:00:00-04:00,165.65026467883652,168.21969736612456,162.70816069883412,163.20831298828125,87227800,0.0,0.0
2022-04-22 00:00:00-04:00,163.2475677102336,164.6303453628702,158.38328200071132,158.6676788330078,84882400,0.0,0.0
2022-04-25 00:00:00-04:00,158.01060452122857,160.02104538080667,155.40195017437114,159.7366485595703,96046400,0.0,0.0
2022-04-26 00:00:00-04:00,159.11880660312406,159.20706614015833,153.69552890649263,153.77398681640625,95623200,0.0,0.0
2022-04-27 00:00:00-04:00,152.90114966122312,156.70626068843154,152.38137914765707,153.5484161376953,88063200,0.0,0.0
2022-04-28 00:00:00-04:00,156.17668589618484,161.3449860653006,155.862854289535,160.48196411132812,130216800,0.0,0.0
2022-04-29 00:00:00-04:00,158.71671584912355,162.9925746827483,154.21529987659397,154.60757446289062,131747600,0.0,0.0
2022-05-02 00:00:00-04:00,153.68569876055605,155.17635387935172,150.31208408187865,154.9115753173828,123055300,0.0,0.0
2022-05-03 00:00:00-04:00,155.09788730053197,157.6084949183751,153.3032172904116,156.4022216796875,88966500,0.0,0.0
2022-05-04 00:00:00-04:00,156.58856589280018,163.267138972668,156.18647479117334,162.81602478027344,108256500,0.0,0.0
2022-05-05 00:00:00-04:00,160.68790391798768,160.91346101284063,151.95965391653039,153.74453735351562,130525300,0.0,0.0
2022-05-06 00:00:00-04:00,153.22401904266582,156.59277501720737,151.4266967858706,154.47134399414062,116124600,0.23,0.0
2022-05-09 00:00:00-04:00,152.163286830581,153.047223819661,148.78473018495143,149.34454345703125,131577900,0.0,0.0
2022-05-10 00:00:00-04:00,152.74278207802044,153.94099694086412,150.19902200842762,151.7508087158203,115366700,0.0,0.0
2022-05-11 00:00:00-04:00,150.7588463480562,152.67402087769284,143.20616949802272,143.88385009765625,142689800,0.0,0.0
2022-05-12 00:00:00-04:00,140.22044713133192,143.58918770892123,136.32134136947613,140.01419067382812,182602000,0.0,0.0
2022-05-13 00:00:00-04:00,142.00795311338425,145.45528221531998,140.55438668965164,144.4829559326172,113990900,0.0,0.0
2022-05-16 00:00:00-04:00,142.9508252776519,144.88564694988057,141.60528003698874,142.9409942626953,86643800,0.0,0.0
2022-05-17 00:00:00-04:00,146.2016865687997,147.0954395557584,144.06060880808,146.5749053955078,78336300,0.0,0.0
2022-05-18 00:00:00-04:00,144.2275834099531,144.72847052072004,137.4016833512006,138.30526733398438,109742900,0.0,0.0
2022-05-19 00:00:00-04:00,137.3820349887972,139.13024664193696,134.1606102580926,134.897216796875,136095600,0.0,0.0
2022-05-20 00:00:00-04:00,136.60614779257094,138.1873972505803,130.2418708685785,135.1329345703125,137426100,0.0,0.0
2022-05-23 00:00:00-04:00,135.32937819993117,140.7016976717336,135.19187888015,140.55438232421875,117726300,0.0,0.0
2022-05-24 00:00:00-04:00,138.29544611720485,139.43473470985077,134.87759532556828,137.85348510742188,104132700,0.0,0.0
2022-05-25 00:00:00-04:00,135.95793161918118,139.25792986661668,135.8695424217508,138.0106201171875,92482700,0.0,0.0
2022-05-26 00:00:00-04:00,134.93651437290322,141.76239957025606,134.69097882633443,141.21240234375,90601500,0.0,0.0
2022-05-27 00:00:00-04:00,142.79366865497497,147.00705253559786,142.66598536012808,146.9677734375,90978500,0.0,0.0
2022-05-31 00:00:00-04:00,146.40791027858089,147.96951241008722,144.21772290107256,146.1820068359375,103718400,0.0,0.0
2022-06-01 00:00:00-04:00,147.2231190270911,149.0302721781197,145.04276200731988,146.05438232421875,74286600,0.0,0.0
2022-06-02 00:00:00-04:00,145.19008953159607,148.5686612441736,144.23741035730646,148.50973510742188,72348100,0.0,0.0
2022-06-03 00:00:00-04:00,144.27668941243508,145.327588805216,141.88027492949882,142.78384399414062,88570300,0.0,0.0
2022-06-06 00:00:00-04:00,144.40436412307008,145.91687147884687,142.31239647541148,143.53025817871094,71598400,0.0,0.0
2022-06-07 00:00:00-04:00,141.77224146396463,146.33919698612507,141.52670589855168,146.05438232421875,67808200,0.0,0.0
2022-06-08 00:00:00-04:00,145.92671828674779,147.19367537745603,144.82672360419159,145.3177947998047,53950200,0.0,0.0
2022-06-09 00:00:00-04:00,144.45348753415902,145.3079465173713,139.98473718785118,140.0927734375,69473000,0.0,0.0
2022-06-10 00:00:00-04:00,137.77492521441144,138.24634933788164,134.61242570462275,134.68118286132812,91437900,0.0,0.0
2022-06-13 00:00:00-04:00,130.49725953200095,132.78565318618158,129.0928030542559,129.5249481201172,122207100,0.0,0.0
2022-06-14 00:00:00-04:00,130.7525781704987,131.49900074632365,129.13203476822937,130.38917541503906,84784300,0.0,0.0
2022-06-15 00:00:00-04:00,131.89187879778933,134.8874157174927,129.79992595411264,133.0115203857422,91533000,0.0,0.0
2022-06-16 00:00:00-04:00,129.72134292932262,130.0258046120006,126.73562226384061,127.73741149902344,108123900,0.0,0.0
2022-06-17 00:00:00-04:00,127.74724995941777,130.70349274398822,127.49188338256819,129.21063232421875,134520300,0.0,0.0
2022-06-21 00:00:00-04:00,131.0373890350951,134.61238545733227,130.93918382298145,133.44363403320312,81000500,0.0,0.0
2022-06-22 00:00:00-04:00,132.38295585554104,135.29991972582334,131.5186808102628,132.93296813964844,73409200,0.0,0.0
2022-06-23 00:00:00-04:00,134.37669341757493,136.11507419750754,133.2079418850883,135.80079650878906,72433800,0.0,0.0
2022-06-24 00:00:00-04:00,137.40169953003104,139.375815112003,137.27403122380292,139.13027954101562,89116800,0.0,0.0
2022-06-27 00:00:00-04:00,140.15170092235036,140.92760171899965,138.45259896728206,139.13027954101562,70207900,0.0,0.0
2022-06-28 00:00:00-04:00,139.5918597520797,140.85881645152855,134.867758706979,134.98561096191406,67083400,0.0,0.0
2022-06-29 00:00:00-04:00,135.0052865296894,138.15795490582852,134.22938572393656,136.74366760253906,66242400,0.0,0.0
2022-06-30 00:00:00-04:00,134.7990223471169,135.89901685954254,131.38117155043633,134.2784881591797,98964500,0.0,0.0
2022-07-01 00:00:00-04:00,133.6105999003664,136.55702609474315,133.2373961064284,136.44898986816406,71051600,0.0,0.0
2022-07-05 00:00:00-04:00,135.30974606974897,139.08116882706545,134.4847351652157,139.0320587158203,73353800,0.0,0.0
2022-07-06 00:00:00-04:00,138.82581180795694,141.54633502633234,138.56062920663072,140.36776733398438,74064300,0.0,0.0
2022-07-07 00:00:00-04:00,140.7311436298687,143.93293666537267,140.72132760332855,143.73651123046875,66253700,0.0,0.0
2022-07-08 00:00:00-04:00,142.6659424799357,144.9150560673179,142.4105909532935,144.41415405273438,64547800,0.0,0.0
2022-07-11 00:00:00-04:00,143.06866052706354,144.02133971358117,141.2124122640522,142.28294372558594,63141600,0.0,0.0
2022-07-12 00:00:00-04:00,143.1570440660671,145.79900902596674,142.4597314847581,143.25526428222656,77588800,0.0,0.0
2022-07-13 00:00:00-04:00,140.4365056872071,143.83470899507392,139.58203186092555,142.89186096191406,71185600,0.0,0.0
2022-07-14 00:00:00-04:00,141.5070457617974,146.29007333779407,140.69186596170863,145.8186492919922,78140700,0.0,0.0
2022-07-15 00:00:00-04:00,147.1052464203459,148.1659617146879,145.55346006304742,147.48828125,76259900,0.0,0.0
2022-07-18 00:00:00-04:00,148.04810908676706,148.86328884760215,144.08024651562505,144.4436492919922,81420900,0.0,0.0
2022-07-19 00:00:00-04:00,145.27848208027842,148.52937058051154,144.286523787425,148.30348205566406,82982400,0.0,0.0
2022-07-20 00:00:00-04:00,148.42134117440867,150.9749171763546,147.6847344414976,150.3070526123047,64823400,0.0,0.0
2022-07-21 00:00:00-04:00,151.74099392614767,152.7918934399678,149.22671189385298,152.57582092285156,65086600,0.0,0.0
2022-07-22 00:00:00-04:00,152.61507520531072,153.48918116011728,150.67043785379852,151.33828735351562,66675400,0.0,0.0
2022-07-25 00:00:00-04:00,151.2597268643066,152.27133221190695,149.56062491925485,150.21865844726562,53623900,0.0,0.0
2022-07-26 00:00:00-04:00,149.5409483577187,150.35612808602866,148.10702930699426,148.8927459716797,55138700,0.0,0.0
2022-07-27 00:00:00-04:00,149.8552563235132,154.5204317003286,149.4427584043403,153.9900665283203,78620700,0.0,0.0
2022-07-28 00:00:00-04:00,154.1766972484503,154.8249147765774,151.6525992780924,154.54010009765625,81378700,0.0,0.0
2022-07-29 00:00:00-04:00,158.3606155964203,160.70793488273625,156.65168275313596,159.60792541503906,101786900,0.0,0.0
2022-08-01 00:00:00-04:00,158.13470710792794,160.66863573230555,158.01685484186865,158.6257781982422,67829400,0.0,0.0
2022-08-02 00:00:00-04:00,157.24100735676026,159.5097539480008,156.7793992206901,157.15260314941406,59907000,0.0,0.0
2022-08-03 00:00:00-04:00,157.96772903161715,163.61504600881742,157.87933984085964,163.16326904296875,82507500,0.0,0.0
2022-08-04 00:00:00-04:00,163.0454244700845,164.20436008201335,161.49363796486168,162.8489990234375,55474100,0.0,0.0
2022-08-05 00:00:00-04:00,160.51811452535523,163.11457128010184,160.31157154170887,162.62281799316406,56697000,0.23,0.0
2022-08-08 00:00:00-04:00,163.62597080235415,165.04222255656555,161.49176350864772,162.1507110595703,60276900,0.0,0.0
2022-08-09 00:00:00-04:00,161.31472511427808,163.0850396486981,160.5574209787257,162.1998748779297,63135500,0.0,0.0
2022-08-10 00:00:00-04:00,164.91432599410618,166.54695002226822,164.14719229549797,166.4486083984375,70170500,0.0,0.0
2022-08-11 00:00:00-04:00,167.25511117853088,168.1697800173322,165.41595884571527,165.7110137939453,57149200,0.0,0.0
2022-08-12 00:00:00-04:00,167.01906593388134,169.33029699566112,166.60598003496278,169.26145935058594,68039400,0.0,0.0
2022-08-15 00:00:00-04:00,168.69105712274018,170.53020967215141,168.5238628007137,170.33351135253906,54091700,0.0,0.0
2022-08-16 00:00:00-04:00,169.930270808534,170.84493975917735,168.82874820804471,170.1761474609375,56377100,0.0,0.0
2022-08-17 00:00:00-04:00,169.9204107737534,173.24465231523857,169.72371248841205,171.67105102539062,79542000,0.0,0.0
2022-08-18 00:00:00-04:00,170.8842371095866,172.01526346746522,170.26462327491188,171.2776336669922,62290100,0.0,0.0
2022-08-19 00:00:00-04:00,170.1761294599256,170.8744256820194,168.48449706975865,168.6910400390625,70346300,0.0,0.0
2022-08-22 00:00:00-04:00,166.89121173091766,167.05840602639253,164.38326728455968,164.80618286132812,69026800,0.0,0.0
2022-08-23 00:00:00-04:00,164.32425128292837,165.92737151886493,163.90133572678997,164.47177124023438,54147100,0.0,0.0
2022-08-24 00:00:00-04:00,164.56030249873976,165.33726597260625,163.50794341888323,164.76683044433594,53841500,0.0,0.0
2022-08-25 00:00:00-04:00,165.99623327523008,167.3338027751895,165.57333266477946,167.22561645507812,51218200,0.0,0.0
2022-08-26 00:00:00-04:00,167.75672364191396,168.22880259575382,160.86233294904275,160.9213409423828,78961000,0.0,0.0
2022-08-29 00:00:00-04:00,158.4920749241394,160.2132113909233,157.18402441564837,158.71829223632812,73314000,0.0,0.0
2022-08-30 00:00:00-04:00,159.45590875707995,159.87880933569366,155.118641623387,156.2890167236328,77906200,0.0,0.0
2022-08-31 00:00:00-04:00,157.665923552681,157.93147450788678,154.54820976951913,154.62689208984375,87991100,0.0,0.0
2022-09-01 00:00:00-04:00,154.05642452911226,155.8070645231953,152.11891593895604,155.3546600341797,74229900,0.0,0.0
2022-09-02 00:00:00-04:00,157.11514512449315,157.71508462008887,152.41398580114964,153.24012756347656,76957800,0.0,0.0
2022-09-06 00:00:00-04:00,153.8892363672152,154.49900548839526,151.1550899755094,151.98123168945312,73714800,0.0,0.0
2022-09-07 00:00:00-04:00,152.2664983933652,154.08597659166026,151.0764488090942,153.3876953125,87449600,0.0,0.0
2022-09-08 00:00:00-04:00,152.08943851032333,153.78107082360773,150.1617592438652,151.91241455078125,84923800,0.0,0.0
2022-09-09 00:00:00-04:00,152.90577277832278,155.21701929836195,152.19764682354995,154.77442932128906,68028800,0.0,0.0
2022-09-12 00:00:00-04:00,156.9577752421011,161.55074810883656,156.6725650029193,160.73443603515625,104956000,0.0,0.0
2022-09-13 00:00:00-04:00,157.26267420589616,157.89211772902357,150.8403783347764,151.30262756347656,122656600,0.0,0.0
2022-09-14 00:00:00-04:00,152.23695501832623,154.50886749732993,151.07642462426648,152.74838256835938,87965400,0.0,0.0
2022-09-15 00:00:00-04:00,152.09926605765543,152.67954626691656,148.88321078041434,149.85687255859375,90481100,0.0,0.0
2022-09-16 00:00:00-04:00,148.71604501032593,148.85373533906042,145.92287475909458,148.21444702148438,162278800,0.0,0.0
2022-09-19 00:00:00-04:00,146.84737096636638,152.01078071909163,146.6408429802446,151.93209838867188,81474200,0.0,0.0
2022-09-20 00:00:00-04:00,150.8699064647989,155.47272515734463,150.5551921564435,154.3121795654297,107689800,0.0,0.0
2022-09-21 00:00:00-04:00,154.74492033364538,156.12183853779936,151.06661536137307,151.18463134765625,101696800,0.0,0.0
2022-09-22 00:00:00-04:00,149.86670127656183,151.92222593073575,148.42094575247768,150.22076416015625,86652500,0.0,0.0
2022-09-23 00:00:00-04:00,148.69635763891162,148.97173827223702,146.10973061112034,147.94888305664062,96029900,0.0,0.0
2022-09-26 00:00:00-04:00,147.19158660210013,151.2337989231627,147.1719122700789,148.2832794189453,93339400,0.0,0.0
2022-09-27 00:00:00-04:00,150.22078993520137,152.16812862553914,147.47679836474876,149.25694274902344,84442700,0.0,0.0
2022-09-28 00:00:00-04:00,145.20489532446575,148.1554147485666,142.45107419388137,147.3686065673828,146691400,0.0,0.0
2022-09-29 00:00:00-04:00,143.69029304650877,144.30006222073425,138.3596750779143,140.12998962402344,128138200,0.0,0.0
2022-09-30 00:00:00-04:00,138.9497794383235,140.7397682439674,135.72387972938284,135.9205780029297,124925300,0.0,0.0
2022-10-03 00:00:00-04:00,135.93043653465315,140.71027860420344,135.41900896557823,140.10049438476562,114311700,0.0,0.0
2022-10-04 00:00:00-04:00,142.6379484443843,143.80832359652302,141.88064422703837,143.6903076171875,87830100,0.0,0.0
2022-10-05 00:00:00-04:00,141.69376449693982,144.94916805569278,140.65123517873155,143.98532104492188,79471000,0.0,0.0
2022-10-06 00:00:00-04:00,143.40507882099124,145.1065408456924,142.8248135939426,143.03134155273438,68402200,0.0,0.0
2022-10-07 00:00:00-04:00,140.18900681575843,140.73978304959337,137.1499753994762,137.7794189453125,85925600,0.0,0.0
2022-10-10 00:00:00-04:00,138.10400390625,139.54975990235764,136.28452558280455,138.10400390625,74899000,0.0,0.0
2022-10-11 00:00:00-04:00,137.5925684188842,139.01866500579177,135.9402845213117,136.687744140625,77033700,0.0,0.0
2022-10-12 00:00:00-04:00,136.8352517842159,138.04496046792565,135.88124936484056,136.0582733154297,70433700,0.0,0.0
2022-10-13 00:00:00-04:00,132.76354024673512,141.22168665886508,132.15375604675947,140.631591796875,113224000,0.0,0.0
2022-10-14 00:00:00-04:00,141.9297957953737,142.13633872738868,135.9107418701706,136.0976104736328,88598000,0.0,0.0
2022-10-17 00:00:00-04:00,138.7432621845146,140.5430657827838,137.95645402263972,140.0611572265625,85250900,0.0,0.0
2022-10-18 00:00:00-04:00,143.09035010046446,144.28038442851894,138.29083411442357,141.37904357910156,99136600,0.0,0.0
2022-10-19 00:00:00-04:00,139.35305140756245,142.55927749459596,139.16618275396215,141.4872589111328,61758300,0.0,0.0
2022-10-20 00:00:00-04:00,140.6611013003117,143.4837601022304,140.29719369702107,141.02499389648438,64522000,0.0,0.0
2022-10-21 00:00:00-04:00,140.51355110159543,145.41142365797057,140.29717849836038,144.8409881591797,86548600,0.0,0.0
2022-10-24 00:00:00-04:00,144.76231202642796,147.75216493318766,143.5919369881937,146.9850311279297,75981900,0.0,0.0
2022-10-25 00:00:00-04:00,147.6144876838341,149.97491229930705,146.89653213741997,149.82737731933594,74732300,0.0,0.0
2022-10-26 00:00:00-04:00,148.47013415168624,149.48314455270017,145.59828223025528,146.88668823242188,88194300,0.0,0.0
2022-10-27 00:00:00-04:00,145.62781359762897,146.5916457586151,141.75279561471663,142.4117431640625,109180200,0.0,0.0
2022-10-28 00:00:00-04:00,145.75564835945892,154.90226106166642,145.3819261249116,153.17129516601562,164762400,0.0,0.0
2022-10-31 00:00:00-04:00,150.63388908416607,151.69607811615833,149.41433537918505,150.8109130859375,97943200,0.0,0.0
2022-11-01 00:00:00-04:00,152.52217870801033,152.8860712842191,146.6703184608035,148.1652374267578,80379300,0.0,0.0
2022-11-02 00:00:00-04:00,146.49328294195223,149.66017491618842,142.60843546015093,142.637939453125,93604600,0.0,0.0
2022-11-03 00:00:00-04:00,139.7169294177421,140.44472962212055,136.4615253404881,136.58938598632812,97918500,0.0,0.0
2022-11-04 00:00:00-04:00,139.97824816387146,140.5496299805745,132.38284296255216,136.32339477539062,140814800,0.23,0.0
2022-11-07 00:00:00-05:00,135.07229477760092,137.08197002566635,133.65369341095922,136.8553924560547,83374600,0.0,0.0
2022-11-08 00:00:00-05:00,138.32322168629616,139.3280515614897,135.44662070693448,137.42674255371094,89908500,0.0,0.0
2022-11-09 00:00:00-05:00,136.44162616361422,136.49088607476932,132.58973260430815,132.86557006835938,74917800,0.0,0.0
2022-11-10 00:00:00-05:00,139.14090816003963,144.68722534179688,137.42676248525757,144.68722534179688,118854000,0.0,0.0
2022-11-11 00:00:00-05:00,143.65281852957958,147.78053378231226,142.22435652176193,147.4751434326172,93979700,0.0,0.0
2022-11-14 00:00:00-05:00,146.75601106211803,148.04653945457946,145.23889010351994,146.07626342773438,73374100,0.0,0.0
2022-11-15 00:00:00-05:00,149.95768214517247,151.3073161661693,146.35207406862938,147.81007385253906,89868300,0.0,0.0
2022-11-16 00:00:00-05:00,146.91361736230309,147.642609775535,145.100952232511,146.5786590576172,64218300,0.0,0.0
2022-11-17 00:00:00-05:00,144.25374542723313,149.22869517163417,143.9779079987764,148.47999572753906,80389400,0.0,0.0
2022-11-18 00:00:00-05:00,150.0463641188946,150.4305673318375,147.74114484123723,149.04151916503906,74829600,0.0,0.0
2022-11-21 00:00:00-05:00,147.92831248822412,148.13518303183807,145.52457357758468,145.8102569580078,58724100,0.0,0.0
2022-11-22 00:00:00-05:00,145.92849249022925,148.1844518302865,144.7463148991296,147.94801330566406,51804100,0.0,0.0
2022-11-23 00:00:00-05:00,147.22883467936106,149.57346734970514,147.12046892488272,148.82476806640625,58301400,0.0,0.0
2022-11-25 00:00:00-05:00,146.1058228227629,146.66735873059727,144.93350612985708,145.90879821777344,35195900,0.0,0.0
2022-11-28 00:00:00-05:00,142.9829242489195,144.46063120272478,141.24908683464577,142.07659912109375,69246000,0.0,0.0
2022-11-29 00:00:00-05:00,142.14555568748492,142.65783165746328,138.2641245866872,139.07192993164062,83763800,0.0,0.0
2022-11-30 00:00:00-05:00,139.29851639049443,146.50973424229787,138.46115805437884,145.82998657226562,111380900,0.0,0.0
2022-12-01 00:00:00-05:00,146.00731491776455,146.91364010696918,144.4310880474874,146.10581970214844,71250400,0.0,0.0
2022-12-02 00:00:00-05:00,143.79075438457457,145.80042936443078,143.48534896644694,145.61325073242188,65447400,0.0,0.0
2022-12-05 00:00:00-05:00,145.57386250650663,148.67704153557165,143.60358628944576,144.4508056640625,68826400,0.0,0.0
2022-12-06 00:00:00-05:00,144.8842493657544,145.11082689130228,139.81077976944414,140.78607177734375,64727200,0.0,0.0
2022-12-07 00:00:00-05:00,140.07677467327488,141.23923029830829,137.91932004741116,138.84535217285156,69721100,0.0,0.0
2022-12-08 00:00:00-05:00,140.24423909407787,141.38700272319693,139.00297068921475,140.52992248535156,62128300,0.0,0.0
2022-12-09 00:00:00-05:00,140.22452830407295,143.40653461732074,138.80592729031733,140.04721069335938,76097000,0.0,0.0
2022-12-12 00:00:00-05:00,140.5791698825673,142.352421040337,138.96354439037955,142.3425750732422,70462700,0.0,0.0
2022-12-13 00:00:00-05:00,147.27811851695523,147.7411345402718,142.0962984876822,143.30801391601562,93886200,0.0,0.0
2022-12-14 00:00:00-05:00,143.18982946326526,144.4803579746899,139.0620984014011,141.08163452148438,82291200,0.0,0.0
2022-12-15 00:00:00-05:00,139.01279946338835,139.69254696960033,134.00829749499812,134.4713134765625,98931900,0.0,0.0
2022-12-16 00:00:00-05:00,134.65850323442362,135.6042272094749,131.74248840865712,132.51089477539062,160156900,0.0,0.0
2022-12-19 00:00:00-05:00,133.10199344508453,133.1906522558453,129.36832710470327,130.4027099609375,79592600,0.0,0.0
2022-12-20 00:00:00-05:00,129.43727633927585,131.26963355148135,127.9595693949815,130.33375549316406,77432800,0.0,0.0
2022-12-21 00:00:00-05:00,131.0036733902202,134.77675449324153,130.77709581359426,133.4369659423828,85928000,0.0,0.0
2022-12-22 00:00:00-05:00,132.35327292045574,132.56014344596582,128.36346171921937,130.2647705078125,77852100,0.0,0.0
2022-12-23 00:00:00-05:00,128.97425178436364,130.45195863115794,127.71327647766012,129.90028381347656,63814900,0.0,0.0
2022-12-27 00:00:00-05:00,129.42743066905106,129.45698360544398,126.80696007412172,128.0974884033203,69007800,0.0,0.0
2022-12-28 00:00:00-05:00,127.74282634199004,129.08261445216485,123.99930692968266,124.16677856445312,85438400,0.0,0.0
2022-12-29 00:00:00-05:00,126.0877898165425,128.5407809293698,125.83165939011434,127.6837158203125,75703700,0.0,0.0
2022-12-30 00:00:00-05:00,126.50154851054427,128.0186541085182,125.53611015946498,127.99894714355469,77034200,0.0,0.0
2023-01-03 00:00:00-05:00,128.34377240566315,128.9545531314731,122.32457886036785,123.2112045288086,112117500,0.0,0.0
2023-01-04 00:00:00-05:00,125.00417001301611,126.74786861860159,123.22107249842935,124.48204803466797,89113600,0.0,0.0
2023-01-05 00:00:00-05:00,125.24058317585433,125.87107085400619,122.90581107632524,123.16194152832031,80962700,0.0,0.0
2023-01-06 00:00:00-05:00,124.13726908892072,128.35365194795145,123.03391157780447,127.69361114501953,87754700,0.0,0.0
2023-01-09 00:00:00-05:00,128.53093430540028,131.4272419402479,127.95955255827974,128.21568298339844,70790800,0.0,0.0
2023-01-10 00:00:00-05:00,128.32407802637962,129.30921608440133,126.21588318349379,128.78709411621094,63896200,0.0,0.0
2023-01-11 00:00:00-05:00,129.29935853420528,131.52576493439358,128.52110615216108,131.50607299804688,69458900,0.0,0.0
2023-01-12 00:00:00-05:00,131.89027740511193,132.26461961526783,129.48653833184324,131.42726135253906,71379600,0.0,0.0
2023-01-13 00:00:00-05:00,130.0677644513709,132.914812571895,129.70326821418658,132.75718688964844,57809700,0.0,0.0
2023-01-17 00:00:00-05:00,132.82617382563913,135.24960517017936,132.13658015166487,133.919677734375,63646600,0.0,0.0
2023-01-18 00:00:00-05:00,134.78660397065414,136.54999458059902,133.02319832869463,133.20053100585938,69672800,0.0,0.0
2023-01-19 00:00:00-05:00,132.0872662370566,134.2250132683892,131.78187595143888,133.25958251953125,58280400,0.0,0.0
2023-01-20 00:00:00-05:00,133.26946486486585,135.9687483442848,132.22522101014553,135.8209686279297,80223600,0.0,0.0
2023-01-23 00:00:00-05:00,136.06726442233395,141.18999437445396,135.85053284595898,139.01283264160156,81760300,0.0,0.0
2023-01-24 00:00:00-05:00,138.22472018745663,141.03236969957698,138.21487421828232,140.41172790527344,66435100,0.0,0.0
2023-01-25 00:00:00-05:00,138.7960933961296,140.31319931491353,136.74700453490559,139.75167846679688,65799300,0.0,0.0
2023-01-26 00:00:00-05:00,141.04218251884544,142.10613318815084,139.79105325512376,141.82044982910156,54105100,0.0,0.0
2023-01-27 00:00:00-05:00,141.03234821855804,145.04185173584784,140.95353538112576,143.76116943359375,70555800,0.0,0.0
2023-01-30 00:00:00-05:00,142.8056023172103,143.38683009380475,140.7269606636837,140.87472534179688,64015300,0.0,0.0
2023-01-31 00:00:00-05:00,140.57917270592753,142.19479823056315,140.1654165994733,142.14553833007812,65874500,0.0,0.0
2023-02-01 00:00:00-05:00,141.83032262446247,144.43108640849707,139.21971287170524,143.26861572265625,77663600,0.0,0.0
2023-02-02 00:00:00-05:00,146.68702845858084,148.9331416858034,145.96788199485025,148.57850646972656,118339000,0.0,0.0
2023-02-03 00:00:00-05:00,145.8299825944814,155.0410292646019,145.632957993241,152.20382690429688,154357300,0.0,0.0
2023-02-06 00:00:00-05:00,150.30250288074524,150.82462478693864,148.53909754834626,149.4749755859375,69858300,0.0,0.0
2023-02-07 00:00:00-05:00,148.40116513275666,152.92294425687993,148.40116513275666,152.3515625,83322600,0.0,0.0
2023-02-08 00:00:00-05:00,151.5930321421785,152.28262569889247,148.9233016908853,149.6621551513672,64120100,0.0,0.0
2023-02-09 00:00:00-05:00,151.49451696275133,152.0363458567265,148.18445275739066,148.6277618408203,56007100,0.0,0.0
2023-02-10 00:00:00-05:00,147.46352995054943,149.3184067990407,147.22673043469464,148.99281311035156,57450700,0.23,0.0
2023-02-13 00:00:00-05:00,148.9336352385894,152.1994184714387,148.90403717735236,151.79490661621094,62199000,0.0,0.0
2023-02-14 00:00:00-05:00,150.08797404321209,151.71594235255213,148.84481056104855,151.15354919433594,61707600,0.0,0.0
2023-02-15 00:00:00-05:00,151.06479521662123,153.42286958750384,150.83787171493694,153.25514221191406,65573800,0.0,0.0
2023-02-16 00:00:00-05:00,151.45941308943844,154.24175084931028,151.3015618059057,151.65675354003906,68167900,0.0,0.0
2023-02-17 00:00:00-05:00,150.314927401964,150.95623873407766,148.83496427712012,150.5122528076172,59144100,0.0,0.0
2023-02-21 00:00:00-05:00,148.1936535747809,149.27896600318738,146.42757068306315,146.4966278076172,58867200,0.0,0.0
2023-02-22 00:00:00-05:00,146.88139380804506,147.94696900428042,145.19424437189434,146.92086791992188,51011300,0.0,0.0
2023-02-23 00:00:00-05:00,148.08511286734324,148.33177339849212,145.27319184522457,147.40432739257812,48394200,0.0,0.0
2023-02-24 00:00:00-05:00,145.14491019093927,145.22384336023686,143.77347836618958,144.75025939941406,55469600,0.0,0.0
2023-02-27 00:00:00-05:00,145.73692063205627,147.1774097603546,145.48038403430326,145.94410705566406,44998500,0.0,0.0
2023-02-28 00:00:00-05:00,145.08575664775248,147.0886393595919,144.86869413223585,145.44094848632812,50547000,0.0,0.0
2023-03-01 00:00:00-05:00,144.86868852583132,145.26333941787928,143.07299234059016,143.36898803710938,55479000,0.0,0.0
2023-03-02 00:00:00-05:00,142.45136134910396,144.75023876671483,141.9777624008253,143.96092224121094,52238100,0.0,0.0
2023-03-03 00:00:00-05:00,146.0624926286878,149.0914911594904,145.36198515518814,149.01255798339844,70732300,0.0,0.0
2023-03-06 00:00:00-05:00,151.7356876269036,154.21216902598104,151.41010897005816,151.77516174316406,87558000,0.0,0.0
2023-03-07 00:00:00-05:00,151.64685964722966,151.97245328646787,149.11119774886313,149.57492065429688,56182000,0.0,0.0
2023-03-08 00:00:00-05:00,150.76874578953723,151.41993305439257,149.8018409463936,150.82794189453125,47204800,0.0,0.0
2023-03-09 00:00:00-05:00,151.5087739759212,152.47567911750554,148.2232536400137,148.5784454345703,53833600,0.0,0.0
2023-03-10 00:00:00-05:00,148.20352210122027,148.92376664622063,145.63824652167983,146.516357421875,68572400,0.0,0.0
2023-03-13 00:00:00-04:00,145.83555065664373,151.09435428881787,145.72701943515565,148.46002197265625,84457100,0.0,0.0
2023-03-14 00:00:00-04:00,149.25919818665145,151.35087437586574,148.09496787151124,150.55169677734375,73695900,0.0,0.0
2023-03-15 00:00:00-04:00,149.17042182051847,151.20290214198522,147.91738213550175,150.94638061523438,77167900,0.0,0.0
2023-03-16 00:00:00-04:00,150.1274466592856,154.3700101664544,149.6143886164517,153.76815795898438,76161100,0.0,0.0
2023-03-17 00:00:00-04:00,153.99509488717774,154.64628226147335,152.21913616408204,152.9295196533203,98944600,0.0,0.0
2023-03-20 00:00:00-04:00,152.99859207349292,155.7118577491849,152.0908681263484,155.29745483398438,73641400,0.0,0.0
2023-03-21 00:00:00-04:00,155.21856391429898,157.2707665184009,154.44896911905354,157.15237426757812,73938300,0.0,0.0
2023-03-22 00:00:00-04:00,157.17207516380427,159.97413485829682,155.7019731494937,155.72171020507812,75701800,0.0,0.0
2023-03-23 00:00:00-04:00,156.70836691747317,159.39203464017027,155.57371946683134,156.80702209472656,67622100,0.0,0.0
2023-03-24 00:00:00-04:00,156.73795839634036,158.1981844310787,155.74145533462084,158.10939025878906,59196500,0.0,0.0
2023-03-27 00:00:00-04:00,157.80355536791788,158.6224701978729,155.76119879412065,156.1657257080078,52390300,0.0,0.0
2023-03-28 00:00:00-04:00,155.85984584155918,156.3729039229444,153.8964227422894,155.5441131591797,45992200,0.0,0.0
2023-03-29 00:00:00-04:00,157.24115895998125,158.89872564622954,157.2214369560123,158.62246704101562,51305700,0.0,0.0
2023-03-30 00:00:00-04:00,159.37232351853436,160.29976965443572,159.1158019499735,160.1912384033203,49501700,0.0,0.0
2023-03-31 00:00:00-04:00,160.270134648553,162.79593585053084,159.74721557415742,162.697265625,68749800,0.0,0.0
2023-04-03 00:00:00-04:00,162.07567322978076,164.06867907864293,162.02633812254018,163.95028686523438,56976200,0.0,0.0
2023-04-04 00:00:00-04:00,164.37458557847017,164.61137005549932,162.90448337873613,163.41754150390625,46278300,0.0,0.0
2023-04-05 00:00:00-04:00,162.53942989245922,162.84528654392068,159.63869962188485,161.572509765625,51511700,0.0,0.0
2023-04-06 00:00:00-04:00,160.26027222926052,162.75649064193277,159.83602334429725,162.4604949951172,45390100,0.0,0.0
2023-04-10 00:00:00-04:00,159.26374836927192,159.8656005859375,157.94165171461705,159.8656005859375,47716900,0.0,0.0
2023-04-11 00:00:00-04:00,160.1813829217557,160.19124392493657,158.36594965370705,158.65208435058594,47644200,0.0,0.0
2023-04-12 00:00:00-04:00,159.06644488688698,159.89522066020655,157.64567781550258,157.96141052246094,50133100,0.0,0.0
2023-04-13 00:00:00-04:00,159.47096870837692,163.58526449148977,159.26376724154565,163.3484649658203,68445600,0.0,0.0
2023-04-14 00:00:00-04:00,162.39141498863978,164.0983166124722,161.63171143290737,163.00314331054688,49386500,0.0,0.0
2023-04-17 00:00:00-04:00,162.8847588763579,163.18075455042484,161.83892054229136,163.02288818359375,41516200,0.0,0.0
2023-04-18 00:00:00-04:00,163.88125462301093,165.1737533320214,163.4372536454433,164.24630737304688,49923000,0.0,0.0
2023-04-19 00:00:00-04:00,163.58526647837797,165.91374248336922,163.32872989204589,165.3908233642578,47720200,0.0,0.0
2023-04-20 00:00:00-04:00,163.87135682166968,165.62757827712016,163.34843779588732,164.4238739013672,52456400,0.0,0.0
2023-04-21 00:00:00-04:00,162.84528714652217,164.226580111448,162.29276996055185,162.81568908691406,58337300,0.0,0.0
2023-04-24 00:00:00-04:00,162.79592733482866,163.3879185471219,161.70075413055952,163.12152099609375,41949600,0.0,0.0
2023-04-25 00:00:00-04:00,162.98341218856248,164.08844653165775,161.54290808705858,161.58238220214844,48714100,0.0,0.0
2023-04-26 00:00:00-04:00,160.8818632857178,163.07221001839787,160.625341751742,161.572509765625,45498800,0.0,0.0
2023-04-27 00:00:00-04:00,162.98342657757053,166.30840595665688,162.98342657757053,166.16041564941406,64902300,0.0,0.0
2023-04-28 00:00:00-04:00,166.23931504498196,167.58114875947356,165.63746282624027,167.4134063720703,55275900,0.0,0.0
2023-05-01 00:00:00-04:00,167.01878932487827,168.17315888477142,166.38733892318547,167.32464599609375,52472900,0.0,0.0
2023-05-02 00:00:00-04:00,167.81796415576136,168.07450075678005,165.3020235951721,166.28866577148438,48425700,0.0,0.0
2023-05-03 00:00:00-04:00,167.23584575291258,168.63687581044152,164.92710671677185,165.21322631835938,65136000,0.0,0.0
2023-05-04 00:00:00-04:00,162.68739142131733,164.80866560341155,162.11513728059836,163.5753631591797,81235400,0.0,0.0
2023-05-05 00:00:00-04:00,168.69605053726107,171.9717093122383,168.478988085668,171.25146484375,113453200,0.0,0.0
2023-05-08 00:00:00-04:00,170.1760244116815,171.5277343198539,169.8109716539451,171.18240356445312,55962800,0.0,0.0
2023-05-09 00:00:00-04:00,170.73841026688106,171.22185523763014,169.30778230115573,169.4755096435547,45326900,0.0,0.0
2023-05-10 00:00:00-04:00,170.70882753380215,171.70533067690712,169.60377809797177,171.24160766601562,53724500,0.0,0.0
2023-05-11 00:00:00-04:00,171.5277321199156,172.25783762602444,169.87016559220018,171.42906188964844,49514700,0.0,0.0
2023-05-12 00:00:00-04:00,171.5377460938216,171.97247152405595,168.94917294661113,170.50035095214844,45533100,0.24,0.0
2023-05-15 00:00:00-04:00,171.08328687103295,171.13269023363048,169.41355271544793,170.00636291503906,37266700,0.0,0.0
2023-05-16 00:00:00-04:00,169.92732055004092,171.063522510836,169.7395968176441,170.00636291503906,42110300,0.0,0.0
2023-05-17 00:00:00-04:00,169.65065404284252,170.8560084675657,168.37611683004315,170.618896484375,57951600,0.0,0.0
2023-05-18 00:00:00-04:00,170.9252052614361,173.13834629441766,170.51024414446266,172.95062255859375,65496700,0.0,0.0
2023-05-19 00:00:00-04:00,174.27452457823847,174.27452457823847,172.84191768629904,173.0592803955078,55809500,0.0,0.0
2023-05-22 00:00:00-04:00,171.89343134950482,172.61468722054929,171.3697889134683,172.1107940673828,43570900,0.0,0.0
2023-05-23 00:00:00-04:00,171.05361929309908,171.300620989034,169.22580071286586,169.50244140625,50747300,0.0,0.0
2023-05-24 00:00:00-04:00,169.03810854350246,170.35215962008832,168.4749524111313,169.77911376953125,45143500,0.0,0.0
2023-05-25 00:00:00-04:00,170.3422679275043,171.814388514026,169.63090177565675,170.91531372070312,56058300,0.0,0.0
2023-05-26 00:00:00-04:00,171.24135456411133,173.6619683326656,171.03386649216068,173.32603454589844,54835000,0.0,0.0
2023-05-30 00:00:00-04:00,174.8376957969301,176.84334846181008,174.45237373510062,175.17361450195312,55964400,0.0,0.0
2023-05-31 00:00:00-04:00,175.20326416230037,177.19904230758075,174.64009299685546,175.1242218017578,99625300,0.0,0.0
2023-06-01 00:00:00-04:00,175.568824614325,177.95979952365096,174.8080550736066,177.93016052246094,68901800,0.0,0.0
2023-06-02 00:00:00-04:00,178.8588732872537,179.5998784017098,177.11009699591673,178.7798309326172,61996900,0.0,0.0
2023-06-05 00:00:00-04:00,180.43969339813148,182.73186141970515,175.90473056039738,177.42626953125,121946500,0.0,0.0
2023-06-06 00:00:00-04:00,177.81157917901706,177.95977416384898,175.30203354675976,177.06069946289062,64848400,0.0,0.0
2023-06-07 00:00:00-04:00,176.29996795070792,179.03675150695423,175.1934049571889,175.68740844726562,61944600,0.0,0.0
2023-06-08 00:00:00-04:00,175.76639710388454,178.67113939917257,175.3316867918341,178.40438842773438,50214900,0.0,0.0
2023-06-09 00:00:00-04:00,179.3232203666376,180.04446105377914,178.46365934119785,178.78970336914062,48900000,0.0,0.0
2023-06-12 00:00:00-04:00,179.09600328256303,181.68457636718009,178.79959821677159,181.5857696533203,54274900,0.0,0.0
2023-06-13 00:00:00-04:00,180.6076484418825,181.94144859403625,180.2519653861507,181.1115264892578,54929100,0.0,0.0
2023-06-14 00:00:00-04:00,181.17082015656314,182.17859141427,179.8370198890403,181.74386596679688,57462900,0.0,0.0
2023-06-15 00:00:00-04:00,181.7537423543279,184.28303741690132,181.57589328622848,183.77914428710938,65433200,0.0,0.0
2023-06-16 00:00:00-04:00,184.490530124381,184.74742157511324,182.06004151498252,182.70223999023438,101256200,0.0,0.0
2023-06-20 00:00:00-04:00,182.19831222578372,183.86804589731415,182.19831222578372,182.79110717773438,49799100,0.0,0.0
2023-06-21 00:00:00-04:00,182.68243679920374,183.18632987573855,180.40014368436258,181.75372314453125,49515700,0.0,0.0
2023-06-22 00:00:00-04:00,181.53639657516283,184.80669706223912,181.46722885451086,184.75729370117188,51245300,0.0,0.0
2023-06-23 00:00:00-04:00,183.3246636484937,185.31055187722217,182.79113153727351,184.44110107421875,53117000,0.0,0.0
2023-06-26 00:00:00-04:00,184.58932295318664,185.79469252512132,183.00850595123646,183.04803466796875,48088700,0.0,0.0
2023-06-27 00:00:00-04:00,183.66059237854205,186.13060949863421,183.4432296659109,185.8045654296875,50730800,0.0,0.0
2023-06-28 00:00:00-04:00,185.67612459327006,187.62249934110088,185.350095591546,186.9803009033203,51216800,0.0,0.0
2023-06-29 00:00:00-04:00,186.81236027434662,187.79049260495555,186.6740399011505,187.3162384033203,46347300,0.0,0.0
2023-06-30 00:00:00-04:00,189.33175958026345,192.14757008838143,188.96618679019105,191.64369201660156,85213200,0.0,0.0
2023-07-03 00:00:00-04:00,191.4559555638213,191.55476227365418,189.46017761633829,190.15179443359375,31458200,0.0,0.0
2023-07-05 00:00:00-04:00,189.27248168829453,190.66555990536892,188.33386310926684,189.0353546142578,46920300,0.0,0.0
2023-07-06 00:00:00-04:00,187.56320791106293,189.7170705815605,186.9308841600135,189.50958251953125,45094300,0.0,0.0
2023-07-07 00:00:00-04:00,189.11438325252212,190.35926638037827,187.95841711755844,188.39312744140625,46815000,0.0,0.0
2023-07-10 00:00:00-04:00,186.9901751208951,187.71143099184326,184.79679865953796,186.3479766845703,59922200,0.0,0.0
2023-07-11 00:00:00-04:00,186.8913900886379,187.02971045254367,184.36209481962464,185.8243408203125,46638100,0.0,0.0
2023-07-12 00:00:00-04:00,187.4051170053163,189.4008949030878,186.2096372553674,187.49404907226562,60750200,0.0,0.0
2023-07-13 00:00:00-04:00,188.21527762484376,188.89700466458706,187.50391158996257,188.25479125976562,41342300,0.0,0.0
2023-07-14 00:00:00-04:00,187.94854060692288,188.88714410801785,187.35574553686786,188.4030303955078,41616200,0.0,0.0
2023-07-17 00:00:00-04:00,189.59849130268125,191.9894809296959,189.50957431242833,191.66343688964844,50520200,0.0,0.0
2023-07-18 00:00:00-04:00,191.0311380681889,191.9993805984401,190.1122838217696,191.4065704345703,48288200,0.0,0.0
2023-07-19 00:00:00-04:00,190.784103142532,195.85256735078863,190.33948805911442,192.76011657714844,80507300,0.0,0.0
2023-07-20 00:00:00-04:00,192.7502514500073,194.11370571807572,190.1913173439326,190.8137664794922,59581200,0.0,0.0
2023-07-21 00:00:00-04:00,191.77212935032986,192.63169045749675,188.93653953192955,189.63803100585938,71951700,0.0,0.0
2023-07-24 00:00:00-04:00,191.09039681521514,192.57240699977407,189.94430532096735,190.4383087158203,45377800,0.0,0.0
2023-07-25 00:00:00-04:00,191.01136672601527,192.10805493602857,190.60628029804008,191.29788208007812,37283200,0.0,0.0
2023-07-26 00:00:00-04:00,191.34731079257816,193.29368575722708,191.00151739363346,192.1673583984375,47471900,0.0,0.0
2023-07-27 00:00:00-04:00,193.66910156142774,194.83494237556206,190.24071668140024,190.90267944335938,47460200,0.0,0.0
2023-07-28 00:00:00-04:00,192.3352927070371,194.27179277672036,191.8116502798051,193.48138427734375,48291400,0.0,0.0
2023-07-31 00:00:00-04:00,193.70862628447964,194.13347708185938,192.91821776612247,194.0939483642578,38824100,0.0,0.0
2023-08-01 00:00:00-04:00,193.88647197429418,194.37058568804014,192.93797875368105,193.26402282714844,35175100,0.0,0.0
2023-08-02 00:00:00-04:00,192.70084355962268,192.83916391140565,189.54911446715442,190.27035522460938,50389300,0.0,0.0
2023-08-03 00:00:00-04:00,189.27247006657564,190.06286344658966,188.40301925761534,188.87725830078125,61235200,0.0,0.0
2023-08-04 00:00:00-04:00,183.29500493096032,185.13269797319032,179.7381748247779,179.80734252929688,115956800,0.0,0.0
2023-08-07 00:00:00-04:00,179.94567809387448,180.9336848652445,175.2230069327887,176.70501708984375,97576100,0.0,0.0
2023-08-08 00:00:00-04:00,177.53496487660905,178.10801069610721,175.45026968400623,177.64364624023438,67823000,0.0,0.0
2023-08-09 00:00:00-04:00,178.70078370635215,178.76006170176663,174.88707688488682,176.0529327392578,60378500,0.0,0.0
2023-08-10 00:00:00-04:00,177.3274561288203,178.58222898523437,175.47001359754938,175.8355712890625,54686900,0.0,0.0
2023-08-11 00:00:00-04:00,175.42993638319382,176.71606748177,174.66813966002076,175.89491271972656,52036700,0.24,0.0
2023-08-14 00:00:00-04:00,176.07301094207762,177.77467859210861,175.42004228880285,177.54713439941406,43675600,0.0,0.0
2023-08-15 00:00:00-04:00,176.97331337741676,177.56690888775307,175.1628176334086,175.5585479736328,43622600,0.0,0.0
2023-08-16 00:00:00-04:00,175.24195572610614,176.6369149003717,174.61866613802027,174.68792724609375,46964900,0.0,0.0
2023-08-17 00:00:00-04:00,175.25187020963352,175.6179215615527,171.6308784010705,172.1453399658203,66062900,0.0,0.0
2023-08-18 00:00:00-04:00,170.46348268413263,173.23364091556027,170.12711031715548,172.63014221191406,61172200,0.0,0.0
2023-08-21 00:00:00-04:00,173.2039318191006,174.2526308376999,171.88810651020768,173.96571350097656,46311900,0.0,0.0
2023-08-22 00:00:00-04:00,175.17271045239184,175.78609702554508,174.37134667878323,175.3408966064453,42038900,0.0,0.0
2023-08-23 00:00:00-04:00,176.61717535249278,179.61487764306722,176.4291981302873,179.189453125,52722800,0.0,0.0
2023-08-24 00:00:00-04:00,178.74423570753817,179.16966018527063,174.13390304899033,174.49996948242188,54945800,0.0,0.0
2023-08-25 00:00:00-04:00,175.4893219988908,177.2404448053197,173.9459523611551,176.70620727539062,51449600,0.0,0.0
2023-08-28 00:00:00-04:00,178.17042326142217,178.66509377862053,176.6468447107556,178.2693634033203,43820700,0.0,0.0
2023-08-29 00:00:00-04:00,177.78455525489372,182.929124873536,177.58669009574285,182.15744018554688,53003900,0.0,0.0
2023-08-30 00:00:00-04:00,182.9687355268348,185.84772159478027,182.77087033679462,185.64984130859375,60813900,0.0,0.0
2023-08-31 00:00:00-04:00,185.8377983965077,187.10415359099386,185.48163505454943,185.8674774169922,60794500,0.0,0.0
2023-09-01 00:00:00-04:00,187.4702613024132,187.8956707538354,186.2731518599601,187.44058227539062,45766500,0.0,0.0
2023-09-05 00:00:00-04:00,186.27313129788112,187.9550080601447,185.6102746073009,187.67799377441406,45280000,0.0,0.0
2023-09-06 00:00:00-04:00,186.3918455631262,186.8370611072444,179.53571941437733,180.9603729248047,81755800,0.0,0.0
2023-09-07 00:00:00-04:00,173.312752460059,176.31046963604499,171.69023379276553,175.66738891601562,112488800,0.0,0.0
2023-09-08 00:00:00-04:00,176.4489782367689,178.3188321743013,175.89493458078306,176.28077697753906,65551300,0.0,0.0
2023-09-11 00:00:00-04:00,178.15065045906456,178.3781946740771,175.44973851819339,177.44821166992188,58953100,0.0,0.0
2023-09-12 00:00:00-04:00,177.57683789873767,178.21001559327632,172.95661681425068,174.42083740234375,90370200,0.0,0.0
2023-09-13 00:00:00-04:00,174.6285604188278,175.41014819975618,172.12552909799857,172.35308837890625,84267900,0.0,0.0
2023-09-14 00:00:00-04:00,172.1453169089935,174.22293884118037,171.72979554178494,173.8667755126953,60895800,0.0,0.0
2023-09-15 00:00:00-04:00,174.5989096220804,174.61870067060727,171.96727382158934,173.1445770263672,109259500,0.0,0.0
2023-09-18 00:00:00-04:00,174.59887469750015,177.46797231412128,174.29218143934185,176.072998046875,67257600,0.0,0.0
2023-09-19 00:00:00-04:00,175.62781908525017,177.71532920549458,175.24197669791334,177.1613006591797,51826900,0.0,0.0
2023-09-20 00:00:00-04:00,177.34925024969752,177.78456267568592,173.5303936437239,173.61944580078125,58436200,0.0,0.0
2023-09-21 00:00:00-04:00,172.6894667209782,174.42081339229338,172.00681904661934,172.07606506347656,63149100,0.0,0.0
2023-09-22 00:00:00-04:00,172.80817906033587,175.19249433338604,172.19479251227028,172.92689514160156,56725400,0.0,0.0
2023-09-25 00:00:00-04:00,172.3432048049037,175.08368369125543,172.29373473406022,174.2031707763672,46172700,0.0,0.0
2023-09-26 00:00:00-04:00,172.9565908960506,173.33253018900052,169.83026989319274,170.1270751953125,64588900,0.0,0.0
2023-09-27 00:00:00-04:00,170.78004737841366,171.19556880826096,167.24810767663843,168.61338806152344,66921800,0.0,0.0
2023-09-28 00:00:00-04:00,167.53501945328387,170.19634944676713,165.8333515413796,168.87063598632812,56294400,0.0,0.0
2023-09-29 00:00:00-04:00,170.18643455541363,171.22524557281096,168.52433390834895,169.38507080078125,51861100,0.0,0.0
2023-10-02 00:00:00-04:00,169.39496352748424,172.4421355524603,169.10804618991,171.8979949951172,52164500,0.0,0.0
2023-10-03 00:00:00-04:00,170.4238555507343,171.77926282963776,168.99921735596456,170.56236267089844,49594600,0.0,0.0
2023-10-04 00:00:00-04:00,169.26634637027362,172.3531005247124,169.14763028223018,171.8089599609375,53020300,0.0,0.0
2023-10-05 00:00:00-04:00,171.93756684563112,173.57987653919332,170.83939772477277,173.04563903808594,48527900,0.0,0.0
2023-10-06 00:00:00-04:00,171.94747372177912,176.092815045354,171.33407201891083,175.59814453125,57266700,0.0,0.0
2023-10-09 00:00:00-04:00,174.9253820623563,177.1415113656987,173.92615307401468,177.0821533203125,42390800,0.0,0.0
2023-10-10 00:00:00-04:00,176.20162316730602,177.80435062036204,176.05321297222847,176.488525390625,43698000,0.0,0.0
2023-10-11 00:00:00-04:00,176.30057789253502,177.9329997364432,175.7069823006886,177.88352966308594,47551100,0.0,0.0
2023-10-12 00:00:00-04:00,178.1506510638416,180.39644439001881,177.13161588848607,178.78382873535156,56743100,0.0,0.0
2023-10-13 00:00:00-04:00,179.48624788964275,179.9908063804386,176.24121051823693,176.9436492919922,51427100,0.0,0.0
2023-10-16 00:00:00-04:00,174.86601479996662,177.17118104988546,174.6285675347915,176.8150177001953,52517000,0.0,0.0
2023-10-17 00:00:00-04:00,174.7670787756051,176.51821654411026,172.93680701299223,175.26174926757812,57549400,0.0,0.0
2023-10-18 00:00:00-04:00,173.70849028197048,175.68717223288098,173.2434988158149,173.96571350097656,54764400,0.0,0.0
2023-10-19 00:00:00-04:00,174.16358722416024,175.9444040866048,173.32265641144056,173.58978271484375,59302900,0.0,0.0
2023-10-20 00:00:00-04:00,173.44136860989997,173.55019672394363,170.7998299466356,171.0372772216797,64244000,0.0,0.0
2023-10-23 00:00:00-04:00,169.08827156264798,172.15521956196545,168.11870652701532,171.15599060058594,55980100,0.0,0.0
2023-10-24 00:00:00-04:00,171.20546620053886,171.81885280099095,169.62251453312876,171.59130859375,43816600,0.0,0.0
2023-10-25 00:00:00-04:00,170.04794519039626,171.21536038795298,168.83104482476435,169.27626037597656,57157000,0.0,0.0
2023-10-26 00:00:00-04:00,168.55403244057868,169.55327657792432,163.90413245355498,165.1111297607422,70625300,0.0,0.0
2023-10-27 00:00:00-04:00,165.13093692905153,167.15908932984757,165.05178782457457,166.42697143554688,58499100,0.0,0.0
2023-10-30 00:00:00-04:00,167.21841659954197,169.34549366723184,167.0700063949142,168.47486877441406,51131000,0.0,0.0
2023-10-31 00:00:00-04:00,167.54492077929578,169.07838740239757,166.1103641120373,168.9497833251953,44846000,0.0,0.0
2023-11-01 00:00:00-04:00,169.1773025316942,172.37286957481675,168.30667766450742,172.1156463623047,56934900,0.0,0.0
2023-11-02 00:00:00-04:00,173.64913976332178,175.88504503012373,173.58978171760563,175.6772918701172,77334800,0.0,0.0
2023-11-03 00:00:00-04:00,172.38278939451087,174.93529110628108,171.5022764668811,174.76708984375,79829200,0.0,0.0
2023-11-06 00:00:00-05:00,174.49996733550321,177.51744525540883,174.3317811800047,177.319580078125,63841300,0.0,0.0
2023-11-07 00:00:00-05:00,177.2701137835187,180.495375116872,177.06236062659886,179.88198852539062,70530000,0.0,0.0
2023-11-08 00:00:00-05:00,180.40634475587757,181.4946108426327,179.65443590363796,180.94058227539062,49340300,0.0,0.0
2023-11-09 00:00:00-05:00,181.00982351508927,182.15744752284814,179.87207238589124,180.46568298339844,53763500,0.0,0.0
2023-11-10 00:00:00-05:00,182.24886906112522,184.82455079604722,181.81298306450438,184.6561279296875,66133400,0.24,0.0
2023-11-13 00:00:00-05:00,184.0815522328342,184.28957909475855,182.4866141219331,183.0710906982422,43627500,0.0,0.0
2023-11-14 00:00:00-05:00,185.94396348691,186.35013134634684,184.55706727911962,185.6864013671875,60108400,0.0,0.0
2023-11-15 00:00:00-05:00,186.09256123667055,187.72711849110286,186.02320887124122,186.2510528564453,53790500,0.0,0.0
2023-11-16 00:00:00-05:00,187.79646053927942,189.1734556093977,186.88505441646575,187.93515014648438,54412900,0.0,0.0
2023-11-17 00:00:00-05:00,188.47010270019993,188.5988913131576,186.80582731444395,187.91534423828125,50922700,0.0,0.0
2023-11-20 00:00:00-05:00,188.11347160798348,190.1145776039652,188.10357060538217,189.65887451171875,46505100,0.0,0.0
2023-11-21 00:00:00-05:00,189.6192457228965,189.72821721009598,187.96487141071046,188.8564453125,38134500,0.0,0.0
2023-11-22 00:00:00-05:00,189.69851123933077,191.12502655036587,189.0446822742513,189.5201873779297,39617700,0.0,0.0
2023-11-24 00:00:00-05:00,189.0843077535022,189.1140258787283,187.47946852715137,188.19273376464844,24048300,0.0,0.0
2023-11-27 00:00:00-05:00,188.14319291304204,188.886176253634,187.13273133734725,188.014404296875,40552600,0.0,0.0
2023-11-28 00:00:00-05:00,188.0044881862593,189.29232889633607,187.62803848681267,188.61868286132812,38415400,0.0,0.0
2023-11-29 00:00:00-05:00,189.1140277612682,190.29289712708973,187.202091144525,187.5983428955078,43014200,0.0,0.0
2023-11-30 00:00:00-05:00,188.06392585220516,188.53944603911236,186.42936866830843,188.1728973388672,48794400,0.0,0.0
2023-12-01 00:00:00-05:00,188.54934617033052,189.76783452208102,187.45963130874318,189.45083618164062,45704800,0.0,0.0
2023-12-04 00:00:00-05:00,188.20260275786183,188.27195511561732,185.6962738498395,187.65774536132812,43389500,0.0,0.0
2023-12-05 00:00:00-05:00,188.43048297188668,192.58127042048946,188.40074973234698,191.61044311523438,66628400,0.0,0.0
2023-12-06 00:00:00-05:00,192.63082982561934,192.9379272177151,190.31272520524868,190.52076721191406,41089700,0.0,0.0
2023-12-07 00:00:00-05:00,191.8184723448333,193.17565028147504,191.77883810543793,192.45248413085938,47477700,0.0,0.0
2023-12-08 00:00:00-05:00,192.38313041357762,194.15639227120218,191.8580901155405,193.87901306152344,53406400,0.0,0.0
2023-12-11 00:00:00-05:00,191.30334341541183,191.6797931299085,189.62915193698308,191.3726806640625,60943700,0.0,0.0
2023-12-12 00:00:00-05:00,191.27364184491046,192.8982982200226,189.92636472047343,192.88839721679688,52696900,0.0,0.0
2023-12-13 00:00:00-05:00,193.26481149731427,196.1475903161728,193.02706651664724,196.10797119140625,70404200,0.0,0.0
2023-12-14 00:00:00-05:00,196.16740691178524,197.75242887078264,194.32480773637585,196.25656127929688,66831600,0.0,0.0
2023-12-15 00:00:00-05:00,195.68199966761293,196.54385551373443,195.15695931123605,195.7216339111328,128538400,0.0,0.0
2023-12-18 00:00:00-05:00,194.25545312358386,194.79040955452615,192.5713606983871,194.0573272705078,55751900,0.0,0.0
2023-12-19 00:00:00-05:00,194.32481746504553,195.1074199235508,194.0573392330858,195.09751892089844,40714100,0.0,0.0
2023-12-20 00:00:00-05:00,195.0578585266859,195.8305598789422,193.00723266601562,193.00723266601562,52242800,0.0,0.0
2023-12-21 00:00:00-05:00,194.26537091395173,195.23619818360498,191.6896894536902,192.858642578125,46482500,0.0,0.0
2023-12-22 00:00:00-05:00,193.35397752019378,193.58183662844655,191.16466173906855,191.7887725830078,37149600,0.0,0.0
2023-12-26 00:00:00-05:00,191.79865490672267,192.0760341178965,191.02595351616222,191.243896484375,28919300,0.0,0.0
2023-12-27 00:00:00-05:00,190.68914273833013,191.68968812345565,189.30223153241622,191.34295654296875,48087700,0.0,0.0
2023-12-28 00:00:00-05:00,192.32374048654876,192.8388799068799,191.36281402302424,191.76898193359375,34049900,0.0,0.0
2023-12-29 00:00:00-05:00,192.08595308574118,192.58127531145587,189.9362564400636,190.72877502441406,42672100,0.0,0.0
