date,open,high,low,close,volume,dividends,stock splits
2015-01-02 00:00:00-05:00,26.430300582521202,26.589102482833976,26.196070287845032,26.278945922851562,26480000,0.0,0.0
2015-01-05 00:00:00-05:00,26.159842033382823,26.201526888631296,25.693367301046194,25.77822494506836,41182000,0.0,0.0
2015-01-06 00:00:00-05:00,25.829838535819537,25.865071897808562,25.087944557186944,25.14203643798828,54456000,0.0,0.0
2015-01-07 00:00:00-05:00,25.355916600007745,25.38271265451361,24.993654009367308,25.068090438842773,46918000,0.0,0.0
2015-01-08 00:00:00-05:00,24.887457945151546,25.184711493728862,24.56539035849883,25.155433654785156,73054000,0.0,0.0
2015-01-09 00:00:00-05:00,25.218457197288135,25.239299626508316,24.745530930705662,24.84825325012207,42000000,0.0,0.0
2015-01-12 00:00:00-05:00,24.774809750376154,24.826419847589236,24.36143299477217,24.666627883911133,57138000,0.0,0.0
2015-01-13 00:00:00-05:00,24.94005895758154,25.239298298247874,24.6765508458732,24.90184783935547,60958000,0.0,0.0
2015-01-14 00:00:00-05:00,24.83336482637398,25.222425374457995,24.7212132549497,25.10679817199707,52800000,0.0,0.0
2015-01-15 00:00:00-05:00,25.253688174016048,25.29636498418844,24.912268013501418,25.011518478393555,51068000,0.0,0.0
2015-01-16 00:00:00-05:00,24.968841611236375,25.350954698690078,24.965863850974774,25.331602096557617,49658000,0.0,0.0
2015-01-20 00:00:00-05:00,25.446233101109293,25.587168417835063,25.2775078819062,25.30579376220703,46796000,0.0,0.0
2015-01-21 00:00:00-05:00,25.350458859185682,25.896831490561922,25.288427550358755,25.824378967285156,46356000,0.0,0.0
2015-01-22 00:00:00-05:00,25.95389964352086,26.739960219628923,25.899809658931048,26.663537979125977,56068000,0.0,0.0
2015-01-23 00:00:00-05:00,26.69976350422547,27.065995819308014,26.58661808424548,26.8942928314209,45966000,0.0,0.0
2015-01-26 00:00:00-05:00,26.871964134717718,26.871964134717718,26.403999540318267,26.634756088256836,30932000,0.0,0.0
2015-01-27 00:00:00-05:00,26.370750216611732,26.439233025193477,25.847701786405633,25.864078521728516,39148000,0.0,0.0
2015-01-28 00:00:00-05:00,26.0531481320877,26.087389533644764,25.42539162760177,25.42936134338379,35822000,0.0,0.0
2015-01-29 00:00:00-05:00,25.4526860708274,25.566327469471204,24.98521747991436,25.46906280517578,79018000,0.0,0.0
2015-01-30 00:00:00-05:00,25.755399020333343,26.951362524844825,25.714706120113835,26.67594337463379,121108000,0.0,0.0
2015-02-02 00:00:00-05:00,26.515655994208572,26.623839752841796,25.890381204884132,26.410451889038086,75378000,0.0,0.0
2015-02-03 00:00:00-05:00,26.29829887195368,26.670982726731545,26.142972600970907,26.46504020690918,47062000,0.0,0.0
2015-02-04 00:00:00-05:00,26.4570961940132,26.636242637507667,26.05463666846763,26.107736587524414,33896000,0.0,0.0
2015-02-05 00:00:00-05:00,26.198550251057004,26.33551586305348,26.08490884993802,26.29283905029297,33176000,0.0,0.0
2015-02-06 00:00:00-05:00,26.351398824329213,26.80844435635436,26.23428367532672,26.49382209777832,42938000,0.0,0.0
2015-02-09 00:00:00-05:00,26.35387627632108,26.4938196473041,26.179693395686797,26.265544891357422,30314000,0.0,0.0
2015-02-10 00:00:00-05:00,26.40796970983827,26.847150557367968,26.26008689830117,26.805465698242188,47430000,0.0,0.0
2015-02-11 00:00:00-05:00,26.784126109376253,26.894293773076562,26.59902414091422,26.698274612426758,38306000,0.0,0.0
2015-02-12 00:00:00-05:00,26.780653577630602,27.211399015379424,26.648651523608574,27.095773696899414,48590000,0.0,0.0
2015-02-13 00:00:00-05:00,27.17020899450773,27.419824054184307,27.12505039897322,27.351341247558594,47382000,0.0,0.0
2015-02-17 00:00:00-05:00,27.3513412625548,27.442650409408948,26.959302939823672,27.046146392822266,39174000,0.0,0.0
2015-02-18 00:00:00-05:00,26.98709296463159,27.172194934591545,26.775194938373996,26.929031372070312,31164000,0.0,0.0
2015-02-19 00:00:00-05:00,26.92010002058703,27.137953567668845,26.834744500697806,27.11760711669922,30834000,0.0,0.0
2015-02-20 00:00:00-05:00,27.173684614462704,27.173684614462704,26.703240109300214,26.886852264404297,38234000,0.0,0.0
2015-02-23 00:00:00-05:00,26.747901276188085,26.76278818461709,26.400525566163825,26.549400329589844,32906000,0.0,0.0
2015-02-24 00:00:00-05:00,26.37819054720175,26.76774705233003,26.35089662257756,26.73052978515625,28406000,0.0,0.0
2015-02-25 00:00:00-05:00,26.72010925792435,27.27243547629072,26.69876895967286,27.16127586364746,40836000,0.0,0.0
2015-02-26 00:00:00-05:00,27.082375863567233,27.79647993538524,27.050118369011518,27.75479507446289,54032000,0.0,0.0
2015-02-27 00:00:00-05:00,27.69821872620895,28.257494342129995,27.64263891703325,27.92053985595703,68328000,0.0,0.0
2015-03-02 00:00:00-05:00,28.13740270585175,28.58353102590686,27.946345210190998,28.5353946685791,50406000,0.0,0.0
2015-03-03 00:00:00-05:00,28.601392128486154,28.82470519613208,28.311086087069015,28.72247886657715,50526000,0.0,0.0
2015-03-04 00:00:00-05:00,28.63216277381895,28.863415296793082,28.411331465319172,28.69965362548828,37964000,0.0,0.0
2015-03-05 00:00:00-05:00,28.763671520139305,28.94132814890123,28.694692732976936,28.853492736816406,35918000,0.0,0.0
2015-03-06 00:00:00-05:00,28.88177697278826,28.920484069243443,28.388504276039424,28.43018913269043,37592000,0.0,0.0
2015-03-09 00:00:00-04:00,28.331930426363343,28.556731442648974,28.239131455244465,28.48973846435547,23478000,0.0,0.0
2015-03-10 00:00:00-04:00,28.21084688311271,28.27436801937036,27.781093410014712,27.782583236694336,40080000,0.0,0.0
2015-03-11 00:00:00-04:00,27.78010186536099,27.99745944103969,27.562248311796857,27.576143264770508,40524000,0.0,0.0
2015-03-12 00:00:00-04:00,27.714597335688122,27.881336774494798,27.568204348837554,27.84808921813965,35602000,0.0,0.0
2015-03-13 00:00:00-04:00,27.75181442062875,28.006391146895467,27.31015181762582,27.442649841308594,35428000,0.0,0.0
2015-03-16 00:00:00-04:00,27.63767986274413,27.976122314552086,27.359282919594186,27.871414184570312,36856000,0.0,0.0
2015-03-17 00:00:00-04:00,27.705168400366922,27.821787570533843,27.51262485746634,27.671424865722656,28892000,0.0,0.0
2015-03-18 00:00:00-04:00,27.677376189583796,28.113085166739946,27.46746207936663,28.09571647644043,35324000,0.0,0.0
2015-03-19 00:00:00-04:00,28.0143278181925,28.135412660084476,27.895228780580254,27.97214698791504,24660000,0.0,0.0
2015-03-20 00:00:00-04:00,28.123010649951073,28.14236325185742,28.01234700892189,28.035669326782227,44320000,0.0,0.0
2015-03-23 00:00:00-04:00,28.087778386129667,28.26841467909188,27.941881370812307,28.056514739990234,30234000,0.0,0.0
2015-03-24 00:00:00-04:00,28.21382568634865,28.875823664903717,28.191493429691473,28.660451889038086,79156000,0.0,0.0
2015-03-25 00:00:00-04:00,28.661939868423275,28.78600249236309,28.13740348815918,28.13740348815918,53070000,0.0,0.0
2015-03-26 00:00:00-04:00,28.020781414086088,28.1468298295938,27.70615919273044,27.970659255981445,49842000,0.0,0.0
2015-03-27 00:00:00-04:00,27.88083959269852,27.992001106815056,27.63767792160523,27.668445587158203,34552000,0.0,0.0
2015-03-30 00:00:00-04:00,27.802434829384836,27.897217720141064,27.630731824384306,27.846599578857422,24788000,0.0,0.0
2015-03-31 00:00:00-04:00,27.68779960529353,27.911608685545964,27.52552585929373,27.527015686035156,34932000,0.0,0.0
2015-04-01 00:00:00-04:00,27.533462963876648,27.71558526313066,27.09676206322586,27.268465042114258,38902000,0.0,0.0
2015-04-02 00:00:00-04:00,27.165246649010005,27.194524486830748,26.819358886342425,26.862533569335938,47760000,0.0,0.0
2015-04-06 00:00:00-04:00,26.739958855824437,27.072447643801446,26.58413662244109,26.99354362487793,33718000,0.0,0.0
2015-04-07 00:00:00-04:00,27.04515541706288,27.301716069367334,26.9756806521466,27.03870391845703,27318000,0.0,0.0
2015-04-08 00:00:00-04:00,27.09527074596277,27.36820997700592,27.09527074596277,27.2362060546875,28386000,0.0,0.0
2015-04-09 00:00:00-04:00,27.254572026203107,27.262511458019304,26.894293331648246,27.19551658630371,32366000,0.0,0.0
2015-04-10 00:00:00-04:00,27.27243521822849,27.286330169677417,27.04465645281421,27.22132110595703,26104000,0.0,0.0
2015-04-13 00:00:00-04:00,27.14738190135355,27.456048607430134,27.110162738822524,27.22628402709961,29326000,0.0,0.0
2015-04-14 00:00:00-04:00,27.123564161220745,27.123564161220745,26.586124782012064,26.786609649658203,47206000,0.0,0.0
2015-04-15 00:00:00-04:00,26.696293765622162,26.95583219772891,26.4188887700168,26.849138259887695,46962000,0.0,0.0
2015-04-16 00:00:00-04:00,26.715643577965192,27.05706376476837,26.70323845205174,26.972206115722656,31722000,0.0,0.0
2015-04-17 00:00:00-04:00,26.664033147859083,26.78759978583808,26.251650269776206,26.437246322631836,49234000,0.0,0.0
2015-04-20 00:00:00-04:00,26.487369835441832,27.085352583011485,26.467519361562132,27.022327423095703,38508000,0.0,0.0
2015-04-21 00:00:00-04:00,27.110659754302254,27.183112277676983,26.907197136796636,26.94243049621582,29128000,0.0,0.0
2015-04-22 00:00:00-04:00,26.94937912364922,27.343401378617795,26.86303164396765,27.253084182739258,31806000,0.0,0.0
2015-04-23 00:00:00-04:00,27.314121087883436,27.84808667589863,27.29774435362555,27.663976669311523,78184000,0.0,0.0
2015-04-24 00:00:00-04:00,28.78500713624957,29.015763665240605,28.204393140414467,28.46790313720703,92168000,0.0,0.0
2015-04-27 00:00:00-04:00,28.4237398679935,28.560207618549835,27.904165159557476,28.093732833862305,48062000,0.0,0.0
2015-04-28 00:00:00-04:00,28.004403746372944,28.178588509750107,27.837664329570313,28.006885528564453,37178000,0.0,0.0
2015-04-29 00:00:00-04:00,27.815332407932466,28.07983435856807,27.740400000869855,27.8590030670166,33622000,0.0,0.0
2015-04-30 00:00:00-04:00,27.71856778607811,27.845112195264498,27.131008125443344,27.232738494873047,47240000,0.0,0.0
2015-05-01 00:00:00-04:00,27.319083755715877,27.354319007809096,26.98858076358933,27.351341247558594,36572000,0.0,0.0
2015-05-04 00:00:00-04:00,27.342904436929107,27.625767056230554,27.164253963044967,27.434711456298828,35260000,0.0,0.0
2015-05-05 00:00:00-04:00,27.30171456447311,27.42329728942022,26.915135791679393,26.94838523864746,28528000,0.0,0.0
2015-05-06 00:00:00-04:00,26.928537064377405,26.992554181439914,26.41243609076203,26.55337142944336,39034000,0.0,0.0
2015-05-07 00:00:00-04:00,26.594062839964238,27.055575929843123,26.472482004515168,26.898759841918945,31844000,0.0,0.0
2015-05-08 00:00:00-04:00,27.237700892382342,27.432726212356606,27.19601603336356,27.241670608520508,28226000,0.0,0.0
2015-05-11 00:00:00-04:00,27.218842049765822,27.461013661759058,27.07542682738903,27.08435821533203,21858000,0.0,0.0
2015-05-12 00:00:00-04:00,26.93696964388075,26.94441499074613,26.549398923022324,26.734500885009766,35282000,0.0,0.0
2015-05-13 00:00:00-04:00,26.820849130077665,26.98808453606404,26.746906781502496,26.772216796875,24238000,0.0,0.0
2015-05-14 00:00:00-04:00,26.99453758837048,27.278394065074853,26.92158908436705,27.25407600402832,31736000,0.0,0.0
2015-05-15 00:00:00-04:00,27.31313195146552,27.323553166515275,26.92158958068065,27.119592666625977,33440000,0.0,0.0
2015-05-18 00:00:00-04:00,26.98709157241085,27.211396606028362,26.909179510796726,27.128522872924805,26706000,0.0,0.0
2015-05-19 00:00:00-04:00,27.194525967094666,27.4625016810365,27.150857196914174,27.258047103881836,47126000,0.0,0.0
2015-05-20 00:00:00-04:00,27.3394309378471,27.594999631815487,27.050612795411553,27.4183349609375,30840000,0.0,0.0
2015-05-21 00:00:00-04:00,27.303698409050863,27.67142053160191,27.259035795408852,27.6317195892334,34170000,0.0,0.0
2015-05-22 00:00:00-04:00,27.515103904681666,27.702687662834755,27.47341904576884,27.518081665039062,24266000,0.0,0.0
2015-05-26 00:00:00-04:00,27.42181097910686,27.459030146760327,26.94491495574782,27.154333114624023,37474000,0.0,0.0
2015-05-27 00:00:00-04:00,27.228269528448177,27.55629072544195,27.124057388957606,27.504680633544922,34844000,0.0,0.0
2015-05-28 00:00:00-04:00,27.481852844049044,27.579613480263045,27.33347407430562,27.501205444335938,23544000,0.0,0.0
2015-05-29 00:00:00-04:00,27.452575539326666,27.489298724900063,27.0476361144687,27.06153106689453,43446000,0.0,0.0
2015-06-01 00:00:00-04:00,27.230751726276477,27.32206087092486,26.97518304517786,27.25457191467285,33210000,0.0,0.0
2015-06-02 00:00:00-04:00,27.166238273544838,27.729979569638008,27.12256761322847,27.48979377746582,31842000,0.0,0.0
2015-06-03 00:00:00-04:00,27.54686232165517,27.690279432149282,27.400469343979207,27.556291580200195,26710000,0.0,0.0
2015-06-04 00:00:00-04:00,27.401955935952664,27.58953967671528,27.250103423120887,27.377639770507812,26866000,0.0,0.0
2015-06-05 00:00:00-04:00,27.39302718714373,27.45902821399386,27.163758569250536,27.27045249938965,24396000,0.0,0.0
2015-06-08 00:00:00-04:00,27.2744196627779,27.28732265881706,26.943916688528226,26.970218658447266,27336000,0.0,0.0
2015-06-09 00:00:00-04:00,26.967241869344562,27.037710479211373,26.74045504699281,26.904714584350586,30016000,0.0,0.0
2015-06-10 00:00:00-04:00,27.080387922221867,27.5309838172219,27.051110083522598,27.422800064086914,30316000,0.0,0.0
2015-06-11 00:00:00-04:00,27.516590488906743,27.53346320024685,27.25258452052318,27.295759201049805,25872000,0.0,0.0
2015-06-12 00:00:00-04:00,27.152343578166626,27.236705246410978,27.076913297382482,27.168224334716797,25468000,0.0,0.0
2015-06-15 00:00:00-04:00,26.93300452703564,26.998509582101725,26.7583256422231,26.94640350341797,27150000,0.0,0.0
2015-06-16 00:00:00-04:00,27.01984532039401,27.129515109548503,26.87543625827291,27.03919792175293,32526000,0.0,0.0
2015-06-17 00:00:00-04:00,27.066492022669436,27.212389019281595,26.887345579469812,27.125049591064453,24440000,0.0,0.0
2015-06-18 00:00:00-04:00,27.1945248744358,27.65355617208708,27.1945248744358,27.6004581451416,41192000,0.0,0.0
2015-06-19 00:00:00-04:00,27.617331657574606,27.68631044333799,27.40592960634912,27.666955947875977,59290000,0.0,0.0
2015-06-22 00:00:00-04:00,27.76074613845897,28.06842087384126,27.735932102616808,27.77414321899414,34752000,0.0,0.0
2015-06-23 00:00:00-04:00,27.779605294519836,28.033190073921567,27.64859519983743,27.958255767822266,31396000,0.0,0.0
2015-06-24 00:00:00-04:00,27.913094222628228,27.921033653877664,27.63171956759935,27.719058990478516,28924000,0.0,0.0
2015-06-25 00:00:00-04:00,27.804914533189983,27.94584987016069,27.66397919621928,27.688295364379883,26684000,0.0,0.0
2015-06-26 00:00:00-04:00,27.77563614573837,27.790027076584188,27.385583614019517,27.445629119873047,43676000,0.0,0.0
2015-06-29 00:00:00-04:00,27.132493573025446,27.33843796864444,26.809434038337013,26.859556198120117,37756000,0.0,0.0
2015-06-30 00:00:00-04:00,27.050118003213587,27.090314929864608,26.774698823668665,26.79951286315918,34510000,0.0,0.0
2015-07-01 00:00:00-04:00,26.979155029034807,27.08584896140911,26.78561763845942,26.96129035949707,30760000,0.0,0.0
2015-07-02 00:00:00-04:00,27.032745601611524,27.194523348774002,26.974684013209828,27.161771774291992,28124000,0.0,0.0
2015-07-06 00:00:00-04:00,26.909180623274132,27.223308771939404,26.90173716920965,27.076417922973633,25614000,0.0,0.0
2015-07-07 00:00:00-04:00,27.16624090180923,27.34340155641525,26.79008331380378,27.295265197753906,33578000,0.0,0.0
2015-07-08 00:00:00-04:00,27.07542671214066,27.208420719320955,26.857075290667094,26.881887435913086,27662000,0.0,0.0
2015-07-09 00:00:00-04:00,27.226781191160725,27.238194360637053,27.026792324656007,27.02828025817871,29766000,0.0,0.0
2015-07-10 00:00:00-04:00,27.477883917775127,27.75479290618487,27.393026268831992,27.59698486328125,43436000,0.0,0.0
2015-07-13 00:00:00-04:00,27.765709414177394,28.42770734181029,27.725512491113747,28.372127532958984,41792000,0.0,0.0
2015-07-14 00:00:00-04:00,28.50959000185922,29.264386924519492,28.493213266804048,28.989959716796875,74832000,0.0,0.0
2015-07-15 00:00:00-04:00,28.968122954415083,29.213766387899273,28.79294623410369,28.979040145874023,41466000,0.0,0.0
2015-07-16 00:00:00-04:00,29.253963597506527,29.998339251931398,29.175555559098566,29.863359451293945,112642000,0.0,0.0
2015-07-17 00:00:00-04:00,33.74502759469704,34.88640504248315,33.645779027972225,34.71866989135742,257162000,0.0,0.0
2015-07-20 00:00:00-04:00,34.19066771581118,34.62835874176487,33.832870777740155,34.38221740722656,102436000,0.0,0.0
2015-07-21 00:00:00-04:00,33.98719837840989,35.01542855589257,33.950973066852185,34.50677490234375,75604000,0.0,0.0
2015-07-22 00:00:00-04:00,34.44077741943887,35.39903701396252,34.32167835952211,34.4943733215332,83100000,0.0,0.0
2015-07-23 00:00:00-04:00,34.3330849906707,34.54250500559855,33.3276811289362,33.48350524902344,76232000,0.0,0.0
2015-07-24 00:00:00-04:00,33.58474576320294,33.63536201134379,32.41409026848371,32.49299240112305,82622000,0.0,0.0
2015-07-27 00:00:00-04:00,32.33419248655619,33.10338227144955,32.333200530759136,32.666683197021484,58382000,0.0,0.0
2015-07-28 00:00:00-04:00,32.83987269847073,32.95599588518795,32.42550400588598,32.735660552978516,34364000,0.0,0.0
2015-07-29 00:00:00-04:00,32.86468283769812,32.917782759060806,32.39721422517398,32.82349395751953,36756000,0.0,0.0
2015-07-30 00:00:00-04:00,32.62549525095597,33.152015559305006,32.34014893529991,32.978824615478516,39606000,0.0,0.0
2015-07-31 00:00:00-04:00,32.985764638290604,33.00065154449115,32.61357683891664,32.62846374511719,34922000,0.0,0.0
2015-08-03 00:00:00-04:00,32.63640951456979,33.08353169567605,32.63640951456979,32.98676300048828,31348000,0.0,0.0
2015-08-04 00:00:00-04:00,32.967907843817805,33.14953799709492,32.77784606543182,32.81605529785156,26188000,0.0,0.0
2015-08-05 00:00:00-04:00,33.03787656998723,33.74056748198688,33.029441159304284,33.412052154541016,36448000,0.0,0.0
2015-08-06 00:00:00-04:00,33.44678710279884,33.484500352211846,32.7887569678244,33.2562255859375,40660000,0.0,0.0
2015-08-07 00:00:00-04:00,33.1386138699598,33.18923011555317,32.69645527607679,32.97038650512695,27544000,0.0,0.0
2015-08-10 00:00:00-04:00,33.10437298600329,33.3291759066055,32.76394664192577,32.908355712890625,34458000,0.0,0.0
2015-08-11 00:00:00-04:00,34.71668948520077,34.93603285306355,33.95941080486726,34.256168365478516,109880000,0.0,0.0
2015-08-12 00:00:00-04:00,34.46410052484904,34.539034836691094,33.77034479357807,34.31423568725586,58498000,0.0,0.0
2015-08-13 00:00:00-04:00,34.2015823326534,34.44127216369703,33.85321655369994,34.068092346191406,36354000,0.0,0.0
2015-08-14 00:00:00-04:00,33.94551428604047,34.353431445329264,33.888942524184785,34.21001434326172,27598000,0.0,0.0
2015-08-17 00:00:00-04:00,34.14401489011477,34.476501768388,33.896881631643765,34.44524002075195,24680000,0.0,0.0
2015-08-18 00:00:00-04:00,34.29438399425269,34.5271225681172,34.00903768867541,34.178260803222656,27710000,0.0,0.0
2015-08-19 00:00:00-04:00,34.246747117611406,34.747461463677666,34.08248755130125,34.4417724609375,50194000,0.0,0.0
2015-08-20 00:00:00-04:00,34.19661871948456,34.546968370689854,33.51079875191918,33.71922302246094,57798000,0.0,0.0
2015-08-21 00:00:00-04:00,33.300388856806386,33.39219776599741,31.913865714433953,31.960018157958984,91880000,0.0,0.0
2015-08-24 00:00:00-04:00,29.804804171606992,31.148650547042262,29.43211844491522,30.673738479614258,129788000,0.0,0.0
2015-08-25 00:00:00-04:00,32.08110855339276,32.10740674118439,30.354155098802377,30.393856048583984,71430000,0.0,0.0
2015-08-26 00:00:00-04:00,31.913866333792097,32.87560149596297,31.28214007968239,32.739627838134766,87740000,0.0,0.0
2015-08-27 00:00:00-04:00,33.34753373754855,33.44629012428268,32.310868061452695,33.147544860839844,58974000,0.0,0.0
2015-08-28 00:00:00-04:00,33.038373505981795,33.09990884431476,32.44237840634722,32.737152099609375,38836000,0.0,0.0
2015-08-31 00:00:00-04:00,32.471653522435325,32.97137964220778,32.07515138121788,32.14809799194336,38936000,0.0,0.0
2015-09-01 00:00:00-04:00,31.45285133814365,31.980365452152412,31.018632176319077,31.241945266723633,51458000,0.0,0.0
2015-09-02 00:00:00-04:00,31.660780679963988,32.01113226667077,31.295540291382007,32.00368881225586,37630000,0.0,0.0
2015-09-03 00:00:00-04:00,32.15355523758021,32.31831075143995,31.45285021886706,31.613636016845703,34572000,0.0,0.0
2015-09-04 00:00:00-04:00,31.248894742951894,31.48709475694644,31.090094733622195,31.21217155456543,40478000,0.0,0.0
2015-09-08 00:00:00-04:00,31.80965264908829,32.0101374949474,31.407691001680778,31.952573776245117,39092000,0.0,0.0
2015-09-09 00:00:00-04:00,32.34957296086699,32.621516454693676,31.80468644542644,31.929248809814453,40978000,0.0,0.0
2015-09-10 00:00:00-04:00,31.953566510442663,32.49944125399584,31.844390804513925,32.30987548828125,27850000,0.0,0.0
2015-09-11 00:00:00-04:00,32.266709472105696,32.51979453142765,32.12775613514948,32.5192985534668,34892000,0.0,0.0
2015-09-14 00:00:00-04:00,32.5356689201353,32.55005984952724,32.231464133294146,32.37885284423828,29942000,0.0,0.0
2015-09-15 00:00:00-04:00,32.58926663895632,33.19171701014727,32.42203121364822,33.00413513183594,35546000,0.0,0.0
2015-09-16 00:00:00-04:00,33.02795430342899,33.1530088922759,32.86171082956647,33.026466369628906,26252000,0.0,0.0
2015-09-17 00:00:00-04:00,33.12422127213587,33.84378290395401,33.000654638559894,33.3316535949707,47752000,0.0,0.0
2015-09-18 00:00:00-04:00,33.003628051239346,33.24083795771648,32.754014913414636,32.79818344116211,72544000,0.0,0.0
2015-09-21 00:00:00-04:00,33.025960874608984,33.19915177572127,32.653277105131295,33.098907470703125,39094000,0.0,0.0
2015-09-22 00:00:00-04:00,32.626977107571385,32.69397197422478,32.00963995089988,32.415077209472656,54362000,0.0,0.0
2015-09-23 00:00:00-04:00,32.400193539469,32.7664258702772,32.292505764245156,32.41954803466797,29160000,0.0,0.0
2015-09-24 00:00:00-04:00,32.20516530632828,32.59224003085301,31.867714866931546,32.499935150146484,38692000,0.0,0.0
2015-09-25 00:00:00-04:00,32.68206594124722,32.68206594124722,31.74315895993424,31.767475128173828,48480000,0.0,0.0
2015-09-28 00:00:00-04:00,31.71288599202819,31.901463595584158,30.66033953743914,30.978435516357422,47646000,0.0,0.0
2015-09-29 00:00:00-04:00,31.040466075203458,31.496023636672415,30.669768054673835,30.897050857543945,42130000,0.0,0.0
2015-09-30 00:00:00-04:00,31.354592632564238,31.725788527579894,31.221598627910975,31.679141998291016,52954000,0.0,0.0
2015-10-01 00:00:00-04:00,31.657800918681502,31.950590656161918,31.319358501820503,31.859277725219727,42506000,0.0,0.0
2015-10-02 00:00:00-04:00,31.661277985325597,32.60365683606337,31.437468900379354,32.6031608581543,48788000,0.0,0.0
2015-10-05 00:00:00-04:00,32.83193123815367,33.39914437575399,32.54757691649381,33.332149505615234,37960000,0.0,0.0
2015-10-06 00:00:00-04:00,33.216526373498375,33.685482949743836,32.90537785175253,33.330169677734375,42774000,0.0,0.0
2015-10-07 00:00:00-04:00,33.61600741717674,33.68250631610385,32.65873978981781,33.248783111572266,44354000,0.0,0.0
2015-10-08 00:00:00-04:00,33.221489657194674,33.34257641509988,32.479097816875594,33.09990692138672,39308000,0.0,0.0
2015-10-09 00:00:00-04:00,33.12422406036488,33.45174741332424,32.869647317985795,33.31031799316406,32124000,0.0,0.0
2015-10-12 00:00:00-04:00,33.20858622019141,33.644789314657274,33.11181752516438,33.56787109375,26684000,0.0,0.0
2015-10-13 00:00:00-04:00,33.46018139536131,34.16485606908634,33.403109872211274,33.902339935302734,42446000,0.0,0.0
2015-10-14 00:00:00-04:00,33.930140224137126,34.24327269319826,33.69045035458326,33.765384674072266,31292000,0.0,0.0
2015-10-15 00:00:00-04:00,34.00556082474449,34.44771937396022,33.962884015507356,34.39114761352539,47156000,0.0,0.0
2015-10-16 00:00:00-04:00,34.509262594682745,34.549955501942556,34.19662612120126,34.50529098510742,36316000,0.0,0.0
2015-10-19 00:00:00-04:00,34.43978437214165,34.74944494698388,34.35095511139818,34.73505401611328,30172000,0.0,0.0
2015-10-20 00:00:00-04:00,34.63282220117296,34.638281743443635,33.431397297855305,33.74502944946289,52434000,0.0,0.0
2015-10-21 00:00:00-04:00,33.9043254167443,33.9881911038774,33.2835163975171,33.338104248046875,31952000,0.0,0.0
2015-10-22 00:00:00-04:00,33.51874637838743,34.144519106928726,33.333148400834986,33.80160903930664,88632000,0.0,0.0
2015-10-23 00:00:00-04:00,37.221761723035236,37.342848475277144,35.627806186980585,35.69678497314453,126726000,0.0,0.0
2015-10-26 00:00:00-04:00,35.731029597756994,36.471933536493665,35.731029597756994,36.28186798095703,48776000,0.0,0.0
2015-10-27 00:00:00-04:00,36.056065866924456,36.52204649870805,35.935478891922564,36.3662223815918,38778000,0.0,0.0
2015-10-28 00:00:00-04:00,36.3751651604529,36.5920248841065,36.09081079149791,36.56969451904297,39604000,0.0,0.0
2015-10-29 00:00:00-04:00,36.55529770318083,37.05948758220971,36.482347312405736,36.96321487426758,36520000,0.0,0.0
2015-10-30 00:00:00-04:00,36.99845493340314,37.03567220925977,36.55034075885175,36.593017578125,39984000,0.0,0.0
2015-11-02 00:00:00-05:00,36.45108955859915,37.12847043337683,36.29824128432254,37.10663604736328,39914000,0.0,0.0
2015-11-03 00:00:00-05:00,36.991997582369684,37.30314607480245,36.780097667248654,37.16022872924805,36306000,0.0,0.0
2015-11-04 00:00:00-05:00,37.213824285230444,37.71007478990221,37.179086901347056,37.482295989990234,41840000,0.0,0.0
2015-11-05 00:00:00-05:00,37.65598230659319,38.030157876822436,37.58948719341855,37.748287200927734,45486000,0.0,0.0
2015-11-06 00:00:00-05:00,37.68476572199348,37.86490412672247,37.46839821629869,37.794437408447266,33544000,0.0,0.0
2015-11-09 00:00:00-05:00,37.64159167947553,37.87880162990481,37.174622805422494,37.45549774169922,35538000,0.0,0.0
2015-11-10 00:00:00-05:00,37.3914826470953,37.74481200531657,37.139885550539496,37.62868881225586,29798000,0.0,0.0
2015-11-11 00:00:00-05:00,37.83314171116004,38.165628607680326,37.70262759905492,37.97556686401367,41866000,0.0,0.0
2015-11-12 00:00:00-05:00,37.72396942285336,38.00286423345338,37.50958960041054,37.54283905029297,35452000,0.0,0.0
2015-11-13 00:00:00-05:00,37.41926515802914,37.48328036979907,36.69622795539566,36.72600555419922,48188000,0.0,0.0
2015-11-16 00:00:00-05:00,36.732958044576314,37.30364305864444,36.44116025300422,37.239627838134766,50704000,0.0,0.0
2015-11-17 00:00:00-05:00,37.341358496521714,37.46442915354146,36.92351419329553,37.019290924072266,38864000,0.0,0.0
2015-11-18 00:00:00-05:00,37.197449321077265,37.769626090524056,37.08926556043931,37.71553421020508,36266000,0.0,0.0
2015-11-19 00:00:00-05:00,37.70411580304644,37.87532281719481,37.57757329898008,37.712059020996094,28078000,0.0,0.0
2015-11-20 00:00:00-05:00,38.176551194648006,38.673793651469516,37.91850259999937,38.55866241455078,55478000,0.0,0.0
2015-11-23 00:00:00-05:00,38.581986664320496,38.85145030994505,38.38546962775917,38.54377365112305,34648000,0.0,0.0
2015-11-24 00:00:00-05:00,38.35817600056143,38.50854059295471,37.62124373334218,38.19292449951172,47880000,0.0,0.0
2015-11-25 00:00:00-05:00,38.295151346189805,38.36016230734735,38.039086682747474,38.174564361572266,23612000,0.0,0.0
2015-11-27 00:00:00-05:00,38.16960599294792,38.40979182524156,38.06241418217068,38.309051513671875,14434000,0.0,0.0
2015-11-30 00:00:00-05:00,38.30407868223161,38.46089475091518,37.770611005328455,37.85646438598633,33586000,0.0,0.0
2015-12-01 00:00:00-05:00,38.0594337909075,38.955662021482496,38.01030547883759,38.89561462402344,40398000,0.0,0.0
2015-12-02 00:00:00-05:00,38.968065780381366,39.35514051008055,38.530371023137306,38.6008415222168,46876000,0.0,0.0
2015-12-03 00:00:00-05:00,38.735325277091654,38.92985460677863,37.8366171899541,38.1219596862793,41950000,0.0,0.0
2015-12-04 00:00:00-05:00,38.19689848901477,38.827630951233495,37.98847418265468,38.6683349609375,49800000,0.0,0.0
2015-12-07 00:00:00-05:00,38.71050670922862,38.75715512477061,38.04850886347601,38.35966110229492,36626000,0.0,0.0
2015-12-08 00:00:00-05:00,37.93834621042171,38.640541066723465,37.84008958843105,38.46635818481445,31082000,0.0,0.0
2015-12-09 00:00:00-05:00,38.26587526855723,38.51350453360641,37.31853100110351,37.84157943725586,46550000,0.0,0.0
2015-12-10 00:00:00-05:00,37.893192535661264,38.01626320495797,37.46691278033037,37.71702194213867,32458000,0.0,0.0
2015-12-11 00:00:00-05:00,37.1691611191777,37.58799739602195,37.151790535329916,37.239627838134766,43184000,0.0,0.0
2015-12-14 00:00:00-05:00,37.28131003707964,37.92097757695225,36.53693438198663,37.84107971191406,53864000,0.0,0.0
2015-12-15 00:00:00-05:00,38.101616526371046,38.447006447791104,37.61578913805301,37.719505310058594,49386000,0.0,0.0
2015-12-16 00:00:00-05:00,38.04106861178332,38.78197242267964,37.568640255223016,38.53831100463867,53120000,0.0,0.0
2015-12-17 00:00:00-05:00,38.765099937068044,38.78643834356853,38.176548370547955,38.202850341796875,36510000,0.0,0.0
2015-12-18 00:00:00-05:00,38.073820943564364,38.41673092437325,37.545809010014025,37.558712005615234,67794000,0.0,0.0
2015-12-21 00:00:00-05:00,37.86639345604841,38.03015702496206,37.424730826741204,37.754737854003906,34848000,0.0,0.0
2015-12-22 00:00:00-05:00,37.92693371449257,38.22815506908267,37.77458522169027,38.0688591003418,36338000,0.0,0.0
2015-12-23 00:00:00-05:00,38.24552811525875,38.30557551334191,37.59841706950993,38.13734436035156,30594000,0.0,0.0
2015-12-24 00:00:00-05:00,38.137846322882744,38.17159175435185,37.93289763037904,38.004852294921875,10412000,0.0,0.0
2015-12-28 00:00:00-05:00,38.211281241660956,38.84747311084293,38.098633701973924,38.81869125366211,31156000,0.0,0.0
2015-12-29 00:00:00-05:00,39.0544170123401,39.63503297706872,39.01521582751535,39.400306701660156,38430000,0.0,0.0
2015-12-30 00:00:00-05:00,39.40029999755864,39.524362601940304,39.06483347347303,39.21866989135742,28566000,0.0,0.0
2015-12-31 00:00:00-05:00,39.095599173146184,39.12090918623266,38.574538507323176,38.60877990722656,32752000,0.0,0.0
2016-01-04 00:00:00-05:00,37.824210024536455,37.824210024536455,37.09670516636444,37.6872444152832,67382000,0.0,0.0
2016-01-05 00:00:00-05:00,37.91850046873212,38.17158548404012,37.4991682131678,37.79096221923828,45216000,0.0,0.0
2016-01-06 00:00:00-05:00,37.23714710898058,37.99938557560447,37.11953599204981,37.681785583496094,48206000,0.0,0.0
2016-01-07 00:00:00-05:00,37.044595189314045,37.4822861108837,36.48829742980474,36.772151947021484,63132000,0.0,0.0
2016-01-08 00:00:00-05:00,37.10960710009006,37.22473832224059,36.172686032042485,36.27144241333008,47506000,0.0,0.0
2016-01-11 00:00:00-05:00,36.32305178332868,36.478379931981,35.708198259104066,36.378631591796875,50896000,0.0,0.0
2016-01-12 00:00:00-05:00,36.759754768498375,37.13641023577878,36.54537494336249,36.98753356933594,46816000,0.0,0.0
2016-01-13 00:00:00-05:00,37.186034736953346,37.367664876802756,35.57024471374164,35.70869827270508,51728000,0.0,0.0
2016-01-14 00:00:00-05:00,35.95037503101491,36.71708122350333,34.985663838898034,36.29526901245117,55558000,0.0,0.0
2016-01-15 00:00:00-05:00,35.23328456634881,35.93647133507565,34.8124644135605,35.25809860229492,76676000,0.0,0.0
2016-01-19 00:00:00-05:00,35.73747568151615,35.99552803448234,35.22633832625563,35.68437576293945,48724000,0.0,0.0
2016-01-20 00:00:00-05:00,35.03031688051093,36.07492572671287,34.13111283642849,35.658573150634766,82440000,0.0,0.0
2016-01-21 00:00:00-05:00,35.738467791993244,36.606906079066235,35.288865762887305,36.061031341552734,51938000,0.0,0.0
2016-01-22 00:00:00-05:00,36.82178150989947,37.1473247095841,36.74734697201103,36.99348449707031,47146000,0.0,0.0
2016-01-25 00:00:00-05:00,36.9130952923349,37.340862943566755,36.3503459419092,36.40592575073242,45340000,0.0,0.0
2016-01-26 00:00:00-05:00,36.48484201330528,36.69574624551207,36.075928976858606,36.414371490478516,30940000,0.0,0.0
2016-01-27 00:00:00-05:00,36.51857486468166,36.51857486468166,35.40499094304119,35.60994338989258,42428000,0.0,0.0
2016-01-28 00:00:00-05:00,36.632716069974045,37.27635151969848,36.2560606047953,37.13442611694336,62104000,0.0,0.0
2016-01-29 00:00:00-05:00,37.167174692399655,37.9686180905342,36.93095672738148,37.78202819824219,75808000,0.0,0.0
2016-02-01 00:00:00-05:00,38.273814549313805,38.587942710930236,37.78351958612073,38.2495002746582,111522000,0.0,0.0
2016-02-02 00:00:00-05:00,39.72485147600155,40.213658489846225,38.737310318741926,38.7526969909668,135846000,0.0,0.0
2016-02-03 00:00:00-05:00,39.01918042516304,39.274749109661,36.5369361647275,37.188018798828125,131114000,0.0,0.0
2016-02-04 00:00:00-05:00,36.95031306975174,36.982570561419266,35.859059542656034,36.2277717590332,104922000,0.0,0.0
2016-02-05 00:00:00-05:00,36.00297606877494,36.06351566279018,34.7444832288079,34.92412567138672,109556000,0.0,0.0
2016-02-08 00:00:00-05:00,34.12615145810582,34.96184010303973,33.84477677313804,34.943973541259766,89410000,0.0,0.0
2016-02-09 00:00:00-05:00,34.387673262133276,35.777671983621644,34.16684196822003,34.78814697265625,84300000,0.0,0.0
2016-02-10 00:00:00-05:00,35.322610596345456,35.8898237302454,35.00501061670168,35.07746124267578,60314000,0.0,0.0
2016-02-11 00:00:00-05:00,34.55590773437024,35.34891580034356,34.300339036527134,35.05315017700195,65004000,0.0,0.0
2016-02-12 00:00:00-05:00,35.34346046883848,35.53153833537288,34.815944381709144,35.0794563293457,46538000,0.0,0.0
2016-02-16 00:00:00-05:00,35.663042941697135,35.87295897353915,35.242718686177405,35.61292266845703,43444000,0.0,0.0
2016-02-17 00:00:00-05:00,36.07740598396101,36.4128725279846,35.5618048286677,36.32404327392578,49154000,0.0,0.0
2016-02-18 00:00:00-05:00,36.42280236697807,36.5240348608717,35.50920352987323,35.606468200683594,47276000,0.0,0.0
2016-02-19 00:00:00-05:00,35.526574636160916,35.930028085276035,35.388617045473275,35.834747314453125,34918000,0.0,0.0
2016-02-22 00:00:00-05:00,36.201968339968566,36.46696819616972,35.90124293059618,36.179141998291016,37516000,0.0,0.0
2016-02-23 00:00:00-05:00,36.03274551987704,36.27094361594726,35.51515666338139,35.59554672241211,41332000,0.0,0.0
2016-02-24 00:00:00-05:00,35.264051163916164,35.79057518465841,34.837775244974566,35.77469253540039,37092000,0.0,0.0
2016-02-25 00:00:00-05:00,35.875432714687015,36.20196408081207,35.394069181854505,36.182613372802734,36146000,0.0,0.0
2016-02-26 00:00:00-05:00,36.40493751031585,36.53197600456511,35.82630923720041,35.971214294433594,42474000,0.0,0.0
2016-02-29 00:00:00-05:00,35.77965720290548,36.25605718743341,35.573216831001,35.59207534790039,45068000,0.0,0.0
2016-03-01 00:00:00-05:00,35.79454925862444,36.83816633116372,35.66254719352592,36.83022689819336,60112000,0.0,0.0
2016-03-02 00:00:00-05:00,36.864955066457405,36.87735829769621,36.387559390827725,36.69672393798828,36292000,0.0,0.0
2016-03-03 00:00:00-05:00,36.696729581586425,36.77215986668217,36.207922555156095,36.3051872253418,40534000,0.0,0.0
2016-03-04 00:00:00-05:00,36.464484486108105,36.474407829161414,36.00892315345282,36.23720169067383,48516000,0.0,0.0
2016-03-07 00:00:00-05:00,35.985607604293115,36.087835851593816,34.99261054637706,35.372737884521484,61690000,0.0,0.0
2016-03-08 00:00:00-05:00,35.153889509370174,35.84169352675015,34.93603783013441,35.40896224975586,52530000,0.0,0.0
2016-03-09 00:00:00-05:00,35.49034314010095,36.03969351753278,35.36578454779973,35.998504638671875,39544000,0.0,0.0
2016-03-10 00:00:00-05:00,36.11660967136832,36.5508287971323,35.89329849255441,36.33396911621094,44616000,0.0,0.0
2016-03-11 00:00:00-05:00,36.72005308164717,36.96569462909776,36.55876941518836,36.96420669555664,35380000,0.0,0.0
2016-03-14 00:00:00-04:00,36.96916962480573,37.43018670484356,36.904158667056194,37.23069381713867,32824000,0.0,0.0
2016-03-15 00:00:00-04:00,37.02127923653466,37.36816088720215,36.86347118063561,37.247074127197266,29832000,0.0,0.0
2016-03-16 00:00:00-04:00,37.17163400655907,37.66540449630229,37.045091522997204,37.58401870727539,29306000,0.0,0.0
2016-03-17 00:00:00-04:00,37.598413784293754,37.9800289743035,37.584022854900866,37.63960266113281,44564000,0.0,0.0
2016-03-18 00:00:00-04:00,37.7959236914242,37.82122991989948,37.30910061096213,37.48725509643555,56222000,0.0,0.0
2016-03-21 00:00:00-04:00,37.412818569052284,37.880783155524995,37.28180847539839,37.822227478027344,28774000,0.0,0.0
2016-03-22 00:00:00-04:00,37.637619957109884,37.96315937349524,37.609830053102485,37.71751403808594,22096000,0.0,0.0
2016-03-23 00:00:00-04:00,37.88127856302047,37.982514838530285,37.518022104148095,37.59394836425781,24678000,0.0,0.0
2016-03-24 00:00:00-04:00,37.27833853827925,37.59395085443817,37.24360115508138,37.4589729309082,31116000,0.0,0.0
2016-03-28 00:00:00-04:00,37.524970793595514,37.630674659384916,37.32002213272256,37.38155746459961,21676000,0.0,0.0
2016-03-29 00:00:00-04:00,37.40140583923446,38.07134704370067,37.1339298786589,38.007328033447266,40062000,0.0,0.0
2016-03-30 00:00:00-04:00,38.12245856600091,38.574048330382446,38.0911968143954,38.128910064697266,40396000,0.0,0.0
2016-03-31 00:00:00-04:00,38.12891120788648,38.16563250350385,37.628193114475955,37.858951568603516,32554000,0.0,0.0
2016-04-01 00:00:00-04:00,37.57410288152156,38.213270710505526,37.476834425802885,38.19491195678711,31674000,0.0,0.0
2016-04-04 00:00:00-04:00,38.18696786380617,38.33237267312875,37.80386471471298,37.9691162109375,26924000,0.0,0.0
2016-04-05 00:00:00-04:00,37.62223528895822,37.85745750617435,37.49668096293258,37.64406967163086,24478000,0.0,0.0
2016-04-06 00:00:00-04:00,37.607839741714265,38.132875800348394,37.53141751100556,38.11550521850586,25312000,0.0,0.0
2016-04-07 00:00:00-04:00,37.97903779204242,38.17952263804612,37.59097109618595,37.72098922729492,25498000,0.0,0.0
2016-04-08 00:00:00-04:00,38.006335978479505,38.068863268773214,37.505125700328605,37.68873596191406,23434000,0.0,0.0
2016-04-11 00:00:00-04:00,37.98549084155288,38.07332814288153,37.58303319957296,37.59295654296875,31774000,0.0,0.0
2016-04-12 00:00:00-04:00,37.63712666570268,37.959190474029974,37.29669653122249,37.92941665649414,27388000,0.0,0.0
2016-04-13 00:00:00-04:00,38.22666272637881,38.49662230115269,37.942808201330465,38.30606460571289,35426000,0.0,0.0
2016-04-14 00:00:00-04:00,38.477279461348076,38.68818364752694,38.37107961533215,38.47876739501953,26992000,0.0,0.0
2016-04-15 00:00:00-04:00,38.484223603763475,38.75368723249099,38.45593393600295,38.70753479003906,31712000,0.0,0.0
2016-04-18 00:00:00-04:00,38.716965490459344,39.131833958236626,38.58893504514366,39.08865737915039,33540000,0.0,0.0
2016-04-19 00:00:00-04:00,39.22860084163421,39.250931203936716,38.22468484675957,38.52144241333008,43952000,0.0,0.0
2016-04-20 00:00:00-04:00,38.66585634698381,38.69067038783667,38.274313953203055,38.4554443359375,34262000,0.0,0.0
2016-04-21 00:00:00-04:00,38.57404481333931,38.79090450150677,38.2882025573725,38.70753479003906,77628000,0.0,0.0
2016-04-22 00:00:00-04:00,36.91656680205609,37.413313231947384,36.2446455376091,36.61186981201172,140798000,0.0,0.0
2016-04-25 00:00:00-04:00,36.4917766059682,36.9647009259917,36.479369588197805,36.83220291137695,49442000,0.0,0.0
2016-04-26 00:00:00-04:00,36.94187751942796,36.99993721811807,35.74591208995123,35.99652099609375,55864000,0.0,0.0
2016-04-27 00:00:00-04:00,35.994039927794645,36.08485310247026,35.18812884738829,35.802490234375,66262000,0.0,0.0
2016-04-28 00:00:00-04:00,35.893303492597134,36.18956510082308,34.8963349082586,34.9886360168457,62590000,0.0,0.0
2016-04-29 00:00:00-04:00,34.9419882876707,35.33849040191123,34.92511368228933,35.128578186035156,58278000,0.0,0.0
2016-05-02 00:00:00-04:00,35.32906625697301,35.50225719682701,35.05315110016992,35.452632904052734,33476000,0.0,0.0
2016-05-03 00:00:00-04:00,35.357845062793025,35.40101785302601,35.101284424597104,35.156368255615234,38620000,0.0,0.0
2016-05-04 00:00:00-04:00,35.073494500818576,35.484387546774165,34.93851280156946,35.3017692565918,34172000,0.0,0.0
2016-05-05 00:00:00-04:00,35.48190496706447,35.60844746094753,35.20648583300938,35.46751403808594,29668000,0.0,0.0
2016-05-06 00:00:00-04:00,35.34295592366291,36.0272841703002,35.330548905802516,35.98708724975586,39952000,0.0,0.0
2016-05-09 00:00:00-04:00,36.06251471651334,36.43917009296971,35.90371474410864,36.18310546875,38074000,0.0,0.0
2016-05-10 00:00:00-04:00,36.472425274308534,36.722534418331186,36.30618182282669,36.691768646240234,32634000,0.0,0.0
2016-05-11 00:00:00-04:00,36.74834072172119,36.76223567428409,36.12207211455834,36.253578186035156,29834000,0.0,0.0
2016-05-12 00:00:00-04:00,36.325529906164135,36.492769087381554,35.94193080803441,36.1305046081543,27094000,0.0,0.0
2016-05-13 00:00:00-04:00,36.058555827827455,36.290302453464385,35.904219617282386,35.9697265625,25244000,0.0,0.0
2016-05-16 00:00:00-04:00,35.944411425153625,36.35927606547364,35.73003162913223,36.24116897583008,22538000,0.0,0.0
2016-05-17 00:00:00-04:00,36.278890892855266,36.51659303766892,35.63078785303237,35.739463806152344,33404000,0.0,0.0
2016-05-18 00:00:00-04:00,35.655599194264354,36.00644867624959,35.482904224892046,35.8183708190918,32536000,0.0,0.0
2016-05-19 00:00:00-04:00,35.645668412171524,35.75484410984032,35.24916254139331,35.49728775024414,30598000,0.0,0.0
2016-05-20 00:00:00-04:00,35.554367131884064,36.11214921116047,35.48240868520377,35.81489562988281,34798000,0.0,0.0
2016-05-23 00:00:00-04:00,35.72904841471594,35.9037273096681,35.578187820219895,35.593570709228516,24816000,0.0,0.0
2016-05-24 00:00:00-04:00,35.72258945308347,36.434707647390326,35.712662323731934,36.37664794921875,37884000,0.0,0.0
2016-05-25 00:00:00-04:00,36.47440607316776,36.717071742392676,36.35530703180964,36.62824249267578,32216000,0.0,0.0
2016-05-26 00:00:00-04:00,36.52403416988524,36.77712297201267,36.375161299173726,36.570186614990234,27202000,0.0,0.0
2016-05-27 00:00:00-04:00,36.598967619142456,37.11506855492321,36.5741535815596,37.09968566894531,34802000,0.0,0.0
2016-05-31 00:00:00-04:00,37.15724887437336,37.391479150204965,36.99894485773948,37.16171646118164,42484000,0.0,0.0
2016-06-01 00:00:00-04:00,37.1428528503481,37.286765917195545,36.93790044058112,37.142356872558594,20788000,0.0,0.0
2016-06-02 00:00:00-04:00,37.02524614883594,37.0847975654609,36.57365642480011,36.93443298339844,33916000,0.0,0.0
2016-06-03 00:00:00-04:00,36.79647679788827,36.79647679788827,36.420317339719354,36.517086029052734,24608000,0.0,0.0
2016-06-06 00:00:00-04:00,36.648095758086136,36.648095758086136,36.14142597629198,36.2292594909668,29992000,0.0,0.0
2016-06-07 00:00:00-04:00,36.38855636242383,36.55926359960229,36.2659816905898,36.280372619628906,24314000,0.0,0.0
2016-06-08 00:00:00-04:00,36.69772012136151,36.911603949159,36.512621940075825,36.86793518066406,32314000,0.0,0.0
2016-06-09 00:00:00-04:00,36.57713957433226,36.9175659667587,36.54885368679605,36.84759521484375,19180000,0.0,0.0
2016-06-10 00:00:00-04:00,36.52155959916569,36.70467390044333,36.25159993775765,36.38459396362305,29050000,0.0,0.0
2016-06-13 00:00:00-04:00,36.21735565223323,36.67291325456778,36.21735565223323,36.319583892822266,23354000,0.0,0.0
2016-06-14 00:00:00-04:00,36.1920443132939,36.52403525456602,36.05259880417631,36.38756561279297,26584000,0.0,0.0
2016-06-15 00:00:00-04:00,36.47043864948237,36.58110229443643,36.29129219601864,36.334964752197266,23234000,0.0,0.0
2016-06-16 00:00:00-04:00,36.12505091499272,36.24564169701338,35.50870938738211,35.94094467163086,45002000,0.0,0.0
2016-06-17 00:00:00-04:00,35.799012305008986,35.799012305008986,34.79311239929035,34.94844055175781,82262000,0.0,0.0
2016-06-20 00:00:00-04:00,35.24916511436183,35.525080245589145,35.006003452044006,35.04173278808594,45654000,0.0,0.0
2016-06-21 00:00:00-04:00,35.23625946149615,35.500763296017745,34.968783546156665,35.178199768066406,30318000,0.0,0.0
2016-06-22 00:00:00-04:00,35.43476530285658,35.44270473513689,35.02932798994833,35.25710678100586,29058000,0.0,0.0
2016-06-23 00:00:00-04:00,35.261076433756514,35.4759522156523,34.749939067948674,35.47545623779297,42500000,0.0,0.0
2016-06-24 00:00:00-04:00,34.24971958937438,34.985659922060364,33.98869134420151,34.003082275390625,95436000,0.0,0.0
2016-06-27 00:00:00-04:00,33.86860392339286,33.9102887876929,33.3807887866195,33.80160903930664,58146000,0.0,0.0
2016-06-28 00:00:00-04:00,34.30927347767428,34.37726031533169,33.98571791943157,34.30381393432617,38246000,0.0,0.0
2016-06-29 00:00:00-04:00,34.45268785675434,34.71272035796615,34.37427791659481,34.498836517333984,43124000,0.0,0.0
2016-06-30 00:00:00-04:00,34.6209180565255,34.92462313975083,34.484448403029226,34.91271209716797,42250000,0.0,0.0
2016-07-01 00:00:00-04:00,34.9906242245258,35.35933647243899,34.92263739032194,35.246192932128906,30984000,0.0,0.0
2016-07-05 00:00:00-04:00,34.986157242272434,35.140489668099455,34.69436321193883,34.980201721191406,28440000,0.0,0.0
2016-07-06 00:00:00-04:00,34.729592921749656,35.3826594689489,34.68790806465761,35.18267059326172,28902000,0.0,0.0
2016-07-07 00:00:00-04:00,35.23924203564414,35.24221790279893,34.770781482468266,35.097808837890625,21174000,0.0,0.0
2016-07-08 00:00:00-04:00,35.26156874885757,35.62581712256706,35.139986036321766,35.6198616027832,29946000,0.0,0.0
2016-07-11 00:00:00-04:00,35.70125088593832,36.17318328142322,35.67395695948042,36.08733367919922,28822000,0.0,0.0
2016-07-12 00:00:00-04:00,36.321567496176115,36.50418580345068,36.10222410741208,36.35084533691406,26468000,0.0,0.0
2016-07-13 00:00:00-04:00,36.500214816525784,36.500214816525784,36.17765126018955,36.200477600097656,20436000,0.0,0.0
2016-07-14 00:00:00-04:00,36.421805675635575,36.530981385031104,36.25556222217988,36.51411056518555,21408000,0.0,0.0
2016-07-15 00:00:00-04:00,36.77215642408673,36.77215642408673,36.45654036036793,36.505672454833984,32342000,0.0,0.0
2016-07-18 00:00:00-04:00,36.618815969382744,37.473855255432206,36.549341211486535,37.37758255004883,38698000,0.0,0.0
2016-07-19 00:00:00-04:00,37.21233731071244,37.54581620458886,37.14385449699268,37.38801193237305,30436000,0.0,0.0
2016-07-20 00:00:00-04:00,37.419768610029756,37.74679978175306,37.419768610029756,37.570133209228516,22502000,0.0,0.0
2016-07-21 00:00:00-04:00,37.566159935728116,37.62323146708686,37.29421639831904,37.4376335144043,19062000,0.0,0.0
2016-07-22 00:00:00-04:00,37.582041363105596,37.68774144010022,37.35078695008061,37.67930603027344,20920000,0.0,0.0
2016-07-25 00:00:00-04:00,37.59990415364283,37.706103994637665,37.42075770528802,37.59196472167969,21466000,0.0,0.0
2016-07-26 00:00:00-04:00,37.591960062496156,37.67830941983562,37.35524992217869,37.598411560058594,23792000,0.0,0.0
2016-07-27 00:00:00-04:00,37.663928472071994,37.935872039098875,37.51306788522091,37.812801361083984,32172000,0.0,0.0
2016-07-28 00:00:00-04:00,38.153728975750795,38.16018047527097,37.66988165610245,38.004852294921875,73464000,0.0,0.0
2016-07-29 00:00:00-04:00,39.58639862865845,39.895559434781816,39.203787663469804,39.270286560058594,101810000,0.0,0.0
2016-08-01 00:00:00-04:00,39.03853840259753,40.07173231791235,38.95764857072008,39.74668884277344,60594000,0.0,0.0
2016-08-02 00:00:00-04:00,39.56753630113983,39.81516553779431,39.42858678680272,39.705989837646484,39928000,0.0,0.0
2016-08-03 00:00:00-04:00,39.52485966609494,39.677208154709525,39.353652661568205,39.64643859863281,29206000,0.0,0.0
2016-08-04 00:00:00-04:00,39.612696427333155,39.70996109578395,39.39831661722456,39.563568115234375,21520000,0.0,0.0
2016-08-05 00:00:00-04:00,39.70549905471827,40.05833242894976,39.59135977524195,40.043941497802734,36146000,0.0,0.0
2016-08-08 00:00:00-04:00,39.99778487748607,40.07718676554833,39.78390105808814,39.95957565307617,24426000,0.0,0.0
2016-08-09 00:00:00-04:00,39.92285497117527,40.36154174300593,39.90151656327975,40.07123565673828,32154000,0.0,0.0
2016-08-10 00:00:00-04:00,40.04989447611076,40.23995622241922,40.022104571371635,40.12135314941406,18370000,0.0,0.0
2016-08-11 00:00:00-04:00,40.21961166919068,40.388834781018886,39.99778839867648,40.106964111328125,25646000,0.0,0.0
2016-08-12 00:00:00-04:00,39.95263918022899,40.056851347443185,39.88068072609373,40.049903869628906,17946000,0.0,0.0
2016-08-15 00:00:00-04:00,40.057831322105294,40.26377570503471,39.90002329149805,39.99580001831055,18596000,0.0,0.0
2016-08-16 00:00:00-04:00,39.87372570749242,39.91144274340356,39.55116213506504,39.75909423828125,21158000,0.0,0.0
2016-08-17 00:00:00-04:00,39.70003791868389,39.97942869228269,39.51642388031734,39.9690055847168,21322000,0.0,0.0
2016-08-18 00:00:00-04:00,39.966035699891556,40.0970458143451,39.780933700191135,39.83651351928711,17292000,0.0,0.0
2016-08-19 00:00:00-04:00,39.68961807017925,39.76108053711022,39.54521277475068,39.68267059326172,22416000,0.0,0.0
2016-08-22 00:00:00-04:00,39.62609736558362,39.665302336066844,39.41866502151459,39.548683166503906,17056000,0.0,0.0
2016-08-23 00:00:00-04:00,39.72385269680849,39.74965868840932,39.50103749556139,39.53081130981445,18350000,0.0,0.0
2016-08-24 00:00:00-04:00,39.54421453019754,39.62361642485331,39.2415014324812,39.38243865966797,25672000,0.0,0.0
2016-08-25 00:00:00-04:00,39.303032666853056,39.43801435925692,39.06632251340355,39.26829528808594,24054000,0.0,0.0
2016-08-26 00:00:00-04:00,39.32736110395464,39.670271181625864,39.174516597041965,39.36358642578125,24978000,0.0,0.0
2016-08-29 00:00:00-04:00,39.35514551804993,39.62659308399478,39.21966783097945,39.49260711669922,15474000,0.0,0.0
2016-08-30 00:00:00-04:00,39.346705010586184,39.60078574511991,39.177481918143755,39.29906463623047,23348000,0.0,0.0
2016-08-31 00:00:00-04:00,39.183935449675836,39.281696092613316,39.06483640065046,39.19634246826172,21428000,0.0,0.0
2016-09-01 00:00:00-04:00,39.302043884929844,39.3472043740191,39.02166494298614,39.27326202392578,26070000,0.0,0.0
2016-09-02 00:00:00-04:00,39.46531014791795,39.55612331483358,39.365561807404355,39.544708251953125,26998000,0.0,0.0
2016-09-06 00:00:00-04:00,39.62013838991696,40.240451456442116,39.47324943702404,40.09803009033203,39790000,0.0,0.0
2016-09-07 00:00:00-04:00,40.09356651957852,40.22606455577588,39.88464623910628,40.0965461730957,22906000,0.0,0.0
2016-09-08 00:00:00-04:00,39.95907996294997,40.117879954127496,39.75015592048381,39.84096908569336,23554000,0.0,0.0
2016-09-09 00:00:00-04:00,39.63899833518388,39.786883035206195,39.10701852680097,39.12835693359375,37752000,0.0,0.0
2016-09-12 00:00:00-04:00,38.93184870496646,39.70847821783294,38.88122866671199,39.64148712158203,37274000,0.0,0.0
2016-09-13 00:00:00-04:00,39.402782574057184,39.49111585104216,38.92241098615698,39.14026641845703,36180000,0.0,0.0
2016-09-14 00:00:00-04:00,39.081207271374424,39.51791005024864,39.081207271374424,39.22660827636719,25842000,0.0,0.0
2016-09-15 00:00:00-04:00,39.204276500174245,39.881161239661644,39.13728163791055,39.761070251464844,31144000,0.0,0.0
2016-09-16 00:00:00-04:00,39.65140453409231,39.65140453409231,39.38342883090761,39.59929656982422,42612000,0.0,0.0
2016-09-19 00:00:00-04:00,39.755118436304606,39.898039560421246,39.38045072268415,39.47126388549805,22990000,0.0,0.0
2016-09-20 00:00:00-04:00,39.70003651669637,39.836506149440616,39.61368715023783,39.689117431640625,20984000,0.0,0.0
2016-09-21 00:00:00-04:00,39.76256773011647,39.99332618393556,39.50302741333109,39.94965362548828,26970000,0.0,0.0
2016-09-22 00:00:00-04:00,40.196292223712035,40.64589431761896,40.08265270195124,40.49156188964844,35186000,0.0,0.0
2016-09-23 00:00:00-04:00,40.45135997646666,40.543661077902705,40.33176494828004,40.44242858886719,28234000,0.0,0.0
2016-09-26 00:00:00-04:00,40.187355973030996,40.200258969642896,39.72236726150214,39.83154296875,29454000,0.0,0.0
2016-09-27 00:00:00-04:00,39.790850811853275,40.36947904221922,39.790850811853275,40.232513427734375,27346000,0.0,0.0
2016-09-28 00:00:00-04:00,39.90251073951569,40.20869949383691,39.8379995343411,40.19926834106445,29406000,0.0,0.0
2016-09-29 00:00:00-04:00,40.05882200195578,40.390316915412654,39.74270997297714,39.8310432434082,27000000,0.0,0.0
2016-09-30 00:00:00-04:00,39.87868580693293,40.101501013469054,39.77447366848317,39.901512145996094,33204000,0.0,0.0
2016-10-03 00:00:00-04:00,39.82657511978412,39.87570342554269,39.512946770206256,39.71889114379883,29784000,0.0,0.0
2016-10-04 00:00:00-04:00,39.9481612150694,40.02259953976899,39.683661148855165,39.8384895324707,25174000,0.0,0.0
2016-10-05 00:00:00-04:00,39.99778038334328,40.12184297993311,39.735264262135125,39.761070251464844,24276000,0.0,0.0
2016-10-06 00:00:00-04:00,39.90250667541786,40.04493183353091,39.725347921671634,39.852882385253906,21998000,0.0,0.0
2016-10-07 00:00:00-04:00,39.994315777435084,39.99481175531273,39.54223004891363,39.73527145385742,23262000,0.0,0.0
2016-10-10 00:00:00-04:00,39.89506342743224,40.562520923946174,39.8111977329862,40.40322494506836,29922000,0.0,0.0
2016-10-11 00:00:00-04:00,40.403224407767155,40.685591046230755,40.065773936868496,40.174949645996094,34432000,0.0,0.0
2016-10-12 00:00:00-04:00,40.293549832009745,40.419596351904865,40.12433052386627,40.284122467041016,18158000,0.0,0.0
2016-10-13 00:00:00-04:00,40.00126799740279,40.025582274562886,39.631559985816736,39.90251159667969,27380000,0.0,0.0
2016-10-14 00:00:00-04:00,40.06974358859108,40.20075367592646,39.81516686771628,39.92831039428711,22238000,0.0,0.0
2016-10-17 00:00:00-04:00,39.997289838368275,40.369477678691865,39.89010183027704,40.03947067260742,21128000,0.0,0.0
2016-10-18 00:00:00-04:00,40.40520695133663,41.12973215836576,40.361538183600246,40.7664794921875,45786000,0.0,0.0
2016-10-19 00:00:00-04:00,40.83546153588317,41.178867543125165,40.83546153588317,41.03197479248047,30002000,0.0,0.0
2016-10-20 00:00:00-04:00,41.06769993282552,41.11286041920532,40.719830160100656,40.7734260559082,27878000,0.0,0.0
2016-10-21 00:00:00-04:00,40.69253944892191,40.905431329349284,40.608673753681884,40.89401626586914,32316000,0.0,0.0
2016-10-24 00:00:00-04:00,41.19326146773341,41.58281616397826,41.14115349634215,41.47364044189453,28952000,0.0,0.0
2016-10-25 00:00:00-04:00,41.610599508196984,41.610599508196984,40.95554906512244,41.1168327331543,37814000,0.0,0.0
2016-10-26 00:00:00-04:00,41.04586629615009,41.07514791989382,40.5114066201531,40.796749114990234,35898000,0.0,0.0
2016-10-27 00:00:00-04:00,40.84191387983384,41.019072643956065,40.4250614886426,40.56103515625,59470000,0.0,0.0
2016-10-28 00:00:00-04:00,41.18581287194011,41.63541491643057,40.54366161795539,40.67070388793945,87098000,0.0,0.0
2016-10-31 00:00:00-04:00,40.81311944035587,40.82304656848631,40.097033511264065,40.19131851196289,44854000,0.0,0.0
2016-11-01 00:00:00-04:00,40.239460778291196,40.392805020344774,39.613688149406194,39.971981048583984,47118000,0.0,0.0
2016-11-02 00:00:00-04:00,40.03550856481578,40.03550856481578,38.95566618143892,39.12538528442383,47014000,0.0,0.0
2016-11-03 00:00:00-04:00,38.93085080427274,39.2037900978715,38.639552755858325,38.816219329833984,43504000,0.0,0.0
2016-11-04 00:00:00-04:00,38.275795999079094,39.12835542657127,38.26090909129383,38.762123107910156,39412000,0.0,0.0
2016-11-07 00:00:00-05:00,39.449424453727,39.948154711669154,39.34769221940218,39.8007698059082,39852000,0.0,0.0
2016-11-08 00:00:00-05:00,39.80077743122523,40.49602103004838,39.68117861597495,40.2945442199707,35382000,0.0,0.0
2016-11-09 00:00:00-05:00,39.79085377684538,40.28114876335102,39.30502637761128,39.97744369506836,61970000,0.0,0.0
2016-11-10 00:00:00-05:00,40.19628812436219,40.19926399159507,38.12344893912965,38.721927642822266,118192000,0.0,0.0
2016-11-11 00:00:00-05:00,38.54923880720262,38.57305710711648,37.98996498321992,38.29813766479492,71852000,0.0,0.0
2016-11-14 00:00:00-05:00,38.29863242864218,38.299624384512406,36.900694008931225,37.37858200073242,73766000,0.0,0.0
2016-11-15 00:00:00-05:00,37.986489966959695,38.71945452398332,37.97408673189658,38.46735763549805,58878000,0.0,0.0
2016-11-16 00:00:00-05:00,38.232126904638434,38.88122182394265,38.02916216767748,38.70654296875,35968000,0.0,0.0
2016-11-17 00:00:00-05:00,38.831603013327566,39.1492030417953,38.700096929013164,39.01322937011719,30674000,0.0,0.0
2016-11-18 00:00:00-05:00,39.06335119699981,39.267803884664836,38.47678351229251,38.50754928588867,36126000,0.0,0.0
2016-11-21 00:00:00-05:00,38.613245261436,39.032577486149826,38.52392003140175,38.945735931396484,32616000,0.0,0.0
2016-11-22 00:00:00-05:00,39.15367057449837,39.39087674663414,38.89313829582923,38.955665588378906,27884000,0.0,0.0
2016-11-23 00:00:00-05:00,39.179969683000955,39.179969683000955,38.34279309262319,38.65791320800781,26260000,0.0,0.0
2016-11-25 00:00:00-05:00,38.837059277296895,38.85145020792031,38.61771590062323,38.71895217895508,12270000,0.0,0.0
2016-11-28 00:00:00-05:00,38.62565344589951,39.68713313158166,38.61324642739143,38.99486541748047,51508000,0.0,0.0
2016-11-29 00:00:00-05:00,39.12339474267846,39.52337251527952,38.97253417012288,39.17599868774414,31240000,0.0,0.0
2016-11-30 00:00:00-05:00,39.159124641945866,39.27871966712739,38.36760457215831,38.50307846069336,45582000,0.0,0.0
2016-12-01 00:00:00-05:00,38.63557920176285,38.638059090940125,37.38552196581087,37.929908752441406,57342000,0.0,0.0
2016-12-02 00:00:00-05:00,37.809328536690124,38.23610428910649,37.66541543077381,37.93636703491211,34376000,0.0,0.0
2016-12-05 00:00:00-05:00,38.211288263024024,38.70753875994642,38.06092366581583,38.619205474853516,33770000,0.0,0.0
2016-12-06 00:00:00-05:00,38.71696414783872,38.969556970569805,38.37604183061883,38.517967224121094,34682000,0.0,0.0
2016-12-07 00:00:00-05:00,38.70505270502632,39.303031581135166,38.3864569987456,39.2767333984375,40588000,0.0,0.0
2016-12-08 00:00:00-05:00,39.35018236538926,39.65041558282734,39.10007320456806,39.460350036621094,32250000,0.0,0.0
2016-12-09 00:00:00-05:00,39.66530096986102,40.193808941970715,39.60326965993606,40.16899490356445,38090000,0.0,0.0
2016-12-12 00:00:00-05:00,39.93923087169484,40.26328236335778,39.92483994144819,40.09207534790039,32572000,0.0,0.0
2016-12-13 00:00:00-05:00,40.314891655608136,40.90592691181696,40.292561292836965,40.46128463745117,42564000,0.0,0.0
2016-12-14 00:00:00-05:00,40.49006894588856,40.903941647693976,40.33424481733955,40.58782958984375,35994000,0.0,0.0
2016-12-15 00:00:00-05:00,40.5615231348241,40.84140984740147,40.29553137300978,40.47666549682617,35394000,0.0,0.0
2016-12-16 00:00:00-05:00,40.60867105289414,40.65283579804835,40.102989453491496,40.18834686279297,51978000,0.0,0.0
2016-12-19 00:00:00-05:00,40.16055489285455,40.50495280725989,39.92334497979842,40.32034683227539,25272000,0.0,0.0
2016-12-20 00:00:00-05:00,40.36352109473915,40.51835326157836,40.2459099826058,40.4543342590332,25438000,0.0,0.0
2016-12-21 00:00:00-05:00,40.48014456958401,40.48014456958401,39.95312830209719,40.30546569824219,29192000,0.0,0.0
2016-12-22 00:00:00-05:00,40.15162661739674,40.24938726157445,39.999274333530465,40.1804084777832,22632000,0.0,0.0
2016-12-23 00:00:00-05:00,40.09753934994631,40.244428322025605,39.95362624538394,40.08711624145508,15310000,0.0,0.0
2016-12-27 00:00:00-05:00,40.13078637113699,40.49404288330109,39.987869003674696,40.19281768798828,19520000,0.0,0.0
2016-12-28 00:00:00-05:00,40.36153392601731,40.36153392601731,39.82111878444647,39.92681884765625,24296000,0.0,0.0
2016-12-29 00:00:00-05:00,39.81567024134478,39.98538556272573,39.60774190210147,39.84296417236328,21148000,0.0,0.0
2016-12-30 00:00:00-05:00,39.85933065339934,39.86330226217047,39.184925738646875,39.32536697387695,34718000,0.0,0.0
2017-01-03 00:00:00-05:00,39.73079831575141,40.26774161941793,39.545700154892906,40.097530364990234,39180000,0.0,0.0
2017-01-04 00:00:00-05:00,40.19082497092976,40.36649956024312,39.903994556882544,40.08562088012695,30306000,0.0,0.0
2017-01-05 00:00:00-05:00,40.07222584262852,40.38188641152178,39.993819691175254,40.34615707397461,26810000,0.0,0.0
2017-01-06 00:00:00-05:00,40.44392591797122,41.13718954683359,40.270734951772695,40.95109558105469,40342000,0.0,0.0
2017-01-09 00:00:00-05:00,41.0086502746762,41.210127085503736,40.772932060539,41.04884719848633,28178000,0.0,0.0
2017-01-10 00:00:00-05:00,41.04339145364955,41.159514648926965,40.848366123144025,40.990787506103516,23948000,0.0,0.0
2017-01-11 00:00:00-05:00,41.02105508874969,41.18382290062114,40.765486415377445,41.18183898925781,26508000,0.0,0.0
2017-01-12 00:00:00-05:00,41.108394779089735,41.207647143820246,40.74265842841387,41.16546630859375,26990000,0.0,0.0
2017-01-13 00:00:00-05:00,41.23841516790077,41.41954553755068,41.16497257868924,41.23543930053711,25804000,0.0,0.0
2017-01-17 00:00:00-05:00,41.18878684829836,41.19771823560679,40.851336394965074,41.062740325927734,28818000,0.0,0.0
2017-01-18 00:00:00-05:00,41.17886096363709,41.17935694145192,40.89500263776526,41.14015197753906,20554000,0.0,0.0
2017-01-19 00:00:00-05:00,41.13915976444253,41.337660685748496,40.8890506480857,40.909393310546875,21410000,0.0,0.0
2017-01-20 00:00:00-05:00,41.14362936622756,41.15107660663391,40.92081414245824,41.09797668457031,26124000,0.0,0.0
2017-01-23 00:00:00-05:00,41.26868854642984,41.959964358364125,41.12427947209764,41.90488052368164,49148000,0.0,0.0
2017-01-24 00:00:00-05:00,42.03142032387728,42.256719213077204,41.79818200283484,42.15796661376953,33768000,0.0,0.0
2017-01-25 00:00:00-05:00,42.35746240353827,42.61749490502919,42.16838881561796,42.600624084472656,33108000,0.0,0.0
2017-01-26 00:00:00-05:00,42.63039984864351,42.727168547541666,42.20709973472634,42.52767562866211,69866000,0.0,0.0
2017-01-27 00:00:00-05:00,42.62791774368355,43.02491586305554,41.7793298621954,41.934654235839844,75050000,0.0,0.0
2017-01-30 00:00:00-05:00,41.5391410720008,41.54757648162101,40.74364938443711,40.88260269165039,70338000,0.0,0.0
2017-01-31 00:00:00-05:00,40.667727740416986,40.844890292997185,40.36501462672483,40.701969146728516,40404000,0.0,0.0
2017-02-01 00:00:00-05:00,40.89104068285953,40.89104068285953,40.30794484909522,40.45632553100586,45020000,0.0,0.0
2017-02-02 00:00:00-05:00,40.444413859380475,40.91882995126663,40.29802087738559,40.6061897277832,33784000,0.0,0.0
2017-02-03 00:00:00-05:00,40.84786652297752,40.996739391700366,40.660280877807196,40.69898986816406,30562000,0.0,0.0
2017-02-06 00:00:00-05:00,40.73819276571827,40.811139369718404,40.40917772268014,40.77293014526367,27018000,0.0,0.0
2017-02-07 00:00:00-05:00,40.965475556248926,41.28406749235418,40.8558038752445,41.15057373046875,33332000,0.0,0.0
2017-02-08 00:00:00-05:00,41.215088300547556,41.39969428117468,40.946120654169825,41.182830810546875,26044000,0.0,0.0
2017-02-09 00:00:00-05:00,41.27463856907488,41.287045588029244,41.01510205722818,41.19176483154297,23884000,0.0,0.0
2017-02-10 00:00:00-05:00,41.33518126306503,41.54360554813792,41.21409830101388,41.42947006225586,28302000,0.0,0.0
2017-02-13 00:00:00-05:00,41.57089940944315,41.771388048396055,41.49894475855181,41.63343048095703,25914000,0.0,0.0
2017-02-14 00:00:00-05:00,41.67362806892415,41.7842917214113,41.478106759890615,41.68653106689453,27266000,0.0,0.0
2017-02-15 00:00:00-05:00,41.62598247577518,41.77287521421095,41.49745606225699,41.55204391479492,27144000,0.0,0.0
2017-02-16 00:00:00-05:00,41.61060611377529,41.818534449434665,41.54907077555952,41.79273223876953,20102000,0.0,0.0
2017-02-17 00:00:00-05:00,41.75005355519977,42.02944437272532,41.67412728132036,42.01008987426758,29224000,0.0,0.0
2017-02-21 00:00:00-05:00,42.081542255291,42.29046250632525,42.01007980012941,42.14506149291992,25206000,0.0,0.0
2017-02-22 00:00:00-05:00,42.082039871822275,42.36936627888974,42.01802086777558,42.248779296875,24488000,0.0,0.0
2017-02-23 00:00:00-05:00,42.23489049377656,42.31131274138539,41.80910669560517,42.230918884277344,27734000,0.0,0.0
2017-02-24 00:00:00-05:00,42.064673329936916,42.09990669139501,41.83193096706205,42.07261276245117,26924000,0.0,0.0
2017-02-27 00:00:00-05:00,41.93068290579729,42.21453746500001,41.834410197870355,42.164913177490234,20206000,0.0,0.0
2017-02-28 00:00:00-05:00,42.04978228999186,42.12322865919275,41.756496577131536,41.9296875,27662000,0.0,0.0
2017-03-01 00:00:00-05:00,42.24977427038242,42.578293365415064,42.13265912497911,42.51626205444336,36374000,0.0,0.0
2017-03-02 00:00:00-05:00,42.49441922527507,42.50335439848353,42.11776759972527,42.17384338378906,25018000,0.0,0.0
2017-03-03 00:00:00-05:00,42.12868408530492,42.22198092615547,41.918771872526854,42.1356315612793,20100000,0.0,0.0
2017-03-06 00:00:00-05:00,42.02547187492277,42.12869207842489,41.743105195643594,42.04581832885742,20958000,0.0,0.0
2017-03-07 00:00:00-05:00,42.04531234482657,42.34653747252494,41.95896677020723,42.23835372924805,20774000,0.0,0.0
2017-03-08 00:00:00-05:00,42.33611722477396,42.525190799363294,42.243320146074254,42.36192321777344,20576000,0.0,0.0
2017-03-09 00:00:00-05:00,42.36441002388779,42.7127758107629,42.31378998986484,42.570350646972656,26954000,0.0,0.0
2017-03-10 00:00:00-05:00,42.81152421968965,42.887450477189084,42.55893519659828,42.74750900268555,26732000,0.0,0.0
2017-03-13 00:00:00-04:00,42.71872937663826,43.03136581030742,42.71823339876589,42.904823303222656,23332000,0.0,0.0
2017-03-14 00:00:00-04:00,42.86363339999027,43.0536989311068,42.68399097612587,42.9708251953125,21234000,0.0,0.0
2017-03-15 00:00:00-04:00,43.071564595003146,43.16783731166957,42.74205354116831,43.093894958496094,26658000,0.0,0.0
2017-03-16 00:00:00-04:00,43.20009576604366,43.30827952674878,43.05072312269309,43.17379379272461,22090000,0.0,0.0
2017-03-17 00:00:00-04:00,43.35640808375141,43.393133161851445,43.09289996924788,43.29140090942383,37366000,0.0,0.0
2017-03-20 00:00:00-04:00,43.14798234227901,43.19065915324346,42.90928827314721,43.070072174072266,30844000,0.0,0.0
2017-03-21 00:00:00-04:00,43.176769443714015,43.34599256068178,42.066657315561955,42.18824005126953,50760000,0.0,0.0
2017-03-22 00:00:00-04:00,42.15548880797394,42.44679065395241,42.03241813205275,42.17137145996094,27334000,0.0,0.0
2017-03-23 00:00:00-04:00,41.754016754607136,41.76890366239411,41.33766417006349,41.667667388916016,65754000,0.0,0.0
2017-03-24 00:00:00-04:00,41.78428926311717,41.88354163163041,41.14412947013777,41.44386291503906,42114000,0.0,0.0
2017-03-27 00:00:00-04:00,41.094002550739496,41.75352057965877,40.90592472069504,41.6110954284668,38692000,0.0,0.0
2017-03-28 00:00:00-04:00,41.669656356765074,41.95301494948104,41.301436329331494,41.716304779052734,30384000,0.0,0.0
2017-03-29 00:00:00-04:00,41.82150967990313,42.26019264790651,41.75352284968886,42.17483901977539,29146000,0.0,0.0
2017-03-30 00:00:00-04:00,42.27954586125871,42.28053781698494,42.02100130922451,42.15548324584961,18988000,0.0,0.0
2017-03-31 00:00:00-04:00,42.023980492651866,42.159458181784736,41.94507835919382,42.07211685180664,28820000,0.0,0.0
2017-04-03 00:00:00-04:00,42.11926014978814,42.627917656974276,42.058716772484146,42.51626205444336,39388000,0.0,0.0
2017-04-04 00:00:00-04:00,42.08203962767055,42.3301648523948,42.05772156861287,42.3088264465332,26970000,0.0,0.0
2017-04-05 00:00:00-04:00,42.41502344136857,42.70681744000787,42.05821848190618,42.127197265625,37104000,0.0,0.0
2017-04-06 00:00:00-04:00,42.15646939415344,42.35943789492403,41.883533949507004,41.9381217956543,30672000,0.0,0.0
2017-04-07 00:00:00-04:00,41.93316633104035,41.97683510195683,41.55105512029424,41.78925323486328,22232000,0.0,0.0
2017-04-10 00:00:00-04:00,41.76146211818289,42.01951448525901,41.72424484701357,41.76940155029297,20924000,0.0,0.0
2017-04-11 00:00:00-04:00,41.76939814842842,41.91479916222082,41.417060794388895,41.679080963134766,19486000,0.0,0.0
2017-04-12 00:00:00-04:00,41.60861541652074,41.8696436369159,41.56544262705152,41.75749206542969,22716000,0.0,0.0
2017-04-13 00:00:00-04:00,41.73664653888498,41.87014030447037,41.57834630822357,41.6939697265625,21474000,0.0,0.0
2017-04-17 00:00:00-04:00,41.75352665661129,42.46118114272395,41.73615607101999,42.43587112426758,20982000,0.0,0.0
2017-04-18 00:00:00-04:00,42.30734071824727,42.548022523201205,42.24332549159694,42.37929916381836,18724000,0.0,0.0
2017-04-19 00:00:00-04:00,42.54802134197697,42.6874668557753,42.356467859174096,42.50435256958008,21606000,0.0,0.0
2017-04-20 00:00:00-04:00,42.66463631982733,42.872564625316954,42.553476702041586,42.68151092529297,23776000,0.0,0.0
2017-04-21 00:00:00-04:00,42.708308617818545,42.79862960082511,42.56489528300526,42.62543487548828,23458000,0.0,0.0
2017-04-24 00:00:00-04:00,43.096374823312495,43.66805555194461,42.980747620740054,43.616939544677734,33930000,0.0,0.0
2017-04-25 00:00:00-04:00,43.78219512803599,44.2779496449808,43.63431420703074,44.10873031616211,40760000,0.0,0.0
2017-04-26 00:00:00-04:00,44.23527086405299,44.31467275702346,43.92561029643131,44.12361526489258,26466000,0.0,0.0
2017-04-27 00:00:00-04:00,44.16629233186943,44.33402372050894,44.0263508487108,44.23775100708008,46846000,0.0,0.0
2017-04-28 00:00:00-04:00,46.10167182248549,46.4440820900862,45.81483758202033,45.87935256958008,76918000,0.0,0.0
2017-05-01 00:00:00-04:00,45.86098930958472,46.44011353829957,45.694745850411195,46.291236877441406,46556000,0.0,0.0
2017-05-02 00:00:00-04:00,46.313573706626876,46.79592926952118,46.20092235564057,46.50313949584961,35026000,0.0,0.0
2017-05-03 00:00:00-04:00,46.45152594781824,47.15371701656006,46.40984109093424,47.06687545776367,36496000,0.0,0.0
2017-05-04 00:00:00-04:00,47.15818949939638,47.59737226194874,47.01328444098065,47.378028869628906,38752000,0.0,0.0
2017-05-05 00:00:00-04:00,47.477275880911044,47.56263329824186,47.04950819673691,47.157691955566406,32310000,0.0,0.0
2017-05-08 00:00:00-04:00,47.01725309770915,47.68917440011859,47.014769422210726,47.57503890991211,37534000,0.0,0.0
2017-05-09 00:00:00-04:00,47.70605045305425,47.74922324660206,47.3621484661799,47.47677993774414,33758000,0.0,0.0
2017-05-10 00:00:00-04:00,47.4524664237961,47.47678069939129,47.135858360518014,47.38398361206055,22920000,0.0,0.0
2017-05-11 00:00:00-04:00,47.207806188550954,47.54029685494925,47.07481219364583,47.43608093261719,20622000,0.0,0.0
2017-05-12 00:00:00-04:00,47.5333542891766,47.539802001668946,47.246024078515006,47.398868560791016,24298000,0.0,0.0
2017-05-15 00:00:00-04:00,47.40631211349413,47.77403238912884,47.283737426252316,47.60133743286133,26754000,0.0,0.0
2017-05-16 00:00:00-04:00,47.816220028660226,47.93283541645704,47.65742001533722,47.86882019042969,22030000,0.0,0.0
2017-05-17 00:00:00-04:00,47.62515228307591,47.68916749534291,46.6505142399577,46.755226135253906,48982000,0.0,0.0
2017-05-18 00:00:00-04:00,46.806345103008915,47.351227917804934,46.71056836665466,47.168609619140625,36010000,0.0,0.0
2017-05-19 00:00:00-04:00,47.283740502367316,47.618215137100144,47.24304759660105,47.37455368041992,27206000,0.0,0.0
2017-05-22 00:00:00-04:00,47.49116868009444,47.8792391845147,47.46933429537857,47.842018127441406,27748000,0.0,0.0
2017-05-23 00:00:00-04:00,48.134307826405326,48.360098894756774,47.86335248663909,48.1635856628418,30908000,0.0,0.0
2017-05-24 00:00:00-04:00,48.39732355580964,48.53924894808386,48.21718515109815,48.51394271850586,22660000,0.0,0.0
2017-05-25 00:00:00-04:00,48.58292772691255,49.41563681431069,48.52436825608297,49.22110366821289,39082000,0.0,0.0
2017-05-26 00:00:00-04:00,49.228041984179605,49.44589741082595,48.99778332544321,49.29106903076172,32728000,0.0,0.0
2017-05-30 00:00:00-04:00,49.25285617889685,49.50693691913104,49.19628441623343,49.43497848510742,30324000,0.0,0.0
2017-05-31 00:00:00-04:00,49.43696813545812,49.60519549656907,48.7159147636656,48.9843864440918,34482000,0.0,0.0
2017-06-01 00:00:00-04:00,49.17643570727521,49.28461945806462,48.69656009093499,49.04393768310547,26128000,0.0,0.0
2017-06-02 00:00:00-04:00,49.058830737474516,49.45037312472636,48.98340044640526,49.4325065612793,34710000,0.0,0.0
2017-06-05 00:00:00-04:00,49.520339072768635,49.992271484562316,49.39925232202065,49.81759262084961,27578000,0.0,0.0
2017-06-06 00:00:00-04:00,49.789300206038966,50.05231231589667,49.36699213962352,49.46028518676758,31042000,0.0,0.0
2017-06-07 00:00:00-04:00,49.57988696106635,49.81908081046018,49.42009500491669,49.699485778808594,27482000,0.0,0.0
2017-06-08 00:00:00-04:00,49.83496062990177,49.902947461120334,49.4573170101493,49.83744430541992,33758000,0.0,0.0
2017-06-09 00:00:00-04:00,49.89748920728695,49.89798518514761,47.311029027469736,48.142250061035156,72958000,0.0,0.0
2017-06-12 00:00:00-04:00,47.57652557253585,48.037046702383286,46.48874388291965,47.72986602783203,84042000,0.0,0.0
2017-06-13 00:00:00-04:00,48.23753216399073,48.52883019214543,47.739789971222606,48.161109924316406,40108000,0.0,0.0
2017-06-14 00:00:00-04:00,48.40923664817949,48.61766094460404,47.61572881591536,48.033573150634766,30110000,0.0,0.0
2017-06-15 00:00:00-04:00,47.04553313870927,47.673785592975555,46.66590187148568,47.64897155761719,48552000,0.0,0.0
2017-06-16 00:00:00-04:00,47.5363265484606,47.63756282047895,47.07928106997453,47.57155990600586,51184000,0.0,0.0
2017-06-19 00:00:00-04:00,48.118921268467076,48.5978049035857,48.04696662178621,48.39533615112305,29376000,0.0,0.0
2017-06-20 00:00:00-04:00,48.39980239152941,48.6717497013078,48.04696904390916,48.08617401123047,25946000,0.0,0.0
2017-06-21 00:00:00-04:00,48.175497741058905,48.61021285475798,48.1089988492639,48.56257247924805,23232000,0.0,0.0
2017-06-22 00:00:00-04:00,48.4772126492571,48.657354821514716,48.30054989390375,48.46480941772461,20190000,0.0,0.0
2017-06-23 00:00:00-04:00,48.40923276139795,48.96106301777214,48.35762077628013,48.93476104736328,31280000,0.0,0.0
2017-06-26 00:00:00-04:00,49.12879403624945,49.32679899354548,48.152667987737004,48.24000930786133,30358000,0.0,0.0
2017-06-27 00:00:00-04:00,47.71944065296926,47.998331623195504,46.999379317905756,47.04900360107422,48872000,0.0,0.0
2017-06-28 00:00:00-04:00,47.17654919401256,47.800830118697014,46.45698372447624,47.69016647338867,54912000,0.0,0.0
2017-06-29 00:00:00-04:00,47.210793007621085,47.226175894953286,46.13144664128115,46.539363861083984,64134000,0.0,0.0
2017-06-30 00:00:00-04:00,46.84554841383085,46.89566868069941,46.13193849239863,46.135414123535156,45754000,0.0,0.0
2017-07-03 00:00:00-04:00,46.311090568496525,46.361710605472034,45.42230570088236,45.62825012207031,33896000,0.0,0.0
2017-07-05 00:00:00-04:00,45.86346903704223,46.463435693270874,45.587057909915366,46.26344680786133,41882000,0.0,0.0
2017-07-06 00:00:00-04:00,45.90316925530482,46.455991500775355,45.647600561797674,46.036659240722656,40298000,0.0,0.0
2017-07-07 00:00:00-04:00,46.20042502670777,46.87880164410643,46.14087360344202,46.687744140625,33266000,0.0,0.0
2017-07-10 00:00:00-04:00,46.74431054819273,47.29912045428234,46.74431054819273,47.193416595458984,29030000,0.0,0.0
2017-07-11 00:00:00-04:00,47.169600878601486,47.386460578325476,46.90162516913599,47.3189697265625,29224000,0.0,0.0
2017-07-12 00:00:00-04:00,47.682725437992914,48.117936586972256,47.49315965271021,48.02017593383789,32042000,0.0,0.0
2017-07-13 00:00:00-04:00,48.17599231453892,48.56803060581498,47.8782428158492,48.0792236328125,30492000,0.0,0.0
2017-07-14 00:00:00-04:00,48.334800818602595,48.51047165293816,48.14374331061589,48.479209899902344,21592000,0.0,0.0
2017-07-17 00:00:00-04:00,48.44993061909397,48.798792387823354,48.17599937427766,48.432064056396484,33210000,0.0,0.0
2017-07-18 00:00:00-04:00,48.30303491759887,49.17097726036958,48.237531763888754,48.977439880371094,28266000,0.0,0.0
2017-07-19 00:00:00-04:00,49.129292625079735,49.406695699521066,48.98041596928831,49.266258239746094,28242000,0.0,0.0
2017-07-20 00:00:00-04:00,49.47617043256222,49.559540148205805,48.86181286451785,49.23747634887695,28368000,0.0,0.0
2017-07-21 00:00:00-04:00,49.079173018907035,49.38238209117647,48.83948319000982,49.319358825683594,29266000,0.0,0.0
2017-07-24 00:00:00-04:00,49.332259397329445,49.93222601384906,49.142193868345935,49.54117965698242,79690000,0.0,0.0
2017-07-25 00:00:00-04:00,48.17103138870945,48.47026883727376,47.82861736411109,48.088157653808594,118672000,0.0,0.0
2017-07-26 00:00:00-04:00,48.27425292612219,48.332312625528374,47.65145995228316,47.9035530090332,44432000,0.0,0.0
2017-07-27 00:00:00-04:00,48.09560581973222,48.11248042673303,46.50165020583,47.26835632324219,74358000,0.0,0.0
2017-07-28 00:00:00-04:00,47.04404958365928,47.728873861858474,46.9110517937302,47.55717086791992,36276000,0.0,0.0
2017-07-31 00:00:00-04:00,47.640044290025756,47.69909973051806,46.73339297067391,46.92048263549805,45670000,0.0,0.0
2017-08-01 00:00:00-04:00,47.03511862442824,47.36661360104087,46.89368919810264,46.973087310791016,28052000,0.0,0.0
2017-08-02 00:00:00-04:00,47.06290149048355,47.09913058907893,46.27634500557477,47.026676177978516,40788000,0.0,0.0
2017-08-03 00:00:00-04:00,47.09913263430074,47.143793358053344,46.61975299724924,46.66242980957031,22478000,0.0,0.0
2017-08-04 00:00:00-04:00,46.843562552511514,47.02171705092121,46.63762193437322,46.93487548828125,25092000,0.0,0.0
2017-08-07 00:00:00-04:00,47.020725335952655,47.09218779849019,46.82123242927371,46.93288803100586,28916000,0.0,0.0
2017-08-08 00:00:00-04:00,46.86043994461183,47.26736521233886,46.77061872324248,46.85547637939453,30102000,0.0,0.0
2017-08-09 00:00:00-04:00,46.57062994234074,46.83413808605424,46.34582700636274,46.651519775390625,28018000,0.0,0.0
2017-08-10 00:00:00-04:00,46.39941976819309,46.46393096744499,45.743377331854624,45.83319854736328,54148000,0.0,0.0
2017-08-11 00:00:00-04:00,45.83915367368673,46.3180335642897,45.71558703292893,46.15576171875,32334000,0.0,0.0
2017-08-14 00:00:00-04:00,46.60138793592993,46.69914857390887,46.37410514833401,46.59444046020508,23012000,0.0,0.0
2017-08-15 00:00:00-04:00,46.6986581527084,46.799894433640944,46.480806490160866,46.55226516723633,22130000,0.0,0.0
2017-08-16 00:00:00-04:00,46.70957885726091,47.138834484661764,46.64953145566643,46.85944747924805,26906000,0.0,0.0
2017-08-17 00:00:00-04:00,46.7939381604659,46.83661497486895,46.034179553024906,46.03517150878906,33914000,0.0,0.0
2017-08-18 00:00:00-04:00,46.001420455193575,46.2019052916596,45.82624563198035,45.96171951293945,26748000,0.0,0.0
2017-08-21 00:00:00-04:00,45.941388607986525,46.06445550272678,45.585575542279884,45.69822311401367,26024000,0.0,0.0
2017-08-22 00:00:00-04:00,46.000431248134696,46.744806922470865,45.96122628135944,46.66739273071289,35502000,0.0,0.0
2017-08-23 00:00:00-04:00,46.4986666682668,46.9170069577444,46.41132913140807,46.775577545166016,22690000,0.0,0.0
2017-08-24 00:00:00-04:00,46.83165993654291,46.960682348576405,46.188020665807926,46.49321746826172,25892000,0.0,0.0
2017-08-25 00:00:00-04:00,46.608340792297135,46.68377107831637,46.15625884016076,46.176109313964844,23746000,0.0,0.0
2017-08-28 00:00:00-04:00,46.244588485793926,46.39197341493008,45.95825025095941,46.058494567871094,20988000,0.0,0.0
2017-08-29 00:00:00-04:00,45.652564985174116,46.55772463302447,45.62080346980942,46.43663787841797,23172000,0.0,0.0
2017-08-30 00:00:00-04:00,46.43266452050314,46.938342313979845,46.35227067894128,46.82767868041992,22406000,0.0,0.0
2017-08-31 00:00:00-04:00,46.96018116374227,47.50109615115193,46.95770127435581,47.403831481933594,33866000,0.0,0.0
2017-09-01 00:00:00-04:00,47.51449722865663,47.5571740445362,47.15769224238034,47.242549896240234,20858000,0.0,0.0
2017-09-05 00:00:00-04:00,46.98797302251831,47.212775951268085,46.42919523611651,46.72099304199219,29148000,0.0,0.0
2017-09-06 00:00:00-04:00,46.83959259897241,46.870854348551845,46.28428669963663,46.74778747558594,27830000,0.0,0.0
2017-09-07 00:00:00-04:00,46.85844942007741,47.16860594579651,46.52496679139255,47.13833236694336,22332000,0.0,0.0
2017-09-08 00:00:00-04:00,47.1289068512032,47.178531140047454,46.64803927648587,46.71751403808594,19998000,0.0,0.0
2017-09-11 00:00:00-04:00,47.00483577942643,47.27677925646566,46.697159186201134,46.8108024597168,26748000,0.0,0.0
2017-09-12 00:00:00-04:00,46.990949481105986,47.049009179940434,46.52348087888303,46.9775505065918,25696000,0.0,0.0
2017-09-13 00:00:00-04:00,46.92048475210786,47.28522916054444,46.88276771628767,47.16563034057617,21908000,0.0,0.0
2017-09-14 00:00:00-04:00,46.94528970073551,47.046029991411984,46.56615440428135,46.65399169921875,28548000,0.0,0.0
2017-09-15 00:00:00-04:00,46.65201646012069,46.734394228160234,46.213329667804956,46.413814544677734,39886000,0.0,0.0
2017-09-18 00:00:00-04:00,46.399913723137225,46.49171884616448,45.92301776072743,46.138885498046875,29474000,0.0,0.0
2017-09-19 00:00:00-04:00,46.32051126621911,46.54531036996139,45.985540724669725,46.49171447753906,24854000,0.0,0.0
2017-09-20 00:00:00-04:00,46.534901516802314,47.14379960507572,46.523486452377355,47.02172088623047,40080000,0.0,0.0
2017-09-21 00:00:00-04:00,47.05100244685802,47.28274907785375,46.61678324059044,47.022216796875,27414000,0.0,0.0
2017-09-22 00:00:00-04:00,46.78501189471896,47.14380081946071,46.68923514772174,46.809326171875,21496000,0.0,0.0
2017-09-25 00:00:00-04:00,46.62025390229481,46.63514081178571,45.87885400648442,46.36369323730469,37468000,0.0,0.0
2017-09-26 00:00:00-04:00,46.4832829808281,46.850011277574154,46.40537281078783,46.52000427246094,33454000,0.0,0.0
2017-09-27 00:00:00-04:00,46.78352226244843,47.909513292070834,46.74431729035093,47.63508605957031,46692000,0.0,0.0
2017-09-28 00:00:00-04:00,47.45395042925969,47.946725260130066,47.419213048362934,47.87874221801758,28018000,0.0,0.0
2017-09-29 00:00:00-04:00,47.93779682281616,48.424619949286125,47.93779682281616,48.32090377807617,40622000,0.0,0.0
2017-10-02 00:00:00-04:00,48.416679288555535,48.5203954571342,47.73681476802177,48.010746002197266,30782000,0.0,0.0
2017-10-03 00:00:00-04:00,48.015206469392695,48.257379957979765,47.77452848652746,48.2395133972168,21666000,0.0,0.0
2017-10-04 00:00:00-04:00,48.22363473292049,48.35464482078487,47.91843798169234,47.97650146484375,21156000,0.0,0.0
2017-10-05 00:00:00-04:00,48.27474905020129,48.95560551159922,48.149694477185655,48.890098571777344,35618000,0.0,0.0
2017-10-06 00:00:00-04:00,48.6325481014122,49.340202543174605,48.55860574846172,49.30943298339844,31060000,0.0,0.0
2017-10-09 00:00:00-04:00,49.37691724754709,49.647868798117685,49.203230356155686,49.24342727661133,25910000,0.0,0.0
2017-10-10 00:00:00-04:00,49.391810670282275,49.49949845019626,48.6876318609449,49.019622802734375,23268000,0.0,0.0
2017-10-11 00:00:00-04:00,49.08115626282671,50.00071059689556,49.02656840811587,49.90542984008789,36300000,0.0,0.0
2017-10-12 00:00:00-04:00,49.81560862596943,50.19771982285468,49.67963496706493,49.90542984008789,30614000,0.0,0.0
2017-10-13 00:00:00-04:00,50.07713362911123,50.35751257519346,49.975401372258496,50.01559829711914,26552000,0.0,0.0
2017-10-16 00:00:00-04:00,50.10292998539082,50.220541092862966,49.70047237809038,50.08903503417969,21420000,0.0,0.0
2017-10-17 00:00:00-04:00,49.99425855270142,50.34758788475635,49.92527976825698,50.170921325683594,20260000,0.0,0.0
2017-10-18 00:00:00-04:00,50.173408928479745,50.43443339240217,49.889054572520564,50.25727462768555,25596000,0.0,0.0
2017-10-19 00:00:00-04:00,49.86076343345676,49.98830167758808,49.49105926962207,49.71635437011719,34284000,0.0,0.0
2017-10-20 00:00:00-04:00,49.97489692877873,50.054295023198634,49.737687028931816,49.87664031982422,32120000,0.0,0.0
2017-10-23 00:00:00-04:00,49.8821012198322,49.912374798986946,48.78638014398963,48.907466888427734,32786000,0.0,0.0
2017-10-24 00:00:00-04:00,48.95511092107929,49.09207653905142,48.48764229958939,49.053863525390625,28902000,0.0,0.0
2017-10-25 00:00:00-04:00,48.94369938620099,49.34864074860579,48.51940731271909,49.201255798339844,30574000,0.0,0.0
2017-10-26 00:00:00-04:00,49.54912202546478,49.948107837748644,49.15212012471834,49.19926452636719,47396000,0.0,0.0
2017-10-27 00:00:00-04:00,51.162927318854706,52.78219286366731,50.95747889494824,51.295921325683594,103682000,0.0,0.0
2017-10-30 00:00:00-04:00,51.07211767926328,51.6016176398928,50.733179247216455,51.26913070678711,46804000,0.0,0.0
2017-10-31 00:00:00-04:00,51.26267597007089,51.65967408142236,50.930185271874535,51.2646598815918,30326000,0.0,0.0
2017-11-01 00:00:00-04:00,51.42743023180678,52.00010293707846,51.31229900287452,51.73907470703125,43262000,0.0,0.0
2017-11-02 00:00:00-04:00,51.60955392842729,51.883981140435175,51.04730052943399,51.7574348449707,26694000,0.0,0.0
2017-11-03 00:00:00-04:00,51.74651200352491,52.139046257621935,51.493423235573914,52.105796813964844,27770000,0.0,0.0
2017-11-06 00:00:00-05:00,52.06163388824945,52.234824801902256,51.7092927548471,51.743038177490234,18294000,0.0,0.0
2017-11-07 00:00:00-05:00,52.088929446317486,52.27552313896581,51.75892621121859,52.22490310668945,26104000,0.0,0.0
2017-11-08 00:00:00-05:00,52.108783416304604,52.73604403037597,51.95991053502559,52.517696380615234,24276000,0.0,0.0
2017-11-09 00:00:00-05:00,52.00705138585244,52.14996873634093,51.404105088900465,51.99315643310547,35892000,0.0,0.0
2017-11-10 00:00:00-05:00,51.802099309849076,51.93906492678788,51.67059323569073,51.81599426269531,19442000,0.0,0.0
2017-11-13 00:00:00-05:00,51.64975478009218,52.04377705500041,51.57333253355834,51.66960525512695,18814000,0.0,0.0
2017-11-14 00:00:00-05:00,51.49690362323988,51.72418642175443,51.080547251487864,51.69143295288086,21012000,0.0,0.0
2017-11-15 00:00:00-05:00,51.361929275958744,51.59169199663185,51.15151726657588,51.43190002441406,18106000,0.0,0.0
2017-11-16 00:00:00-05:00,51.54801332722722,52.19363637737985,51.51079605947761,52.03036880493164,23768000,0.0,0.0
2017-11-17 00:00:00-05:00,52.096381281684494,52.155928921016205,51.29890557496043,51.40609359741211,26712000,0.0,0.0
2017-11-20 00:00:00-05:00,51.41154591875335,51.545535660609886,51.2467904057093,51.34505081176758,17526000,0.0,0.0
2017-11-21 00:00:00-05:00,51.61203562266244,52.125656704610606,51.56737489523608,52.12118911743164,22206000,0.0,0.0
2017-11-22 00:00:00-05:00,52.16386682481524,52.37576675998986,51.969833452571024,52.20158386230469,14538000,0.0,0.0
2017-11-24 00:00:00-05:00,52.32415526773204,52.60602593101643,52.20158058272845,52.42985534667969,16492000,0.0,0.0
2017-11-27 00:00:00-05:00,52.531585840905464,53.249659556822905,52.343008243811624,53.198543548583984,35430000,0.0,0.0
2017-11-28 00:00:00-05:00,53.29680742258889,53.5950529373588,52.331600370669904,52.76581954956055,36424000,0.0,0.0
2017-11-29 00:00:00-05:00,52.412975684230446,52.541505877437096,51.09642336290013,51.48002624511719,55866000,0.0,0.0
2017-11-30 00:00:00-05:00,51.607072576658794,51.81549686363573,51.117273609217705,51.41998291015625,45092000,0.0,0.0
2017-12-01 00:00:00-05:00,51.13414430633142,51.473082707312884,50.463710958450505,50.86914825439453,37762000,0.0,0.0
2017-12-04 00:00:00-05:00,51.00462036816599,51.18029496499004,50.08258618899026,50.21409225463867,38778000,0.0,0.0
2017-12-05 00:00:00-05:00,50.170426520421735,51.445294117772754,49.74017896190089,50.59769821166992,38998000,0.0,0.0
2017-12-06 00:00:00-05:00,50.444855940139476,51.5892094697641,50.38480853936182,51.248783111572266,28710000,0.0,0.0
2017-12-07 00:00:00-05:00,51.415018042195705,52.05269785886939,51.37978468665315,51.836830139160156,30866000,0.0,0.0
2017-12-08 00:00:00-05:00,52.196121809743886,52.42489255494484,51.90085216727183,52.07553482055664,31170000,0.0,0.0
2017-12-11 00:00:00-05:00,52.16138278766249,52.404048478148965,51.814504953595645,52.20405960083008,23254000,0.0,0.0
2017-12-12 00:00:00-05:00,52.10630073768928,52.726613841709394,51.85172399748962,52.04526138305664,33882000,0.0,0.0
2017-12-13 00:00:00-05:00,52.209519113266865,52.37824245436875,51.936579842554295,52.17527770996094,27680000,0.0,0.0
2017-12-14 00:00:00-05:00,52.37874456276735,52.95389718238637,52.284951736355865,52.47700119018555,30962000,0.0,0.0
2017-12-15 00:00:00-05:00,52.79012667223754,53.35932748234733,52.60701241667708,53.19804382324219,63760000,0.0,0.0
2017-12-18 00:00:00-05:00,53.41887760717587,53.917115750781115,53.11716027393845,53.84764099121094,30292000,0.0,0.0
2017-12-19 00:00:00-05:00,53.74491319686013,53.84168187594953,53.21144173124198,53.58412551879883,26350000,0.0,0.0
2017-12-20 00:00:00-05:00,53.64070729562258,53.65609018183929,53.02932559511545,53.27546691894531,28728000,0.0,0.0
2017-12-21 00:00:00-05:00,53.36628248659549,53.47198256946399,53.04917845189917,53.14098358154297,25640000,0.0,0.0
2017-12-22 00:00:00-05:00,53.098800464990056,53.18415409225254,52.98168532339537,53.04222869873047,17788000,0.0,0.0
2017-12-26 00:00:00-05:00,53.03131014770581,53.04222923320552,52.535059671069966,52.89285659790039,18376000,0.0,0.0
2017-12-27 00:00:00-05:00,52.93007631438394,53.012950051016446,52.522155343473464,52.61247253417969,22324000,0.0,0.0
2017-12-28 00:00:00-05:00,52.714205801835746,52.84273600720423,52.27403111683675,52.40156936645508,19884000,0.0,0.0
2017-12-29 00:00:00-05:00,52.37874054780052,52.505779027442706,52.240283219299755,52.275020599365234,23606000,0.0,0.0
2018-01-02 00:00:00-05:00,52.25616650977731,53.39555637599077,52.25616650977731,53.258094787597656,31766000,0.0,0.0
2018-01-03 00:00:00-05:00,53.29382310488846,54.394011768856736,53.269012854206274,54.16672897338867,31318000,0.0,0.0
2018-01-04 00:00:00-05:00,54.44314296338079,54.79002080218762,54.30270550308476,54.377140045166016,26052000,0.0,0.0
2018-01-05 00:00:00-05:00,54.758755942293035,55.2614578852317,54.67687416456261,55.09819030761719,30250000,0.0,0.0
2018-01-08 00:00:00-05:00,55.13342482258022,55.53836613302585,55.08380053427195,55.292720794677734,24644000,0.0,0.0
2018-01-09 00:00:00-05:00,55.502642267895226,55.502642267895226,54.994480721798055,55.222259521484375,26808000,0.0,0.0
2018-01-10 00:00:00-05:00,54.93492751056001,55.2217617465006,54.78506268002627,55.09075164794922,20734000,0.0,0.0
2018-01-11 00:00:00-05:00,55.19844224357218,55.32448878356856,54.9091281034237,55.18553924560547,22424000,0.0,0.0
2018-01-12 00:00:00-05:00,55.08876756824838,56.14081617656425,54.985051398298886,56.10856246948242,38586000,0.0,0.0
2018-01-16 00:00:00-05:00,56.587934163341046,57.01322191950671,55.910553359462554,56.11103820800781,36462000,0.0,0.0
2018-01-17 00:00:00-05:00,56.39191940730114,56.538808365710146,55.7532437778964,56.52789306640625,27830000,0.0,0.0
2018-01-18 00:00:00-05:00,56.54030144045413,56.60183677715808,55.80138520817931,56.3725700378418,27498000,0.0,0.0
2018-01-19 00:00:00-05:00,56.474794960223306,56.76013747627442,56.200367743826874,56.74624252319336,30552000,0.0,0.0
2018-01-22 00:00:00-05:00,56.762124043174204,57.90647752409935,56.662871675936096,57.7714958190918,29550000,0.0,0.0
2018-01-23 00:00:00-05:00,58.092069703809194,58.483612044433706,57.92483429799457,58.367488861083984,39138000,0.0,0.0
2018-01-24 00:00:00-05:00,58.804692825496915,58.90741704338975,57.93228283331218,58.12532424926758,37128000,0.0,0.0
2018-01-25 00:00:00-05:00,58.59279081058267,58.80568269348987,58.15261611382517,58.663753509521484,29984000,0.0,0.0
2018-01-26 00:00:00-05:00,58.931232250686385,58.93272018432617,57.96354533212695,58.93272018432617,42170000,0.0,0.0
2018-01-29 00:00:00-05:00,58.95455396687607,59.45080440839492,58.759028900108504,58.87912368774414,31494000,0.0,0.0
2018-01-30 00:00:00-05:00,58.44441068350131,58.9510804641053,58.28511092397453,58.427040100097656,37338000,0.0,0.0
2018-01-31 00:00:00-05:00,58.74662673993285,58.871189124546724,58.16551860611946,58.667724609375,36022000,0.0,0.0
2018-02-01 00:00:00-05:00,58.35856029058407,58.927265193905875,58.02954521955925,58.63645935058594,73514000,0.0,0.0
2018-02-02 00:00:00-05:00,55.94826521593821,56.14081062798635,55.14185825504949,55.540348052978516,117842000,0.0,0.0
2018-02-05 00:00:00-05:00,54.61782187208808,55.33143180962722,52.440774316330746,52.721153259277344,83550000,0.0,0.0
2018-02-06 00:00:00-05:00,51.31130174900086,53.961277149658265,51.11428875909252,53.814884185791016,76630000,0.0,0.0
2018-02-07 00:00:00-05:00,53.84168814584848,53.91910234091689,52.335566149712285,52.37477111816406,51942000,0.0,0.0
2018-02-08 00:00:00-05:00,52.596100374751174,52.79757719506311,49.85828727297066,50.007659912109375,66792000,0.0,0.0
2018-02-09 00:00:00-05:00,50.909336835469965,52.19164773953742,49.47616537961925,51.92119216918945,98360000,0.0,0.0
2018-02-12 00:00:00-05:00,52.43730013636036,52.878962767049636,51.8824939696113,52.33259201049805,56240000,0.0,0.0
2018-02-13 00:00:00-05:00,52.106303879965466,52.66309777350703,51.95345938826958,52.31175231933594,31586000,0.0,0.0
2018-02-14 00:00:00-05:00,52.3206809627639,53.370249682886836,52.09637780222555,53.2327880859375,41304000,0.0,0.0
2018-02-15 00:00:00-05:00,53.76625629569793,54.294764243227036,52.96133723775234,54.158790588378906,37396000,0.0,0.0
2018-02-16 00:00:00-05:00,54.259034663539495,54.99993855138818,54.168221490455714,54.36424255371094,39948000,0.0,0.0
2018-02-20 00:00:00-05:00,54.2282657694196,55.39594152717007,54.09130015779495,54.76570510864258,33754000,0.0,0.0
2018-02-21 00:00:00-05:00,55.03913900524265,56.38397726499764,54.96023309408838,55.269893646240234,41486000,0.0,0.0
2018-02-22 00:00:00-05:00,55.53886350117299,55.85100395495353,54.843120133455834,55.07883834838867,28010000,0.0,0.0
2018-02-23 00:00:00-05:00,55.5135569921039,56.026682098026,55.006391193169385,55.98152160644531,25292000,0.0,0.0
2018-02-26 00:00:00-05:00,56.168604954108694,56.78097861765138,56.04355037921634,56.756168365478516,30912000,0.0,0.0
2018-02-27 00:00:00-05:00,56.75616735890439,56.78346128607395,55.4207564112541,55.456485748291016,42964000,0.0,0.0
2018-02-28 00:00:00-05:00,55.67930179671217,55.959684526717496,54.736428922811236,54.782081604003906,49292000,0.0,0.0
2018-03-01 00:00:00-05:00,55.06097854323342,55.146828152317056,52.964317175280286,53.16877365112305,55338000,0.0,0.0
2018-03-02 00:00:00-05:00,52.50230528478262,53.936968598314685,52.11175868044733,53.800498962402344,50162000,0.0,0.0
2018-03-05 00:00:00-05:00,53.50225291516991,54.64610659754565,53.21144708473962,54.3275146484375,28648000,0.0,0.0
2018-03-06 00:00:00-05:00,54.69176119433916,54.86693981283799,54.31460979530824,54.63220977783203,23382000,0.0,0.0
2018-03-07 00:00:00-05:00,54.23124327929116,55.391479404261325,54.08683420927705,55.33391189575195,30748000,0.0,0.0
2018-03-08 00:00:00-05:00,55.44110183180892,56.14776048568789,55.44110183180892,56.045536041259766,33862000,0.0,0.0
2018-03-09 00:00:00-05:00,56.547739214637446,57.61467847617771,56.28919465974288,57.60673904418945,42662000,0.0,0.0
2018-03-12 00:00:00-04:00,57.81565667055498,58.46624330520455,57.52535061486802,57.85932922363281,44306000,0.0,0.0
2018-03-13 00:00:00-04:00,58.152120769167716,58.45830950368578,56.30309246479134,56.56808853149414,43140000,0.0,0.0
2018-03-14 00:00:00-04:00,56.86038481086448,57.553148590028385,56.68917777773559,57.01372528076172,41870000,0.0,0.0
2018-03-15 00:00:00-04:00,57.04746711478381,57.68911862558039,56.35718326869384,57.09907531738281,33382000,0.0,0.0
2018-03-16 00:00:00-04:00,57.33430005554553,57.40675068592315,56.143794144320694,56.29564666748047,58656000,0.0,0.0
2018-03-19 00:00:00-04:00,55.468899729898645,55.548793823868486,54.03771186857141,54.591033935546875,63656000,0.0,0.0
2018-03-20 00:00:00-04:00,54.508142251376114,54.86296325700677,53.71513432226659,54.379119873046875,54598000,0.0,0.0
2018-03-21 00:00:00-04:00,54.21883985425081,55.01929135299701,53.95284805576338,54.28980255126953,44898000,0.0,0.0
2018-03-22 00:00:00-04:00,53.59554628557859,53.78957964222537,52.08843234878068,52.26261901855469,69312000,0.0,0.0
2018-03-23 00:00:00-04:00,52.17428743778185,52.93900961222988,50.85922290334337,50.94259262084961,49880000,0.0,0.0
2018-03-26 00:00:00-04:00,52.13607040179566,52.566321717256976,50.150076671372986,52.309261322021484,65984000,0.0,0.0
2018-03-27 00:00:00-04:00,52.796086489942425,52.82784800374254,49.50693923683964,49.969444274902344,60816000,0.0,0.0
2018-03-28 00:00:00-04:00,49.719831124387454,50.8651765277223,48.83104636258187,49.882102966308594,77698000,0.0,0.0
2018-03-29 00:00:00-04:00,50.181345719506616,52.00953154308469,49.825532702903686,51.46812057495117,69338000,0.0,0.0
2018-04-02 00:00:00-04:00,50.99568784301467,51.58672305151779,49.33970113683525,50.251808166503906,65068000,0.0,0.0
2018-04-03 00:00:00-04:00,50.426485745995244,50.86566843109091,49.48857274805552,50.55203628540039,51322000,0.0,0.0
2018-04-04 00:00:00-04:00,49.537213120812204,51.249775610183725,49.45185948793269,51.09941101074219,50724000,0.0,0.0
2018-04-05 00:00:00-04:00,51.927152589186726,51.943031453160124,50.816048581015046,51.244808197021484,35836000,0.0,0.0
2018-04-06 00:00:00-04:00,50.77138315355239,51.411546698793046,49.935202343254076,50.11881637573242,40134000,0.0,0.0
2018-04-09 00:00:00-04:00,50.61952941671248,51.837825170624825,50.57784456096985,50.622013092041016,33220000,0.0,0.0
2018-04-10 00:00:00-04:00,51.12670264682606,51.67009753042963,50.38977037811584,51.436363220214844,36620000,0.0,0.0
2018-04-11 00:00:00-04:00,51.213042632389204,51.405092062848084,50.57784269060613,50.86864471435547,34060000,0.0,0.0
2018-04-12 00:00:00-04:00,51.1867524922895,51.84080726653926,50.91778480903561,51.47556686401367,32896000,0.0,0.0
2018-04-13 00:00:00-04:00,51.95196349844492,52.25417680406173,51.12123847962914,51.41352844238281,25410000,0.0,0.0
2018-04-16 00:00:00-04:00,51.88546394839509,52.17725792960534,51.30832369779504,51.912757873535156,29776000,0.0,0.0
2018-04-17 00:00:00-04:00,52.66210537979809,53.84318022826406,52.45814487586732,53.56329345703125,54584000,0.0,0.0
2018-04-18 00:00:00-04:00,53.54592585601156,53.69430275692913,53.124609664786554,53.36628341674805,31126000,0.0,0.0
2018-04-19 00:00:00-04:00,53.050171211161896,54.46398840232525,53.050171211161896,54.06401062011719,39884000,0.0,0.0
2018-04-20 00:00:00-04:00,53.80694912151603,54.32701787255593,53.20301089344784,53.46205520629883,42434000,0.0,0.0
2018-04-23 00:00:00-04:00,53.74293007635519,53.99205104578485,52.93404319728805,53.28786849975586,69590000,0.0,0.0
2018-04-24 00:00:00-04:00,52.56285283583598,52.825369021078025,50.26323043790111,50.74856185913086,128220000,0.0,0.0
2018-04-25 00:00:00-04:00,51.10139295954509,51.41502514411271,50.469168811542865,50.76593017578125,57860000,0.0,0.0
2018-04-26 00:00:00-04:00,51.27358920536428,52.20654249096749,50.63987715748192,51.77430725097656,50926000,0.0,0.0
2018-04-27 00:00:00-04:00,51.88496800135182,52.19065693422967,50.99419938611895,51.18574905395508,40746000,0.0,0.0
2018-04-30 00:00:00-04:00,51.333145426878986,51.52916271055921,50.53318985478102,50.54708480834961,34492000,0.0,0.0
2018-05-01 00:00:00-04:00,50.43393413466236,51.69589872220166,50.15156749478104,51.64726638793945,35326000,0.0,0.0
2018-05-02 00:00:00-04:00,51.3122962059113,51.80755468977172,50.774360911179585,50.91777801513672,34698000,0.0,0.0
2018-05-03 00:00:00-04:00,50.88404237540712,51.14804650903459,50.01659589509843,50.93019104003906,39282000,0.0,0.0
2018-05-04 00:00:00-04:00,50.59819179187933,52.1995944899327,50.5207775994612,52.155921936035156,36892000,0.0,0.0
2018-05-07 00:00:00-04:00,52.29933734358387,52.850671610105714,52.11969492746306,52.575748443603516,34400000,0.0,0.0
2018-05-08 00:00:00-04:00,52.831818800559255,52.86209238246906,52.187687389366474,52.5325813293457,26030000,0.0,0.0
2018-05-09 00:00:00-04:00,52.80601328926523,54.28980110521576,52.707256903428735,54.03919219970703,47160000,0.0,0.0
2018-05-10 00:00:00-04:00,54.3394283533808,55.05452624445205,54.283848541119106,54.85900115966797,36414000,0.0,0.0
2018-05-11 00:00:00-04:00,54.607894614828446,55.03467029427952,54.449590603994636,54.755279541015625,30504000,0.0,0.0
2018-05-14 00:00:00-04:00,54.86396120149185,55.48824587965997,54.825751976060964,54.915077209472656,39338000,0.0,0.0
2018-05-15 00:00:00-04:00,54.43371794094132,54.54388561127285,53.534510015766045,53.836727142333984,35738000,0.0,0.0
2018-05-16 00:00:00-04:00,53.847639852220205,54.308656930960375,53.6759368683171,53.798011779785156,25628000,0.0,0.0
2018-05-17 00:00:00-04:00,53.66750464416077,54.14092498301683,53.41739171406392,53.65757751464844,25738000,0.0,0.0
2018-05-18 00:00:00-04:00,52.9003020391115,53.28390497437442,52.834798881924954,53.080936431884766,35482000,0.0,0.0
2018-05-21 00:00:00-04:00,53.545427093560406,54.255065425365196,53.49580280320083,53.79404830932617,25180000,0.0,0.0
2018-05-22 00:00:00-04:00,54.08138184480761,54.180630431635564,53.21095576102281,53.36231231689453,22226000,0.0,0.0
2018-05-23 00:00:00-04:00,53.09879590231627,53.99204818894089,52.947935347860096,53.890811920166016,23740000,0.0,0.0
2018-05-24 00:00:00-04:00,53.937463655345056,53.948378954377326,53.212938438795966,53.86550521850586,20604000,0.0,0.0
2018-05-25 00:00:00-04:00,53.9200943680781,54.0699629796909,53.72407709774085,53.79751968383789,22224000,0.0,0.0
2018-05-29 00:00:00-04:00,53.39655132530935,53.66155117370792,52.75539579079797,53.00302505493164,36076000,0.0,0.0
2018-05-30 00:00:00-04:00,53.27149652325068,53.544931780637256,52.927594545512974,53.46950149536133,28686000,0.0,0.0
2018-05-31 00:00:00-04:00,53.69430251832289,55.08380543101918,53.495805347444154,54.587554931640625,79368000,0.0,0.0
2018-06-01 00:00:00-04:00,55.22622753620622,56.48124464641408,55.18354693646333,56.32442855834961,63202000,0.0,0.0
2018-06-04 00:00:00-04:00,56.4981123846296,57.45885554772864,56.42367406068971,57.219661712646484,44754000,0.0,0.0
2018-06-05 00:00:00-04:00,57.30005726377672,57.61964116647464,56.94275632709376,57.11941909790039,32964000,0.0,0.0
2018-06-06 00:00:00-04:00,57.20626426653391,57.30253697655367,56.38993392889462,56.91744613647461,34934000,0.0,0.0
2018-06-07 00:00:00-04:00,56.799836571157144,56.86385179160158,55.88375786737696,56.29564666748047,36108000,0.0,0.0
2018-06-08 00:00:00-04:00,56.13635420887734,56.51201393124855,55.740344248071274,56.210792541503906,27284000,0.0,0.0
2018-06-11 00:00:00-04:00,56.22220379881585,56.956656208456494,56.14578155460053,56.617218017578125,24796000,0.0,0.0
2018-06-12 00:00:00-04:00,56.6231680188592,57.00677092234482,56.6231680188592,56.978981018066406,26092000,0.0,0.0
2018-06-13 00:00:00-04:00,57.18194483432741,57.34868804339596,56.7402822401383,56.78246307373047,34302000,0.0,0.0
2018-06-14 00:00:00-04:00,57.17848013784783,57.86231252034413,57.09858226130343,57.570518493652344,35422000,0.0,0.0
2018-06-15 00:00:00-04:00,57.56108518921858,57.759090164402316,57.2519243750655,57.528831481933594,44438000,0.0,0.0
2018-06-18 00:00:00-04:00,57.202294283493984,58.762508160811514,57.11842858976017,58.73521423339844,33038000,0.0,0.0
2018-06-19 00:00:00-04:00,58.06676613316014,58.69700258155135,57.64495397925193,58.492549896240234,47282000,0.0,0.0
2018-06-20 00:00:00-04:00,58.72131226221795,59.6239918843626,58.658289004981896,58.759521484375,51686000,0.0,0.0
2018-06-21 00:00:00-04:00,58.830991567764976,59.07018163238132,57.737750312571556,58.03351593017578,44966000,0.0,0.0
2018-06-22 00:00:00-04:00,58.13525299029363,58.30943589237666,57.547689529565346,58.02607727050781,34220000,0.0,0.0
2018-06-25 00:00:00-04:00,57.31692830151886,57.36605661258628,55.575088121601105,56.53682327270508,57682000,0.0,0.0
2018-06-26 00:00:00-04:00,56.77800247453239,56.91347637029559,56.026679286981775,56.206321716308594,34688000,0.0,0.0
2018-06-27 00:00:00-04:00,56.37404839976028,56.88072193917936,55.416284913167296,55.42819595336914,34538000,0.0,0.0
2018-06-28 00:00:00-04:00,55.20240562030966,56.27480443799909,54.88877722932603,55.91651153564453,29726000,0.0,0.0
2018-06-29 00:00:00-04:00,56.19094211063061,56.64004821016823,55.928425927662815,56.036109924316406,31562000,0.0,0.0
2018-07-02 00:00:00-04:00,55.349297647265566,56.720933907593775,54.91507848869472,56.67726135253906,23216000,0.0,0.0
2018-07-03 00:00:00-04:00,57.040022322930085,57.06433659696129,55.30364165172733,55.39544677734375,16448000,0.0,0.0
2018-07-05 00:00:00-04:00,55.80832104341008,56.77799553257157,55.73487467980294,56.63656234741211,28594000,0.0,0.0
2018-07-06 00:00:00-04:00,56.6603937332104,57.376483591202785,56.43559080513098,57.32090377807617,21820000,0.0,0.0
2018-07-09 00:00:00-04:00,57.5650541720491,57.95858042891574,57.427592580668914,57.92632293701172,21584000,0.0,0.0
2018-07-10 00:00:00-04:00,58.0608133999503,58.23499629826715,57.692097364685694,57.91938018798828,21334000,0.0,0.0
2018-07-11 00:00:00-04:00,57.347690444613676,58.57938513276473,57.33528721273383,58.13375473022461,33252000,0.0,0.0
2018-07-12 00:00:00-04:00,58.30248596491433,59.648812292166795,58.2151446355385,59.612586975097656,44148000,0.0,0.0
2018-07-13 00:00:00-04:00,59.68900769963741,60.06814303969566,59.31632385819068,59.76940155029297,32612000,0.0,0.0
2018-07-16 00:00:00-04:00,59.739122271371045,59.98228771169153,59.222525384285305,59.376861572265625,26784000,0.0,0.0
2018-07-17 00:00:00-04:00,58.69353532580341,60.48102840536676,58.65681024288661,60.19915771484375,40162000,0.0,0.0
2018-07-18 00:00:00-04:00,59.97335632772588,60.621459318789775,59.77634710269954,60.19071578979492,38948000,0.0,0.0
2018-07-19 00:00:00-04:00,59.88005787441467,60.367872889357066,59.43740334423083,59.50539016723633,38338000,0.0,0.0
2018-07-20 00:00:00-04:00,59.51234559052119,60.084522345305295,59.38083572737768,59.444854736328125,37938000,0.0,0.0
2018-07-23 00:00:00-04:00,59.33468923767052,60.29940034733981,59.15355507608436,60.0959358215332,65446000,0.0,0.0
2018-07-24 00:00:00-04:00,63.07343659497237,63.271937548420865,61.74050926143322,62.43575668334961,107600000,0.0,0.0
2018-07-25 00:00:00-04:00,62.161327962628526,63.43271993200098,61.9841654210931,63.31858444213867,51104000,0.0,0.0
2018-07-26 00:00:00-04:00,62.88386052476402,63.88728042751161,62.6764282171145,63.792991638183594,54686000,0.0,0.0
2018-07-27 00:00:00-04:00,63.97264053973768,64.08776798099251,61.757872223898254,62.17472457885742,48362000,0.0,0.0
2018-07-30 00:00:00-04:00,61.78566608778071,62.17472856308017,60.7494963335451,61.040794372558594,43896000,0.0,0.0
2018-07-31 00:00:00-04:00,61.12365977243715,61.59509994673083,60.353481931502486,60.90084457397461,39382000,0.0,0.0
2018-08-01 00:00:00-04:00,61.49089606736952,61.827846788339166,60.78770921326239,61.187191009521484,36994000,0.0,0.0
2018-08-02 00:00:00-04:00,60.4681218242297,61.75390854796121,60.44628743859756,61.59113693237305,34704000,0.0,0.0
2018-08-03 00:00:00-04:00,61.79211424069517,61.85861313566656,61.01002529538977,61.443748474121094,21264000,0.0,0.0
2018-08-06 00:00:00-04:00,61.61495867976583,61.657139517116526,61.065112288349646,61.41943359375,22114000,0.0,0.0
2018-08-07 00:00:00-04:00,62.13105187020725,62.8292789004648,62.12063254905667,62.32111740112305,42506000,0.0,0.0
2018-08-08 00:00:00-04:00,62.3647847498049,63.10916042064244,62.136509998412244,62.59355926513672,34344000,0.0,0.0
2018-08-09 00:00:00-04:00,62.663036504089156,63.12107395854261,62.53252238899547,62.74888610839844,27326000,0.0,0.0
2018-08-10 00:00:00-04:00,62.48686750920722,62.587111832515546,61.89037649252938,62.15586853027344,26602000,0.0,0.0
2018-08-13 00:00:00-04:00,62.09086368915397,62.823824372478335,61.883927322299485,61.96382141113281,27500000,0.0,0.0
2018-08-14 00:00:00-04:00,62.155370213974635,62.55683589780346,61.512230798050766,62.43525695800781,28080000,0.0,0.0
2018-08-15 00:00:00-04:00,61.747454074193485,62.12956526957245,60.85221780377346,61.14897537231445,37052000,0.0,0.0
2018-08-16 00:00:00-04:00,61.63381053775664,61.718671972483435,60.52419446273991,60.74403381347656,32176000,0.0,0.0
2018-08-17 00:00:00-04:00,60.64379337671935,60.88745102381948,59.74855710834635,60.336612701416016,33092000,0.0,0.0
2018-08-20 00:00:00-04:00,60.57530896994104,60.835841215995266,59.98179384989175,60.63932418823242,22218000,0.0,0.0
2018-08-21 00:00:00-04:00,60.692426988094084,61.175774469512355,60.295921068755106,60.41402816772461,23082000,0.0,0.0
2018-08-22 00:00:00-04:00,60.25572259168166,60.86660830823275,60.20609830233034,60.62940216064453,22296000,0.0,0.0
2018-08-23 00:00:00-04:00,60.53660130261147,61.29536793158742,60.51029933128536,60.600120544433594,24666000,0.0,0.0
2018-08-24 00:00:00-04:00,60.84030398056331,61.40602918665708,60.61302118521179,61.373775482177734,24454000,0.0,0.0
2018-08-27 00:00:00-04:00,61.74050249594903,62.42185489004459,61.5687995118489,62.34245300292969,28580000,0.0,0.0
2018-08-28 00:00:00-04:00,62.324093441166944,62.35684691047061,61.682441959984544,61.82585906982422,27330000,0.0,0.0
2018-08-29 00:00:00-04:00,62.27943235167429,62.883370581395624,62.170256645363004,62.7583122253418,36926000,0.0,0.0
2018-08-30 00:00:00-04:00,62.69628261755369,62.998499729534956,61.89285525641738,62.251644134521484,30104000,0.0,0.0
2018-08-31 00:00:00-04:00,62.14097923791253,62.15785005739838,60.827898672018804,61.12813186645508,42308000,0.0,0.0
2018-09-04 00:00:00-04:00,60.667610722556915,60.933106536119695,59.87559465480536,60.11131286621094,41458000,0.0,0.0
2018-09-05 00:00:00-04:00,60.00759232521047,60.287975026357394,58.326295646160595,59.50539016723633,53988000,0.0,0.0
2018-09-06 00:00:00-04:00,59.479095121995066,59.49993755136597,57.74420234710536,58.75556182861328,46854000,0.0,0.0
2018-09-07 00:00:00-04:00,58.16055471304496,58.98185243735843,58.02508081574689,58.43796157836914,32658000,0.0,0.0
2018-09-10 00:00:00-04:00,58.765978277724024,58.88805698068228,58.09157333038977,58.31240463256836,27670000,0.0,0.0
2018-09-11 00:00:00-04:00,58.115893279726976,59.1004547950646,57.86032458865066,59.05331039428711,29254000,0.0,0.0
2018-09-12 00:00:00-04:00,58.65680224993664,59.08804553080049,57.8707417111718,58.14070510864258,35716000,0.0,0.0
2018-09-13 00:00:00-04:00,58.542670541225995,58.94761187745826,58.02259797135822,58.663753509521484,40068000,0.0,0.0
2018-09-14 00:00:00-04:00,58.954552075546175,58.954552075546175,58.23597864242827,58.457305908203125,24176000,0.0,0.0
2018-09-17 00:00:00-04:00,58.446894296393765,58.64787513949441,57.4886347193315,57.55662155151367,34096000,0.0,0.0
2018-09-18 00:00:00-04:00,57.697053530585144,58.62355529006376,57.63601418079308,57.917884826660156,32314000,0.0,0.0
2018-09-19 00:00:00-04:00,58.00970048019866,58.372457204043535,57.49657537164375,58.27320861816406,25962000,0.0,0.0
2018-09-20 00:00:00-04:00,58.590806472463655,59.252308457504725,58.37146309251431,59.131717681884766,29244000,0.0,0.0
2018-09-21 00:00:00-04:00,59.29795816013988,59.38033591795316,58.163531853788456,58.166507720947266,91222000,0.0,0.0
2018-09-24 00:00:00-04:00,57.535780184838615,58.81511164217117,57.143245857433044,58.53572463989258,31150000,0.0,0.0
2018-09-25 00:00:00-04:00,58.768468921650665,59.3942378242741,58.26427518636129,59.24685287475586,33152000,0.0,0.0
2018-09-26 00:00:00-04:00,59.236920788581685,59.909338018891724,58.82552798991805,59.255279541015625,37650000,0.0,0.0
2018-09-27 00:00:00-04:00,59.55005049254321,60.386727217816066,59.453281811936435,59.91529083251953,36274000,0.0,0.0
2018-09-28 00:00:00-04:00,59.75302084296328,59.969388348728856,59.442368322917595,59.90140151977539,35612000,0.0,0.0
2018-10-01 00:00:00-04:00,60.19518903885174,60.75098719306057,59.70836588991114,59.97336196899414,33164000,0.0,0.0
2018-10-02 00:00:00-04:00,59.88105523330002,60.76686413751253,59.53318544167417,59.92919158935547,40180000,0.0,0.0
2018-10-03 00:00:00-04:00,60.14555284700718,60.253736595757516,59.65674585232109,60.122230529785156,26246000,0.0,0.0
2018-10-04 00:00:00-04:00,59.79967030122548,59.84284309311647,57.756112718630625,58.41215515136719,46576000,0.0,0.0
2018-10-05 00:00:00-04:00,58.35906207822921,58.65681164160001,57.283191283298976,57.9536247253418,31852000,0.0,0.0
2018-10-08 00:00:00-04:00,57.5650519194436,58.352104402378345,56.34427627272418,57.36258316040039,46190000,0.0,0.0
2018-10-09 00:00:00-04:00,57.13381000113279,57.64197150133537,56.779488717873775,56.8291130065918,33690000,0.0,0.0
2018-10-10 00:00:00-04:00,56.3939040754082,56.42467363442066,54.16623646486712,54.19849395751953,58980000,0.0,0.0
2018-10-11 00:00:00-04:00,53.547409112755275,55.38453003561712,53.3910890068607,54.128021240234375,67696000,0.0,0.0
2018-10-12 00:00:00-04:00,55.5621851600812,55.86936583152559,54.34091350052451,55.606849670410156,49370000,0.0,0.0
2018-10-15 00:00:00-04:00,55.48080283059739,55.669376642024666,54.499217211619204,54.70863723754883,30074000,0.0,0.0
2018-10-16 00:00:00-04:00,55.256490878377456,56.392408802795025,55.170641283224505,56.22914123535156,38378000,0.0,0.0
2018-10-17 00:00:00-04:00,56.57254863274574,56.91992241693175,55.282298280795914,55.956703186035156,35652000,0.0,0.0
2018-10-18 00:00:00-04:00,56.0763047507784,56.19292391752789,53.9096764680673,54.48383712768555,46152000,0.0,0.0
2018-10-19 00:00:00-04:00,54.77166169889283,55.62719702430532,54.44016674849358,54.844608306884766,41286000,0.0,0.0
2018-10-22 00:00:00-04:00,55.20836238663094,55.66391996800423,54.587553303028656,55.151790618896484,27116000,0.0,0.0
2018-10-23 00:00:00-04:00,54.155314110783664,55.48080166372436,53.545920134962536,55.327457427978516,37686000,0.0,0.0
2018-10-24 00:00:00-04:00,55.33192377562657,55.41231761861977,52.35739701796283,52.459625244140625,49286000,0.0,0.0
2018-10-25 00:00:00-04:00,53.6099366056621,55.4718677869976,53.374218394302666,54.76570510864258,72956000,0.0,0.0
2018-10-26 00:00:00-04:00,52.02342416355418,55.43117444083791,51.720711082397315,53.78114318847656,106438000,0.0,0.0
2018-10-29 00:00:00-04:00,54.415846071811124,55.025739808415615,49.982345526254335,51.3485221862793,81290000,0.0,0.0
2018-10-30 00:00:00-04:00,50.618044276499816,52.15096044446554,50.31831083810843,52.08198165893555,59768000,0.0,0.0
2018-10-31 00:00:00-04:00,53.009474823109436,54.98455335098819,53.009474823109436,54.12008285522461,70916000,0.0,0.0
2018-11-01 00:00:00-04:00,54.16077521616879,54.58258735240126,53.486866239489316,53.891807556152344,40132000,0.0,0.0
2018-11-02 00:00:00-04:00,54.04167908584754,54.48830528379817,52.98267920811792,53.17274475097656,43438000,0.0,0.0
2018-11-05 00:00:00-05:00,53.22434879721173,53.26504169765376,51.312297384741356,52.390647888183594,45358000,0.0,0.0
2018-11-06 00:00:00-05:00,52.355419671681815,53.58612257675971,52.28544892671322,53.07746505737305,28660000,0.0,0.0
2018-11-07 00:00:00-05:00,53.7682370951542,55.08032183244106,53.62432401682006,54.996456146240234,43388000,0.0,0.0
2018-11-08 00:00:00-05:00,54.949816279666464,54.99546896044465,53.811414549994645,54.32106399536133,33694000,0.0,0.0
2018-11-09 00:00:00-05:00,53.794547914294924,54.009423718442406,52.81395793785999,53.447174072265625,34860000,0.0,0.0
2018-11-12 00:00:00-05:00,53.2541298232068,53.30226618062105,51.62742080099039,52.07453918457031,34002000,0.0,0.0
2018-11-13 00:00:00-05:00,52.34499617576891,52.93354773730766,51.62989832380508,52.005558013916016,25750000,0.0,0.0
2018-11-14 00:00:00-05:00,52.60254766997012,52.88987786161632,51.66513060074401,52.333580017089844,34666000,0.0,0.0
2018-11-15 00:00:00-05:00,52.178754913456274,53.538976148928775,51.67406523636363,53.150909423828125,41584000,0.0,0.0
2018-11-16 00:00:00-05:00,52.862090329691156,53.21988725316844,52.34946122960992,53.0129508972168,35366000,0.0,0.0
2018-11-19 00:00:00-05:00,52.77077652878864,52.99955105177673,50.759972466189616,50.98576354980469,45684000,0.0,0.0
2018-11-20 00:00:00-05:00,49.986810473684365,51.478541499064086,49.73471742212414,51.13612747192383,54458000,0.0,0.0
2018-11-21 00:00:00-05:00,51.87355887048275,52.34003554064144,51.58325278940232,51.78026580810547,29698000,0.0,0.0
2018-11-23 00:00:00-05:00,51.28749014301997,51.75893040553306,51.04035684050967,51.11876678466797,14178000,0.0,0.0
2018-11-26 00:00:00-05:00,51.808550268407,52.453673613271235,51.598634258168,52.40107345581055,31558000,0.0,0.0
2018-11-27 00:00:00-05:00,52.17279963719587,52.938017791479,51.88298953671863,52.219444274902344,33048000,0.0,0.0
2018-11-28 00:00:00-05:00,52.476506517670025,54.23323374381789,51.7564450423693,54.18013381958008,46042000,0.0,0.0
2018-11-29 00:00:00-05:00,53.77023355518407,54.595003230459575,53.69430728261967,54.3185920715332,31004000,0.0,0.0
2018-11-30 00:00:00-05:00,54.370693350743345,55.06643295288086,53.752860137267156,55.06643295288086,59668000,0.0,0.0
2018-12-03 00:00:00-05:00,56.183490654404444,56.3244240810467,55.16964759831994,55.3994140625,57532000,0.0,0.0
2018-12-04 00:00:00-05:00,55.23218269592703,55.29421400450673,52.641258665994336,52.72512435913086,45630000,0.0,0.0
2018-12-06 00:00:00-05:00,51.858178893197106,53.566273834672415,51.73312430843166,53.49977493286133,47436000,0.0,0.0
2018-12-07 00:00:00-05:00,53.2094604264824,53.84466038045058,51.57877994479323,51.93657684326172,42682000,0.0,0.0
2018-12-10 00:00:00-05:00,51.755945245640824,52.582698700226054,51.26267443502636,52.26410675048828,33652000,0.0,0.0
2018-12-11 00:00:00-05:00,52.94695298944145,53.11865600217232,52.11126805448912,52.6844367980957,33852000,0.0,0.0
2018-12-12 00:00:00-05:00,53.450148491054506,54.17715365005835,53.196563700200635,53.283905029296875,28960000,0.0,0.0
2018-12-13 00:00:00-05:00,53.38017132511263,54.01289138834388,52.850175465616424,53.27446746826172,24986000,0.0,0.0
2018-12-14 00:00:00-05:00,52.6035430815478,53.18415523719888,52.07503510632937,52.191158294677734,36358000,0.0,0.0
2018-12-17 00:00:00-05:00,51.95791813973228,52.72065637642869,50.45031201389184,50.89793014526367,49932000,0.0,0.0
2018-12-18 00:00:00-05:00,51.312301337555475,52.587168965392074,51.13761868169155,51.779273986816406,43640000,0.0,0.0
2018-12-19 00:00:00-05:00,51.97181401022016,53.38215927998337,50.58926243191868,51.38475036621094,58264000,0.0,0.0
2018-12-20 00:00:00-05:00,50.915302813044406,51.9792663252949,50.0151066678488,50.79521179199219,53674000,0.0,0.0
2018-12-21 00:00:00-05:00,51.21503320586026,51.494420183045044,48.69160009322577,49.190826416015625,104656000,0.0,0.0
2018-12-24 00:00:00-05:00,48.846921562533424,50.226497141724,48.516418596920985,48.86429214477539,36360000,0.0,0.0
2018-12-26 00:00:00-05:00,49.52529859023944,52.02937708581942,49.260298769950424,51.999603271484375,46318000,0.0,0.0
2018-12-27 00:00:00-05:00,50.92522202886211,52.27204419186641,49.97241829703395,52.25020980834961,45996000,0.0,0.0
2018-12-28 00:00:00-05:00,52.57773552759089,52.812461786743754,51.70929720929407,51.94154357910156,34398000,0.0,0.0
2018-12-31 00:00:00-05:00,52.49486156284983,52.75093001362549,51.264658506617984,51.8561897277832,33110000,0.0,0.0
2019-01-02 00:00:00-05:00,50.97484988928361,52.64175582636701,50.87956913081294,52.33854675292969,31868000,0.0,0.0
2019-01-03 00:00:00-05:00,52.13954553594533,52.9131990313244,50.73515588504346,50.88899230957031,41960000,0.0,0.0
2019-01-04 00:00:00-05:00,51.73708850777904,53.595051944099,51.454225885073264,53.49927520751953,46022000,0.0,0.0
2019-01-07 00:00:00-05:00,53.64318323120799,53.72903282984325,52.73355609470905,53.392578125,47446000,0.0,0.0
2019-01-08 00:00:00-05:00,53.89279968326611,54.25754407753233,53.01691791637938,53.86153793334961,35414000,0.0,0.0
2019-01-09 00:00:00-05:00,53.991557423634816,54.17268778759912,53.31566073031168,53.67693328857422,26998000,0.0,0.0
2019-01-10 00:00:00-05:00,53.343945915688096,53.58561963531486,52.83479248456566,53.5369873046875,26598000,0.0,0.0
2019-01-11 00:00:00-05:00,53.09384263904463,53.26604163189244,52.42539312092203,52.824378967285156,30864000,0.0,0.0
2019-01-14 00:00:00-05:00,52.27204561995665,52.525630391786336,52.03434349791982,52.18123245239258,28490000,0.0,0.0
2019-01-15 00:00:00-05:00,52.50380053682224,54.00545503857425,52.32663798715181,53.918113708496094,37518000,0.0,0.0
2019-01-16 00:00:00-05:00,54.091300328946794,54.70466592993807,53.99254772889954,54.06698226928711,38280000,0.0,0.0
2019-01-17 00:00:00-05:00,53.99155800550626,54.62229042996936,53.75682795333171,54.54388427734375,24896000,0.0,0.0
2019-01-18 00:00:00-05:00,55.01382906025276,55.48080167136482,54.55182001373234,54.94981384277344,44892000,0.0,0.0
2019-01-22 00:00:00-05:00,54.38904824673365,54.53643696175892,53.14296258651769,53.527061462402344,39632000,0.0,0.0
2019-01-23 00:00:00-05:00,53.93547894010025,54.23769606213636,52.97821511282939,53.813899993896484,25194000,0.0,0.0
2019-01-24 00:00:00-05:00,53.71960623842804,53.99204951768498,53.099789164762825,53.793548583984375,29114000,0.0,0.0
2019-01-25 00:00:00-05:00,54.3012144700217,54.754292157150836,54.1806274814527,54.6624870300293,23260000,0.0,0.0
2019-01-28 00:00:00-05:00,54.09477398388179,54.25853375284251,53.32756819323923,53.58810043334961,29334000,0.0,0.0
2019-01-29 00:00:00-05:00,53.64665507289479,53.829773118643324,52.90128746617696,53.10177230834961,19704000,0.0,0.0
2019-01-30 00:00:00-05:00,53.46404547382079,54.563738310396346,53.4283161334086,54.48781204223633,29452000,0.0,0.0
2019-01-31 00:00:00-05:00,55.19496034233582,55.96067443398866,54.84808251474567,55.87234115600586,40232000,0.0,0.0
2019-02-01 00:00:00-05:00,55.69369229446657,56.29465467435647,55.29471027760024,55.51156997680664,33116000,0.0,0.0
2019-02-04 00:00:00-05:00,55.53092091301186,56.6886732791878,55.45648258987159,56.64301681518555,78408000,0.0,0.0
2019-02-05 00:00:00-05:00,56.057941442436395,57.20626653202553,55.75870397938561,57.16160202026367,82296000,0.0,0.0
2019-02-06 00:00:00-05:00,57.032577739846545,57.267303996040056,55.49866586767106,55.72346878051758,48256000,0.0,0.0
2019-02-07 00:00:00-05:00,55.17411841965642,55.18255382941808,54.26945479753328,54.880836486816406,38298000,0.0,0.0
2019-02-08 00:00:00-05:00,54.33347011218545,54.84063965977046,54.30171238453501,54.705657958984375,21766000,0.0,0.0
2019-02-11 00:00:00-05:00,54.773646480231115,55.254018093652185,54.58755255107971,54.69275665283203,18498000,0.0,0.0
2019-02-12 00:00:00-05:00,55.13392144104267,56.21823127293412,55.13392144104267,55.95621109008789,35036000,0.0,0.0
2019-02-13 00:00:00-05:00,56.227159605716324,56.71398267481857,55.87779811887205,56.0083122253418,28042000,0.0,0.0
2019-02-14 00:00:00-05:00,55.82817773205907,56.38050398884658,55.43564342956175,56.03660202026367,21106000,0.0,0.0
2019-02-15 00:00:00-05:00,56.537817403035326,56.537817403035326,55.41728221260082,55.56169128417969,27826000,0.0,0.0
2019-02-19 00:00:00-05:00,55.41331532853296,56.05843869255414,55.41331532853296,55.903114318847656,21980000,0.0,0.0
2019-02-20 00:00:00-05:00,56.020722035237625,56.1224542879532,55.17064627144096,55.60932922363281,24090000,0.0,0.0
2019-02-21 00:00:00-05:00,55.519507922867554,55.53787046194015,54.4873060615558,54.796470642089844,33272000,0.0,0.0
2019-02-22 00:00:00-05:00,55.06891357692749,55.443581307322496,54.612364067156655,55.409339904785156,29436000,0.0,0.0
2019-02-25 00:00:00-05:00,55.67582647728541,55.84802544199223,55.28775978091062,55.44755172729492,26208000,0.0,0.0
2019-02-26 00:00:00-05:00,55.300659002382936,55.89963365209248,54.92003575970513,55.67979431152344,35026000,0.0,0.0
2019-02-27 00:00:00-05:00,55.282798128536434,55.86440221537003,55.01234253576699,55.72346878051758,22092000,0.0,0.0
2019-02-28 00:00:00-05:00,55.53042641790857,56.27430611915208,55.501148580147834,55.905094146728516,27422000,0.0,0.0
2019-03-01 00:00:00-05:00,56.12592348118928,57.06880006557777,56.12592348118928,56.99535369873047,34086000,0.0,0.0
2019-03-04 00:00:00-05:00,57.295097158928186,57.838988028664076,56.48571045995308,57.238525390625,35490000,0.0,0.0
2019-03-05 00:00:00-05:00,57.366548472406826,58.38336738203228,57.21866757195718,58.02110290527344,40094000,0.0,0.0
2019-03-06 00:00:00-05:00,58.1486498140983,58.29653073660084,57.71641453832113,57.81020736694336,23602000,0.0,0.0
2019-03-07 00:00:00-05:00,57.58986847386412,57.74271295204904,56.657411146398836,57.110984802246094,30086000,0.0,0.0
2019-03-08 00:00:00-05:00,56.269838549483914,57.24000909353134,56.08622451892473,57.06731414794922,23694000,0.0,0.0
2019-03-11 00:00:00-04:00,57.16805429945581,58.55308958341536,57.14671589208721,58.520835876464844,30032000,0.0,0.0
2019-03-12 00:00:00-04:00,58.67168987997052,59.8334100442074,58.67168987997052,59.41358184814453,42220000,0.0,0.0
2019-03-13 00:00:00-04:00,59.84433645512265,59.903388112897154,59.446342593145616,59.50341033935547,25888000,0.0,0.0
2019-03-14 00:00:00-04:00,59.50141936604772,59.78329000449667,59.11484061362888,59.179351806640625,27302000,0.0,0.0
2019-03-15 00:00:00-04:00,59.45080622552168,59.63540842711422,58.90542367215189,59.06869125366211,51886000,0.0,0.0
2019-03-18 00:00:00-04:00,59.03842525329775,59.29945349490625,58.63100402622229,58.98185348510742,24442000,0.0,0.0
2019-03-19 00:00:00-04:00,59.13916263731773,59.7192826169914,59.02701105507283,59.67213821411133,29788000,0.0,0.0
2019-03-20 00:00:00-04:00,59.619530647007004,61.03831130394564,59.52970943386916,60.86164474487305,41508000,0.0,0.0
2019-03-21 00:00:00-04:00,60.54255467605238,61.358389019553314,60.37283559921016,61.3430061340332,28150000,0.0,0.0
2019-03-22 00:00:00-04:00,60.98173985576471,61.21894600459302,59.84780571840149,59.9296875,34422000,0.0,0.0
2019-03-25 00:00:00-04:00,59.52822006580645,60.01851499920074,59.05380399596057,59.42003631591797,27576000,0.0,0.0
2019-03-26 00:00:00-04:00,59.80760657703907,59.92968527810612,58.64489440806523,59.04586410522461,30752000,0.0,0.0
2019-03-27 00:00:00-04:00,59.149088938796496,59.149088938796496,57.77496894223521,58.458805084228516,29428000,0.0,0.0
2019-03-28 00:00:00-04:00,58.33424190750162,58.42108346459074,57.73526725093247,58.1739501953125,22402000,0.0,0.0
2019-03-29 00:00:00-04:00,58.566484924810155,58.75456654246122,57.881660661688244,58.403221130371094,30890000,0.0,0.0
2019-04-01 00:00:00-04:00,58.931722539443484,59.55997500903729,58.87316686653909,59.49943542480469,27706000,0.0,0.0
2019-04-02 00:00:00-04:00,59.55253838480203,59.838380664635665,59.115343340939816,59.824981689453125,18288000,0.0,0.0
2019-04-03 00:00:00-04:00,60.18029493005075,60.572333269355546,59.802155329903904,60.08650588989258,22180000,0.0,0.0
2019-04-04 00:00:00-04:00,60.110325075873405,60.569854275755624,59.99866947179568,60.51526641845703,21022000,0.0,0.0
2019-04-05 00:00:00-04:00,60.50782169206307,60.56191357032855,60.04779652395437,60.118263244628906,20012000,0.0,0.0
2019-04-08 00:00:00-04:00,60.1013940407267,60.2423274858661,59.78329804727417,59.96095657348633,21750000,0.0,0.0
2019-04-09 00:00:00-04:00,59.6438470002438,59.90487143626524,59.469660335491206,59.68354415893555,19668000,0.0,0.0
2019-04-10 00:00:00-04:00,59.80265300607698,59.99370672313107,59.58281364020274,59.870140075683594,15510000,0.0,0.0
2019-04-11 00:00:00-04:00,59.99172142462984,60.182282945466525,59.775357695168374,60.025962829589844,16998000,0.0,0.0
2019-04-12 00:00:00-04:00,60.32520238110817,60.693918416035174,60.209578950972364,60.67803955078125,24312000,0.0,0.0
2019-04-15 00:00:00-04:00,60.745520918072685,61.00406925558365,60.272596561487696,60.866607666015625,23796000,0.0,0.0
2019-04-16 00:00:00-04:00,61.03880592245281,61.33556348231489,60.79266460655032,61.13359069824219,22622000,0.0,0.0
2019-04-17 00:00:00-04:00,61.386179505244,61.78814494660802,61.18271878833548,61.5420036315918,30366000,0.0,0.0
2019-04-18 00:00:00-04:00,61.783184181163996,61.829832604219995,61.50578110439343,61.608009338378906,24750000,0.0,0.0
2019-04-22 00:00:00-04:00,61.369807441901315,62.24668118372701,61.206043876380306,62.217899322509766,19084000,0.0,0.0
2019-04-23 00:00:00-04:00,62.36081383873507,63.24364300745229,62.129063467787894,63.05308151245117,31868000,0.0,0.0
2019-04-24 00:00:00-04:00,63.053089174036955,63.22231228489113,62.51813348565007,62.5300407409668,23396000,0.0,0.0
2019-04-25 00:00:00-04:00,63.038696513815154,63.16275913114883,62.428310556744194,62.891807556152344,31344000,0.0,0.0
2019-04-26 00:00:00-04:00,63.1915439427967,63.465971161794066,62.7756873022019,63.39202880859375,27228000,0.0,0.0
2019-04-29 00:00:00-04:00,63.54537268247443,64.36220667068653,63.10867358862171,64.32398986816406,72368000,0.0,0.0
2019-04-30 00:00:00-04:00,59.08506311487165,59.598680309956386,58.706423817471304,59.49843978881836,133178000,0.0,0.0
2019-05-01 00:00:00-04:00,59.4259960943342,59.51284144439897,58.144676967482674,58.2260627746582,74340000,0.0,0.0
2019-05-02 00:00:00-04:00,58.19032821083705,58.52678670901442,57.48217785694761,57.88811111450195,45098000,0.0,0.0
2019-05-03 00:00:00-04:00,58.42902476029962,59.123280191761495,58.23747507908704,59.03147506713867,41588000,0.0,0.0
2019-05-06 00:00:00-04:00,58.160554274416185,59.32327029068878,58.118869416163356,59.22550964355469,31774000,0.0,0.0
2019-05-07 00:00:00-04:00,58.84587812003669,59.2905166064631,57.813180247113,58.50098419189453,36604000,0.0,0.0
2019-05-08 00:00:00-04:00,58.42306948603235,58.76945512946755,57.94369362397736,58.100013732910156,25520000,0.0,0.0
2019-05-09 00:00:00-04:00,57.694083473141156,58.263280578490686,57.299065475219535,57.960567474365234,29556000,0.0,0.0
2019-05-10 00:00:00-04:00,58.00374621817586,58.37295444886432,56.88867049913065,57.94419479370117,31650000,0.0,0.0
2019-05-13 00:00:00-04:00,56.83259114889159,57.166565996341326,55.85299318344786,56.4033317565918,45626000,0.0,0.0
2019-05-14 00:00:00-04:00,56.68768627545845,56.81422878558775,55.755228922522,55.821231842041016,40392000,0.0,0.0
2019-05-15 00:00:00-04:00,55.706594780540094,58.473193404251774,55.64952703697073,58.10100555419922,59302000,0.0,0.0
2019-05-16 00:00:00-04:00,58.15261599071827,59.260248195738754,57.98438862075223,58.78086853027344,35308000,0.0,0.0
2019-05-17 00:00:00-04:00,58.35061659974741,58.869693387821954,57.883643988575166,58.00075912475586,25362000,0.0,0.0
2019-05-20 00:00:00-04:00,57.217679002864074,57.217679002864074,56.480250796098304,56.80380630493164,30602000,0.0,0.0
2019-05-21 00:00:00-04:00,57.29112270541092,57.465805352739906,56.73681254139221,57.28913879394531,20562000,0.0,0.0
2019-05-22 00:00:00-04:00,57.130837017392196,57.752638056558965,57.11842999806387,57.35911178588867,18826000,0.0,0.0
2019-05-23 00:00:00-04:00,56.8737764019207,57.07128159719981,56.23311688971048,56.837547302246094,25214000,0.0,0.0
2019-05-24 00:00:00-04:00,57.16805220096117,57.28516734129185,56.4092855711958,56.50357437133789,18554000,0.0,0.0
2019-05-28 00:00:00-04:00,56.64600097315336,57.39087266945291,56.506551680851864,56.55072021484375,20948000,0.0,0.0
2019-05-29 00:00:00-04:00,56.21029210538045,56.32443138552182,55.180573838980145,55.57707977294922,36230000,0.0,0.0
2019-05-30 00:00:00-04:00,55.587493315868905,55.91750031625585,55.376585362223956,55.650020599365234,18088000,0.0,0.0
2019-05-31 00:00:00-04:00,54.867441287329214,55.25252837049741,54.753797985342445,54.910118103027344,31582000,0.0,0.0
2019-06-03 00:00:00-04:00,52.946453746323435,52.94992559155208,50.96641535794812,51.547523498535156,96890000,0.0,0.0
2019-06-04 00:00:00-04:00,51.832866329931846,52.525137885586005,51.41303808106766,52.32911682128906,60512000,0.0,0.0
2019-06-05 00:00:00-04:00,52.35442619047706,52.44424740714658,51.26267663743421,51.840309143066406,46988000,0.0,0.0
2019-06-06 00:00:00-04:00,51.91822566714979,52.106303519937086,51.38723777319978,51.99514389038086,29020000,0.0,0.0
2019-06-07 00:00:00-04:00,52.31869102928199,53.26901105703743,52.16336288795024,53.017906188964844,43828000,0.0,0.0
2019-06-10 00:00:00-04:00,53.446175241234826,54.331488188465315,53.36082161243836,53.732017517089844,28510000,0.0,0.0
2019-06-11 00:00:00-04:00,54.43817996962721,54.78654953180274,53.573713241851216,53.64665985107422,33508000,0.0,0.0
2019-06-12 00:00:00-04:00,53.592565352760566,53.72009980222997,53.0789443518694,53.550384521484375,23670000,0.0,0.0
2019-06-13 00:00:00-04:00,53.828782041481766,54.418325537388,53.72258599159079,54.14141845703125,20814000,0.0,0.0
2019-06-14 00:00:00-04:00,54.07839535714609,54.32751253464041,53.66849427776035,53.907684326171875,24582000,0.0,0.0
2019-06-17 00:00:00-04:00,54.04664158720511,54.651072036648614,53.99205373152484,54.28434371948242,19770000,0.0,0.0
2019-06-18 00:00:00-04:00,55.158240104858095,55.51950886943129,54.62675627931569,54.84758758544922,34526000,0.0,0.0
2019-06-19 00:00:00-04:00,54.9468370875542,55.05551681990926,54.39053921490505,54.81135940551758,26714000,0.0,0.0
2019-06-20 00:00:00-04:00,55.66441929676024,55.71503933290941,54.93493043474987,55.24260711669922,24018000,0.0,0.0
2019-06-21 00:00:00-04:00,55.07685284867732,55.906086175008376,55.06990537261878,55.84653854370117,50774000,0.0,0.0
2019-06-24 00:00:00-04:00,55.580050024561366,55.757212554697425,55.248059111817135,55.41628646850586,24236000,0.0,0.0
2019-06-25 00:00:00-04:00,55.33590318991816,55.36666896463381,53.82332958358036,53.971214294433594,31644000,0.0,0.0
2019-06-26 00:00:00-04:00,54.14092730971984,54.34538378224577,53.281920110559724,53.610931396484375,34698000,0.0,0.0
2019-06-27 00:00:00-04:00,53.9300204660367,54.01487811376861,53.38910549375229,53.42781448364258,24078000,0.0,0.0
2019-06-28 00:00:00-04:00,53.45758624206207,53.7339973449707,53.28737118919637,53.7339973449707,33672000,0.0,0.0
2019-07-01 00:00:00-04:00,54.63916313596366,55.01383468609261,54.35580452486069,54.587554931640625,29196000,0.0,0.0
2019-07-02 00:00:00-04:00,54.82724275399014,55.22722052062033,54.571178081216495,55.21282958984375,20630000,0.0,0.0
2019-07-03 00:00:00-04:00,55.50561650228309,55.976560761147326,55.32448613369188,55.72843551635742,20154000,0.0,0.0
2019-07-05 00:00:00-04:00,55.54878723421806,56.307057893583014,55.45599015285598,56.20880126953125,29794000,0.0,0.0
2019-07-08 00:00:00-04:00,55.871355147729915,55.9378540487476,55.171147919762866,55.42076110839844,29888000,0.0,0.0
2019-07-09 00:00:00-04:00,55.09968236348599,55.97010840456372,54.94237029434849,55.792945861816406,29472000,0.0,0.0
2019-07-10 00:00:00-04:00,56.19143798604242,56.68868044405194,56.10906022094449,56.61771774291992,30710000,0.0,0.0
2019-07-11 00:00:00-04:00,56.87824460644455,57.22959004285512,56.54923331942551,56.7750244140625,26004000,0.0,0.0
2019-07-12 00:00:00-04:00,56.71795227658807,56.94473909553563,56.50109258684386,56.837547302246094,21878000,0.0,0.0
2019-07-15 00:00:00-04:00,56.83755177030159,57.10255162116014,56.5725557055338,57.0941162109375,21164000,0.0,0.0
2019-07-16 00:00:00-04:00,56.906526603224165,57.49458596594316,56.906526603224165,57.24050521850586,25352000,0.0,0.0
2019-07-17 00:00:00-04:00,57.11446053129008,57.48764033962764,56.901072677692355,56.90702819824219,19538000,0.0,0.0
2019-07-18 00:00:00-04:00,56.671802710632605,56.97799143438814,56.21823283580338,56.93183898925781,25450000,0.0,0.0
2019-07-19 00:00:00-04:00,57.035058424493094,57.147210000503584,56.13833422209774,56.153221130371094,23184000,0.0,0.0
2019-07-22 00:00:00-04:00,56.34774633467767,56.57354118984418,55.83859669304084,56.53334426879883,28914000,0.0,0.0
2019-07-23 00:00:00-04:00,56.74375969610451,57.01223137784008,56.217735417813536,56.9720344543457,20648000,0.0,0.0
2019-07-24 00:00:00-04:00,56.20631736294877,56.843501226216674,56.002356889151976,56.55915069580078,27192000,0.0,0.0
2019-07-25 00:00:00-04:00,56.520443518190056,56.750705969094305,55.764160586237736,56.37107467651367,54762000,0.0,0.0
2019-07-26 00:00:00-04:00,60.93955835741268,62.94391091786699,60.93955835741268,61.79410171508789,121216000,0.0,0.0
2019-07-29 00:00:00-04:00,61.65912294737773,61.98119054293162,61.04873318310525,61.62636947631836,41382000,0.0,0.0
2019-07-30 00:00:00-04:00,60.88993186007591,61.38171853493081,60.806562143614634,60.93955993652344,28616000,0.0,0.0
2019-07-31 00:00:00-04:00,60.78423078254611,61.28246516162188,59.95598938818582,60.45323181152344,39960000,0.0,0.0
2019-08-01 00:00:00-04:00,60.42494580862854,61.351443824494446,59.897429805871845,60.134639739990234,35426000,0.0,0.0
2019-08-02 00:00:00-04:00,59.698930391022664,60.02149015325406,59.05380329437899,59.367435455322266,34910000,0.0,0.0
2019-08-05 00:00:00-04:00,58.20869502156887,58.40273218293056,56.70902818101856,57.304527282714844,47840000,0.0,0.0
2019-08-06 00:00:00-04:00,57.83898355195478,58.627027996258406,57.64097859212836,58.114898681640625,36014000,0.0,0.0
2019-08-07 00:00:00-04:00,57.455875700470024,58.55110079193506,57.11048581608974,58.35458755493164,30686000,0.0,0.0
2019-08-08 00:00:00-04:00,58.876648809006134,59.86170638548253,58.259811295939365,59.857242584228516,30116000,0.0,0.0
2019-08-09 00:00:00-04:00,59.549560332952176,59.77138359606932,58.800221064268946,58.99921798706055,20418000,0.0,0.0
2019-08-12 00:00:00-04:00,58.5575538283192,58.83594885008432,57.997784131552514,58.28461456298828,22064000,0.0,0.0
2019-08-13 00:00:00-04:00,58.27717122757567,59.81951849658045,58.209684163982665,59.387779235839844,28434000,0.0,0.0
2019-08-14 00:00:00-04:00,58.36253049488311,58.69600935885796,57.61815478543299,57.775962829589844,35430000,0.0,0.0
2019-08-15 00:00:00-04:00,57.983388815815694,58.3798909012513,57.71392520196027,58.02755355834961,28506000,0.0,0.0
2019-08-16 00:00:00-04:00,58.596762448028,58.74811899803839,58.21018365174988,58.51835250854492,24916000,0.0,0.0
2019-08-19 00:00:00-04:00,59.14461630519966,60.016034239846476,59.073653612025325,59.5718879699707,24450000,0.0,0.0
2019-08-20 00:00:00-04:00,59.31929846619912,59.450804530584676,58.70890875599662,58.73272705078125,20206000,0.0,0.0
2019-08-21 00:00:00-04:00,59.34261792768125,59.57784014150661,58.950579642608915,59.132205963134766,14152000,0.0,0.0
2019-08-22 00:00:00-04:00,59.242374020479794,59.489507275854116,58.5034579295648,59.12923049926758,17352000,0.0,0.0
2019-08-23 00:00:00-04:00,58.81412126647175,59.33518582013697,57.068809058396305,57.24646759033203,36254000,0.0,0.0
2019-08-26 00:00:00-04:00,57.537761518563784,58.153607029039634,57.30948675302142,58.1198616027832,21166000,0.0,0.0
2019-08-27 00:00:00-04:00,58.70643544792802,58.80568403312565,57.79134865092977,58.10200119018555,23460000,0.0,0.0
2019-08-28 00:00:00-04:00,57.80673150671596,58.483120420447044,57.57746477621355,58.24740219116211,16810000,0.0,0.0
2019-08-29 00:00:00-04:00,58.87614308786524,59.50985510351577,58.81957132594857,59.26421356201172,19636000,0.0,0.0
2019-08-30 00:00:00-04:00,59.56742388475068,59.56742388475068,58.84140697094788,59.08010482788086,18064000,0.0,0.0
2019-09-03 00:00:00-04:00,58.64936072126614,59.008149599886224,57.74916466854388,58.03897476196289,25908000,0.0,0.0
2019-09-04 00:00:00-04:00,58.53026267829021,58.799726325309585,58.13723238922379,58.670204162597656,21312000,0.0,0.0
2019-09-05 00:00:00-04:00,59.23543299199942,60.244808550216014,59.18729663524469,60.15498733520508,26394000,0.0,0.0
2019-09-06 00:00:00-04:00,60.00363090615744,60.19270070231351,59.711833111701424,59.86368942260742,18972000,0.0,0.0
2019-09-09 00:00:00-04:00,59.90140569237248,60.56985517921189,59.211121819506104,59.81158447265625,31854000,0.0,0.0
2019-09-10 00:00:00-04:00,59.356024091289484,60.046307931779786,59.352052482156836,59.83292007446289,27922000,0.0,0.0
2019-09-11 00:00:00-04:00,59.74310099718435,60.66513526783259,59.663203122517,60.54256057739258,23522000,0.0,0.0
2019-09-12 00:00:00-04:00,60.71475735944428,61.65515035041213,60.66959686972781,61.28544616699219,31644000,0.0,0.0
2019-09-13 00:00:00-04:00,61.14351452746078,61.58716483025713,60.89390136458125,61.53654479980469,23676000,0.0,0.0
2019-09-16 00:00:00-04:00,61.06064212934276,61.4864258802319,60.80010987565315,61.11969757080078,28218000,0.0,0.0
2019-09-17 00:00:00-04:00,61.11968987912129,61.28692526675866,60.70879308825153,61.03284454345703,20806000,0.0,0.0
2019-09-18 00:00:00-04:00,61.050715949239574,61.34846545986885,60.367379629726905,61.170310974121094,17440000,0.0,0.0
2019-09-19 00:00:00-04:00,61.15393834771832,61.750429346275254,61.153442369852456,61.473026275634766,16554000,0.0,0.0
2019-09-20 00:00:00-04:00,61.219442346351414,61.67400795973817,60.7202160078767,61.03086853027344,37692000,0.0,0.0
2019-09-23 00:00:00-04:00,60.86859182001114,61.51917847820748,60.73013827416754,61.271549224853516,20798000,0.0,0.0
2019-09-24 00:00:00-04:00,61.53505712198621,61.887890472586925,60.07806725363248,60.45968246459961,35804000,0.0,0.0
2019-09-25 00:00:00-04:00,60.34455437030646,61.93305417641819,60.00660791020394,61.829833984375,26798000,0.0,0.0
2019-09-26 00:00:00-04:00,61.64125725959552,61.76681160275581,61.12912790123598,61.64870071411133,23166000,0.0,0.0
2019-09-27 00:00:00-04:00,61.67549065541405,61.782682444266634,60.3043504775199,60.83782196044922,34122000,0.0,0.0
2019-09-30 00:00:00-04:00,60.572330773891714,60.91027722067132,60.2160255738023,60.59912872314453,24470000,0.0,0.0
2019-10-01 00:00:00-04:00,60.666123065712306,61.18073606747627,59.82547466104151,59.84780502319336,24504000,0.0,0.0
2019-10-02 00:00:00-04:00,59.37636846440927,59.48852003887032,58.19181809812556,58.4543342590332,33030000,0.0,0.0
2019-10-03 00:00:00-04:00,58.72330321156918,59.10343049789209,57.720878923332165,59.02552032470703,28368000,0.0,0.0
2019-10-04 00:00:00-04:00,59.26669514408734,60.16838287393575,59.10193963198159,60.09394454956055,24282000,0.0,0.0
2019-10-07 00:00:00-04:00,59.897429903730114,60.48846514938345,59.76641981061871,59.9594612121582,17040000,0.0,0.0
2019-10-08 00:00:00-04:00,59.4890127307751,59.890974370761825,59.02799565355198,59.06025314331055,20086000,0.0,0.0
2019-10-09 00:00:00-04:00,59.6160589862627,59.96988429727848,59.45675922423016,59.66915512084961,15948000,0.0,0.0
2019-10-10 00:00:00-04:00,59.48058479713796,60.32520108231695,59.443863502244774,60.0200080871582,12842000,0.0,0.0
2019-10-11 00:00:00-04:00,60.74255073761244,60.97678103745483,60.22694573399598,60.32966995239258,22330000,0.0,0.0
2019-10-14 00:00:00-04:00,60.239350777041764,60.834353873471784,60.13960621545957,60.4318962097168,13296000,0.0,0.0
2019-10-15 00:00:00-04:00,60.61699137149783,61.8888792066184,60.58820951262969,61.64621353149414,27584000,0.0,0.0
2019-10-16 00:00:00-04:00,61.62488162918652,62.23923921742537,61.46211001552776,61.683937072753906,22986000,0.0,0.0
2019-10-17 00:00:00-04:00,62.10078280623721,62.71365243260032,62.024856545768664,62.170257568359375,20958000,0.0,0.0
2019-10-18 00:00:00-04:00,62.264051677322506,62.43376697711885,61.542006328101955,61.75390625,31624000,0.0,0.0
2019-10-21 00:00:00-04:00,61.966795147808796,62.205489221809074,61.53455991481383,61.74745178222656,18094000,0.0,0.0
2019-10-22 00:00:00-04:00,61.757379949911005,61.96828792239115,61.52761724539211,61.59461212158203,22862000,0.0,0.0
2019-10-23 00:00:00-04:00,61.54548727491261,62.430300523993616,61.54548727491261,62.40995407104492,21282000,0.0,0.0
2019-10-24 00:00:00-04:00,62.483394622802734,62.67147246098987,62.14792806244017,62.483394622802734,20224000,0.0,0.0
2019-10-25 00:00:00-04:00,62.13055797308663,62.924561762183096,61.989128556438885,62.74094772338867,27104000,0.0,0.0
2019-10-28 00:00:00-04:00,63.27193493925215,64.47484407974726,63.13844495607343,63.96569061279297,65428000,0.0,0.0
2019-10-29 00:00:00-04:00,63.32156072139052,63.55976261853793,62.30970526205606,62.5603141784668,52654000,0.0,0.0
2019-10-30 00:00:00-04:00,62.28688245128603,62.925558129695666,62.0635712362528,62.56230163574219,29204000,0.0,0.0
2019-10-31 00:00:00-04:00,62.52755755183706,62.851113061666055,62.00550110208573,62.4680061340332,31904000,0.0,0.0
2019-11-01 00:00:00-04:00,62.81538763066667,63.17268858752227,62.51317050822479,63.135467529296875,28812000,0.0,0.0
2019-11-04 00:00:00-05:00,63.327022271818954,64.1403768069977,63.327022271818954,63.9969596862793,30632000,0.0,0.0
2019-11-05 00:00:00-05:00,64.07585751373018,64.3755947325822,63.98554410909074,64.0877685546875,25148000,0.0,0.0
2019-11-06 00:00:00-05:00,64.02078408267586,64.16469340040145,63.63271733055178,64.06643676757812,24626000,0.0,0.0
2019-11-07 00:00:00-05:00,64.2287077566494,65.6365732365274,64.202409569136,64.85696411132812,45140000,0.0,0.0
2019-11-08 00:00:00-05:00,64.58799443261223,65.36165184435728,64.58799443261223,64.95919036865234,30392000,0.0,0.0
2019-11-11 00:00:00-05:00,64.71106639798113,64.7557347007569,64.30762053056404,64.42721557617188,17234000,0.0,0.0
2019-11-12 00:00:00-05:00,64.44159821603563,64.97655770642851,64.22672241687813,64.37410736083984,28852000,0.0,0.0
2019-11-13 00:00:00-05:00,64.17412137638439,64.63762220937356,64.12300914781964,64.322998046875,20538000,0.0,0.0
2019-11-14 00:00:00-05:00,64.26443037561577,65.29266435107532,64.21182643700779,64.96662139892578,28948000,0.0,0.0
2019-11-15 00:00:00-05:00,65.25942006575623,66.17698669433594,65.10260019319165,66.17698669433594,39286000,0.0,0.0
2019-11-18 00:00:00-05:00,66.11742915048329,66.19583908399201,65.31449780142827,65.49711608886719,27984000,0.0,0.0
2019-11-19 00:00:00-05:00,65.83408363962602,65.83408363962602,65.09665908135963,65.1373519897461,21864000,0.0,0.0
2019-11-20 00:00:00-05:00,65.07630246017649,65.16810758563217,63.97710948579548,64.60486602783203,28892000,0.0,0.0
2019-11-21 00:00:00-05:00,64.47534745553108,65.06439503980536,64.05353150343402,64.51951599121094,25546000,0.0,0.0
2019-11-22 00:00:00-05:00,64.6614339170369,64.85497128596099,63.984549103644646,64.19843292236328,27776000,0.0,0.0
2019-11-25 00:00:00-05:00,64.32697278344668,65.02916393054878,64.29471528841627,64.79244995117188,23590000,0.0,0.0
2019-11-26 00:00:00-05:00,65.00435531585691,65.2078198613522,64.71306102480152,65.15769958496094,21910000,0.0,0.0
2019-11-27 00:00:00-05:00,65.27778859784624,65.38795627217733,64.98251893719141,65.11451721191406,18808000,0.0,0.0
2019-11-29 00:00:00-05:00,64.84009278572654,65.00633246444156,64.67285357901707,64.71553039550781,12802000,0.0,0.0
2019-12-02 00:00:00-05:00,64.63960812508009,64.78253306494224,63.53892328622322,63.959747314453125,26538000,0.0,0.0
2019-12-03 00:00:00-05:00,63.45356189650626,64.37510393525106,63.37366781140592,64.25153350830078,25270000,0.0,0.0
2019-12-04 00:00:00-05:00,64.81526974961815,65.71695745819278,64.66390942910238,65.45245361328125,35506000,0.0,0.0
2019-12-05 00:00:00-05:00,65.85244014940825,65.90107627270982,65.22319941918312,65.85045623779297,24408000,0.0,0.0
2019-12-06 00:00:00-05:00,66.13776654670404,66.62012197796211,66.06234006280644,66.46727752685547,32968000,0.0,0.0
2019-12-09 00:00:00-05:00,66.44099402177967,67.3684878249975,66.3025366818837,66.64594268798828,30842000,0.0,0.0
2019-12-10 00:00:00-05:00,66.49458298125603,66.89456071406927,66.19980555592782,66.64097595214844,17606000,0.0,0.0
2019-12-11 00:00:00-05:00,66.9094463945745,66.98834851678667,66.55214547915192,66.70846557617188,20480000,0.0,0.0
2019-12-12 00:00:00-05:00,66.65686406966326,67.22109762614981,66.40824662381249,66.91888427734375,29114000,0.0,0.0
2019-12-13 00:00:00-05:00,66.88959794149217,67.06080496049667,66.57994115975089,66.83848571777344,33170000,0.0,0.0
2019-12-16 00:00:00-05:00,67.24194436457637,67.66524447622663,67.02409269178868,67.52481079101562,28128000,0.0,0.0
2019-12-17 00:00:00-05:00,67.60965285811099,67.70493360611698,67.03201663615367,67.2364730834961,32948000,0.0,0.0
2019-12-18 00:00:00-05:00,67.34119300214664,67.46177999872991,67.01664928638156,67.0886001586914,23330000,0.0,0.0
2019-12-19 00:00:00-05:00,67.08859734207033,67.36749593369899,66.93178503391336,67.31340026855469,28922000,0.0,0.0
2019-12-20 00:00:00-05:00,67.64390680738406,67.68856753662119,67.03004515974142,67.05435943603516,50090000,0.0,0.0
2019-12-23 00:00:00-05:00,67.42703180682992,67.58186017640521,66.8945560916377,67.02507019042969,19936000,0.0,0.0
2019-12-24 00:00:00-05:00,67.00423382720653,67.09356285074838,66.70450417230641,66.71739959716797,13468000,0.0,0.0
2019-12-26 00:00:00-05:00,66.82259684964178,67.64885800412652,66.7709848696846,67.61262512207031,23662000,0.0,0.0
2019-12-27 00:00:00-05:00,67.68856816508368,67.83992851181304,67.1426971342481,67.22408294677734,23212000,0.0,0.0
2019-12-30 00:00:00-05:00,67.33176893439375,67.34119630130749,66.39038009146189,66.4831771850586,19994000,0.0,0.0
2019-12-31 00:00:00-05:00,66.28862708667916,66.53030078009107,66.10700077980555,66.46727752685547,19514000,0.0,0.0
2020-01-02 00:00:00-05:00,66.91491076451707,67.92080688476562,66.81963000871814,67.92080688476562,27278000,0.0,0.0
2020-01-03 00:00:00-05:00,66.89456517269056,68.17240862427808,66.86081596073402,67.56549072265625,23408000,0.0,0.0
2020-01-06 00:00:00-05:00,67.07470353986153,69.39170027421379,67.04344557379943,69.36639404296875,46768000,0.0,0.0
2020-01-07 00:00:00-05:00,69.49789480129157,69.64875536577131,69.05623219302926,69.2323989868164,34330000,0.0,0.0
2020-01-08 00:00:00-05:00,69.21800440208847,70.06312039428155,69.10932845842892,69.72517395019531,35314000,0.0,0.0
2020-01-09 00:00:00-05:00,70.56333031718493,70.89830085438531,69.98172629744387,70.45713806152344,33200000,0.0,0.0
2020-01-10 00:00:00-05:00,70.93751472809956,71.20896226489012,70.44771578618479,70.91220092773438,26258000,0.0,0.0
2020-01-13 00:00:00-05:00,71.2243417721376,71.53350634319095,70.73405063566273,71.46155548095703,30730000,0.0,0.0
2020-01-14 00:00:00-05:00,71.46006422047215,71.5905783300735,70.85314635097474,70.99309539794922,26076000,0.0,0.0
2020-01-15 00:00:00-05:00,71.11368347743128,71.49877431407914,71.04619262822877,71.42036437988281,21550000,0.0,0.0
2020-01-16 00:00:00-05:00,71.73052581710354,71.99106186638656,71.46007021003983,71.96426391601562,26080000,0.0,0.0
2020-01-17 00:00:00-05:00,72.57862458072043,73.47236924908141,72.28137099518135,73.42125701904297,52424000,0.0,0.0
2020-01-21 00:00:00-05:00,73.39543709748455,73.93536387662941,72.9592340508193,73.55672454833984,48930000,0.0,0.0
2020-01-22 00:00:00-05:00,73.92791744068087,74.46634490630905,73.57706803004864,73.6371078491211,28458000,0.0,0.0
2020-01-23 00:00:00-05:00,73.81974363908597,74.1150132847147,73.4609509628069,73.67781066894531,26650000,0.0,0.0
2020-01-24 00:00:00-05:00,74.08126273759932,74.1497455459025,72.61037407881075,72.75875854492188,29786000,0.0,0.0
2020-01-27 00:00:00-05:00,71.04024762156224,71.29035678349074,70.44275705144024,71.04967498779297,34132000,0.0,0.0
2020-01-28 00:00:00-05:00,71.54640599686525,72.19450892371258,70.98167277704664,71.98112487792969,29724000,0.0,0.0
2020-01-29 00:00:00-05:00,72.37614827530244,72.65802274423001,71.72755303995011,72.28881072998047,21566000,0.0,0.0
2020-01-30 00:00:00-05:00,71.36577389032585,72.21684156955847,71.2119374669288,72.16722106933594,27110000,0.0,0.0
2020-01-31 00:00:00-05:00,72.8426206238996,72.93244183951124,70.81791775939544,71.10177612304688,43822000,0.0,0.0
2020-02-03 00:00:00-05:00,72.53445127251754,73.75771451445905,72.28434210997459,73.5740966796875,71636000,0.0,0.0
2020-02-04 00:00:00-05:00,72.17913629710675,72.81681238861734,70.56830620024466,71.7285385131836,95880000,0.0,0.0
2020-02-05 00:00:00-05:00,72.63170618173763,72.67984253452366,70.94793336208039,71.76029205322266,36376000,0.0,0.0
2020-02-06 00:00:00-05:00,72.05458066523562,73.5224935524737,71.98014611752211,73.24508666992188,37822000,0.0,0.0
2020-02-07 00:00:00-05:00,72.81929012242819,73.7055911376281,72.72103350779275,73.40089416503906,28360000,0.0,0.0
2020-02-10 00:00:00-05:00,73.30761445127459,74.87824391485704,73.206874148299,74.86732482910156,38302000,0.0,0.0
2020-02-11 00:00:00-05:00,75.09609407520617,75.92037145053452,74.7080273521206,74.93679809570312,34852000,0.0,0.0
2020-02-12 00:00:00-05:00,75.22462568128545,75.44496101891976,74.86782448844302,75.36209106445312,31042000,0.0,0.0
2020-02-13 00:00:00-05:00,74.93381963355475,75.72533972486248,74.63606632799268,75.10205078125,22914000,0.0,0.0
2020-02-14 00:00:00-05:00,75.15861826834625,75.43254947654793,74.71298029109376,75.3670425415039,23198000,0.0,0.0
2020-02-18 00:00:00-05:00,75.14919769716833,75.95411300380982,74.98394241111538,75.40228271484375,25642000,0.0,0.0
2020-02-19 00:00:00-05:00,75.78738014912862,75.96305477198614,75.47871529345878,75.6717529296875,22746000,0.0,0.0
2020-02-20 00:00:00-05:00,75.38094121635825,75.78091896387954,74.64896876279927,75.28070068359375,25962000,0.0,0.0
2020-02-21 00:00:00-05:00,74.66484088299715,74.98095669681864,73.37012676714123,73.61676025390625,42520000,0.0,0.0
2020-02-24 00:00:00-05:00,70.61892109008193,71.28042685845558,69.81202186636781,70.46061706542969,49560000,0.0,0.0
2020-02-25 00:00:00-05:00,71.0134442009436,71.30374648103692,68.50341002838334,68.79619598388672,51580000,0.0,0.0
2020-02-26 00:00:00-05:00,69.22595484103678,70.15344868855172,68.31136399152298,69.00214385986328,49776000,0.0,0.0
2020-02-27 00:00:00-05:00,67.44739751104343,67.9565510564258,65.21922983103778,65.25446319580078,62290000,0.0,0.0
2020-02-28 00:00:00-05:00,63.23769037956694,66.61913861220282,62.93497730501943,66.46034240722656,80198000,0.0,0.0
2020-03-02 00:00:00-05:00,67.06279499656021,68.85325994086891,65.76311339989533,68.79619598388672,55430000,0.0,0.0
2020-03-03 00:00:00-05:00,69.35994133870133,69.8814980608443,65.96359831152199,66.3844223022461,56602000,0.0,0.0
2020-03-04 00:00:00-05:00,67.43845864014934,68.6205292551604,66.34869292368212,68.56197357177734,47598000,0.0,0.0
2020-03-05 00:00:00-05:00,66.77297041597613,67.17394765388372,64.5939392228994,65.2450180053711,54380000,0.0,0.0
2020-03-06 00:00:00-05:00,63.02132406345207,64.64902106500841,62.38909999241039,64.30115509033203,64640000,0.0,0.0
2020-03-09 00:00:00-04:00,59.796201666927104,62.16679053047271,59.45279565268837,60.333641052246094,69252000,0.0,0.0
2020-03-10 00:00:00-04:00,62.249166437969265,63.3141180465607,60.27011622097382,63.280372619628906,54872000,0.0,0.0
2020-03-11 00:00:00-04:00,61.94545674944562,62.37520830714135,59.11037541001644,60.090965270996094,54732000,0.0,0.0
2020-03-12 00:00:00-04:00,55.71007122053141,58.99177508979836,55.00787634557328,55.16072082519531,94326000,0.0,0.0
2020-03-13 00:00:00-04:00,58.30893660682994,60.264660727196514,55.19744391380035,60.258209228515625,79400000,0.0,0.0
2020-03-16 00:00:00-04:00,54.071942763433945,56.84399695833139,52.95389135443465,53.24767303466797,96520000,0.0,0.0
2020-03-17 00:00:00-04:00,54.1230664454336,55.877805985985816,52.06164218525907,55.48378372192383,83194000,0.0,0.0
2020-03-18 00:00:00-04:00,52.59957358482276,54.83518057354146,51.461171864578795,54.15035629272461,93044000,0.0,0.0
2020-03-19 00:00:00-04:00,54.002967616874486,57.198325857658745,52.38171818946068,55.16667556762695,74064000,0.0,0.0
2020-03-20 00:00:00-04:00,56.12096445623993,56.49712392196647,52.70676254783707,53.009971618652344,82878000,0.0,0.0
2020-03-23 00:00:00-04:00,52.422416039158634,52.94546450472566,50.06522609870038,52.311256408691406,83672000,0.0,0.0
2020-03-24 00:00:00-04:00,54.78505912386957,56.241553000148,53.91413715081012,56.07679748535156,72468000,0.0,0.0
2020-03-25 00:00:00-04:00,55.807335766211146,56.87873884091762,53.74442370156079,54.667945861816406,90324000,0.0,0.0
2020-03-26 00:00:00-04:00,55.318033766714024,58.13475274319394,54.19204281681304,57.7099609375,76562000,0.0,0.0
2020-03-27 00:00:00-04:00,55.950757675221226,57.12091723856907,54.78605765504948,55.096710205078125,62794000,0.0,0.0
2020-03-30 00:00:00-04:00,56.20731596127036,57.118431141959434,54.51262006874927,56.88568878173828,58736000,0.0,0.0
2020-03-31 00:00:00-04:00,57.0057770759988,58.230024543303415,56.40977830125608,57.66181945800781,65228000,0.0,0.0
2020-04-01 00:00:00-04:00,55.77855848250807,56.04752616999693,54.26449692376757,54.691768646240234,51970000,0.0,0.0
2020-04-02 00:00:00-04:00,54.58755454494788,55.71751713604939,54.24663221103603,55.43267059326172,56410000,0.0,0.0
2020-04-03 00:00:00-04:00,55.31753769881237,55.520006471483256,53.35089831480392,54.22528839111328,51374000,0.0,0.0
2020-04-06 00:00:00-04:00,56.225178787159976,59.09102217267394,55.82817690363127,58.715858459472656,63320000,0.0,0.0
2020-04-07 00:00:00-04:00,60.39417589671466,60.581265562426175,58.42108508282757,58.684593200683594,61620000,0.0,0.0
2020-04-08 00:00:00-04:00,59.70390064358842,60.289476426227,58.753580414903,59.897438049316406,40334000,0.0,0.0
2020-04-09 00:00:00-04:00,60.45224318747632,60.64131299046074,59.17389991343121,59.876094818115234,54028000,0.0,0.0
2020-04-13 00:00:00-04:00,59.62449939214522,60.27061852387035,58.673187257600205,60.06665802001953,38702000,0.0,0.0
2020-04-14 00:00:00-04:00,61.533568790759,63.309150595298796,60.96635185248098,62.7870979309082,63358000,0.0,0.0
2020-04-15 00:00:00-04:00,61.858118318287886,63.277394976794355,61.2373092479215,62.39357376098633,42236000,0.0,0.0
2020-04-16 00:00:00-04:00,62.881883980193784,63.190552607359315,61.445736434059555,62.4000244140625,57896000,0.0,0.0
2020-04-17 00:00:00-04:00,63.60441823493848,64.01630701041135,62.82530519253445,63.47043228149414,51050000,0.0,0.0
2020-04-20 00:00:00-04:00,63.01835225673442,63.36225423770926,62.350894746468136,62.58462905883789,35292000,0.0,0.0
2020-04-21 00:00:00-04:00,61.669544964144556,62.03130971478895,59.79818256505655,60.153499603271484,49648000,0.0,0.0
2020-04-22 00:00:00-04:00,61.59013547366675,63.51409779327607,61.396102136297344,62.44865036010742,46296000,0.0,0.0
2020-04-23 00:00:00-04:00,62.812407383951104,63.92450716957352,62.553862820825465,63.081871032714844,34202000,0.0,0.0
2020-04-24 00:00:00-04:00,62.27943458992633,63.40642126585509,61.73355982484232,63.35133743286133,37402000,0.0,0.0
2020-04-27 00:00:00-04:00,64.11555518415383,64.21977110807052,62.77865638075434,63.06648254394531,44186000,0.0,0.0
2020-04-28 00:00:00-04:00,63.678865309374004,63.75627571988888,61.05766763555547,61.16733932495117,80700000,0.0,0.0
2020-04-29 00:00:00-04:00,66.74568488278513,67.49750400441403,65.83903737899195,66.60574340820312,108358000,0.0,0.0
2020-04-30 00:00:00-04:00,66.06880110856797,66.99381116559951,65.57949434545334,66.83004760742188,55842000,0.0,0.0
2020-05-01 00:00:00-04:00,65.70801754388526,67.06477049960726,64.99193160873368,65.37205505371094,48872000,0.0,0.0
2020-05-04 00:00:00-04:00,64.91601469955403,65.72688930286978,64.31455634139917,65.64897155761719,30806000,0.0,0.0
2020-05-05 00:00:00-04:00,66.37349822196448,68.03643246348844,66.25092732812242,66.94517517089844,39666000,0.0,0.0
2020-05-06 00:00:00-04:00,67.39081754771591,67.92130943867623,66.75214189978065,66.76702880859375,31732000,0.0,0.0
2020-05-07 00:00:00-04:00,67.55507422258476,68.28407086121807,67.11986308544923,67.9505844116211,30652000,0.0,0.0
2020-05-08 00:00:00-04:00,68.57288244466392,69.30832293940408,68.08605936440217,68.69793701171875,33326000,0.0,0.0
2020-05-11 00:00:00-04:00,68.32327341716166,70.24574435202634,68.25925819267765,69.6532211303711,32718000,0.0,0.0
2020-05-12 00:00:00-04:00,69.88299754452223,70.18620287261324,68.21013586197583,68.2433853149414,33918000,0.0,0.0
2020-05-13 00:00:00-04:00,68.29200183826535,68.74706720442754,65.90255466644857,66.91093444824219,40368000,0.0,0.0
2020-05-14 00:00:00-04:00,66.17599535572523,67.35955000420634,65.66882579886473,67.33424377441406,36660000,0.0,0.0
2020-05-15 00:00:00-04:00,66.90746926388243,68.21359483390582,66.44793629114194,68.13816833496094,41544000,0.0,0.0
2020-05-18 00:00:00-04:00,67.56848013197799,69.11578736323804,67.20224397992273,68.73963165283203,47094000,0.0,0.0
2020-05-19 00:00:00-04:00,68.75451250919471,69.1023785172191,68.17290840940507,68.20466613769531,31586000,0.0,0.0
2020-05-20 00:00:00-04:00,68.93713311617326,70.07205925671711,68.85078753013752,69.92963409423828,38262000,0.0,0.0
2020-05-21 00:00:00-04:00,70.02044390375272,70.29189145435492,69.19666631420762,69.8100357055664,30894000,0.0,0.0
2020-05-22 00:00:00-04:00,69.66860218679889,70.31868908167836,69.27408397743726,70.1321029663086,28544000,0.0,0.0
2020-05-26 00:00:00-04:00,71.55732784975878,71.713647949531,70.43778849540769,70.5355453491211,44590000,0.0,0.0
2020-05-27 00:00:00-04:00,70.46755799103713,70.73305377684775,69.20708528549198,70.48145294189453,31684000,0.0,0.0
2020-05-28 00:00:00-04:00,69.47507783570163,71.68140738349891,69.42942514707342,70.38024139404297,35170000,0.0,0.0
2020-05-29 00:00:00-04:00,70.48890171815204,71.29779236800545,70.26807420727738,71.13849639892578,37044000,0.0,0.0
2020-06-01 00:00:00-04:00,70.75043231360314,71.53847677860361,70.580709445191,71.20549011230469,25162000,0.0,0.0
2020-06-02 00:00:00-04:00,71.21193893289512,71.60894080375162,70.54745734497106,71.57469940185547,23442000,0.0,0.0
2020-06-03 00:00:00-04:00,71.59405093550622,71.9071833180926,71.0442046165178,71.42284393310547,27732000,0.0,0.0
2020-06-04 00:00:00-04:00,71.30027935945657,71.5255820636348,69.7733185639885,70.18470764160156,26982000,0.0,0.0
2020-06-05 00:00:00-04:00,70.25119166858796,71.77270017081518,69.85319786526418,71.46105194091797,42642000,0.0,0.0
2020-06-08 00:00:00-04:00,70.77921607068053,71.90669115835331,70.68988704719936,71.85905456542969,33878000,0.0,0.0
2020-06-09 00:00:00-04:00,71.72010158033224,72.8396409679758,71.57717666408816,72.05953216552734,33624000,0.0,0.0
2020-06-10 00:00:00-04:00,72.52750225479329,73.08627622015612,72.17268498934844,72.68580627441406,31762000,0.0,0.0
2020-06-11 00:00:00-04:00,71.51117640380802,72.03571651726546,69.39616027535422,69.56935119628906,47144000,0.0,0.0
2020-06-12 00:00:00-04:00,70.75837759159938,71.18763702753917,68.77039959704454,70.1162338256836,36676000,0.0,0.0
2020-06-15 00:00:00-04:00,68.95350509114319,70.71568786340231,68.8398618016423,70.50428771972656,30468000,0.0,0.0
2020-06-16 00:00:00-04:00,71.9066975960279,72.31213493878118,70.9137043603736,71.7811508178711,30648000,0.0,0.0
2020-06-17 00:00:00-04:00,72.10222120320456,72.56174660860705,71.21839618065276,72.08236694335938,30610000,0.0,0.0
2020-06-18 00:00:00-04:00,71.94888266167098,72.10371106870679,70.77723135590205,71.16828155517578,34862000,0.0,0.0
2020-06-19 00:00:00-04:00,71.4600764031913,71.68338762751483,70.41794726010522,70.69783782958984,52784000,0.0,0.0
2020-06-22 00:00:00-04:00,70.71619849058574,72.00346942495024,70.42738032600614,71.98907470703125,29442000,0.0,0.0
2020-06-23 00:00:00-04:00,72.05557826026191,73.20688316954654,71.70820439010963,72.65008544921875,37752000,0.0,0.0
2020-06-24 00:00:00-04:00,72.61533435670397,73.23613958578959,70.96381147221909,71.0978012084961,31592000,0.0,0.0
2020-06-25 00:00:00-04:00,71.02434975061476,71.57518802053703,70.44472962264075,71.5146484375,23958000,0.0,0.0
2020-06-26 00:00:00-04:00,71.0943407213624,71.3121924045394,67.24194757133121,67.61611938476562,97640000,0.0,0.0
2020-06-29 00:00:00-04:00,67.50693541130255,69.37581791051717,67.07569211299183,69.33462524414062,45074000,0.0,0.0
2020-06-30 00:00:00-04:00,69.32023932105565,70.66606584717748,68.82646494071054,70.37079620361328,40286000,0.0,0.0
2020-07-01 00:00:00-04:00,70.42638389298779,71.8808939458053,70.17875084186853,71.55931854248047,42182000,0.0,0.0
2020-07-02 00:00:00-04:00,72.04763064781929,73.86787699730431,72.00941384931251,72.94534301757812,57218000,0.0,0.0
2020-07-06 00:00:00-04:00,73.84951911840722,74.93382524567807,73.2952051310002,74.42020416259766,44712000,0.0,0.0
2020-07-07 00:00:00-04:00,74.24552768558216,75.4955812741531,73.9264359557316,73.9373550415039,42364000,0.0,0.0
2020-07-08 00:00:00-04:00,74.4772614303608,74.99187437067073,74.05544555871522,74.6162109375,31766000,0.0,0.0
2020-07-09 00:00:00-04:00,74.93034396940267,75.88364370968078,74.21872553346911,75.36357116699219,41836000,0.0,0.0
2020-07-10 00:00:00-04:00,75.09510790320913,76.48907845135179,74.47331060985266,76.37345123291016,35918000,0.0,0.0
2020-07-13 00:00:00-04:00,76.91585336815388,78.2269463706536,74.7631199227052,75.04449462890625,42954000,0.0,0.0
2020-07-14 00:00:00-04:00,74.07977692160784,75.56902051449428,73.73934679927795,75.47274780273438,38108000,0.0,0.0
2020-07-15 00:00:00-04:00,75.59036199992138,76.24044892666795,74.32988909406994,75.2752456665039,31026000,0.0,0.0
2020-07-16 00:00:00-04:00,74.51200517404082,75.2271068276227,73.85546677030331,75.177978515625,26484000,0.0,0.0
2020-07-17 00:00:00-04:00,75.27671854266795,75.60027781001833,74.34327315151225,75.27374267578125,34264000,0.0,0.0
2020-07-20 00:00:00-04:00,75.18194791342034,77.86219724741542,74.5715619416608,77.60563659667969,30166000,0.0,0.0
2020-07-21 00:00:00-04:00,78.65719115591367,78.75743169114544,77.04883714436846,77.21260070800781,27486000,0.0,0.0
2020-07-22 00:00:00-04:00,77.20218802358653,77.76146180574143,76.58286683905023,77.65576171875,24482000,0.0,0.0
2020-07-23 00:00:00-04:00,77.70935851205581,77.92870190735229,74.86385368041677,75.268798828125,33910000,0.0,0.0
2020-07-24 00:00:00-04:00,74.39737923019781,75.20328650022337,73.82172685321873,74.8449935913086,29902000,0.0,0.0
2020-07-27 00:00:00-04:00,75.09560151396478,76.30148653573652,75.04944906873521,75.89803314208984,27124000,0.0,0.0
2020-07-28 00:00:00-04:00,75.67820553034552,75.7283258038636,74.46338520687476,74.61871337890625,30910000,0.0,0.0
2020-07-29 00:00:00-04:00,74.68568953299999,76.0915633025399,74.58693315341795,75.604248046875,22676000,0.0,0.0
2020-07-30 00:00:00-04:00,74.33682639743502,76.46673700092681,74.19787687871859,76.34168243408203,36042000,0.0,0.0
2020-07-31 00:00:00-04:00,74.2911894267755,74.68669966089574,72.15482687349312,73.839599609375,91468000,0.0,0.0
2020-08-03 00:00:00-04:00,73.99095950331021,74.32493060851658,73.03418396703889,73.58204650878906,45482000,0.0,0.0
2020-08-04 00:00:00-04:00,73.77805289203164,74.09565287557423,72.65255421158827,73.11257934570312,37212000,0.0,0.0
2020-08-05 00:00:00-04:00,73.28725096820389,73.94130556739641,73.009344398729,73.39989471435547,29134000,0.0,0.0
2020-08-06 00:00:00-04:00,73.25400858814031,74.74871158432148,73.0431006448764,74.6832046508789,33306000,0.0,0.0
2020-08-07 00:00:00-04:00,74.88618940652373,75.4345440924859,73.75622301234296,74.356689453125,27718000,0.0,0.0
2020-08-10 00:00:00-04:00,73.98102461614714,74.79239144853135,73.32051078592585,74.27976989746094,20546000,0.0,0.0
2020-08-11 00:00:00-04:00,74.13981242979574,74.95565432900348,73.35524363711775,73.47186279296875,31098000,0.0,0.0
2020-08-12 00:00:00-04:00,73.79839948066032,75.01669524033613,73.69319159902035,74.7968521118164,22512000,0.0,0.0
2020-08-13 00:00:00-04:00,74.84499197246967,76.27221184265196,74.84499197246967,75.26382446289062,22388000,0.0,0.0
2020-08-14 00:00:00-04:00,75.11297363738187,75.41966216296682,74.38795233108324,74.66734313964844,21942000,0.0,0.0
2020-08-17 00:00:00-04:00,75.23008167921238,75.61765619945626,74.685694859427,75.24347686767578,19990000,0.0,0.0
2020-08-18 00:00:00-04:00,75.73377735195302,77.28456008844866,75.51294982781033,77.20565795898438,28378000,0.0,0.0
2020-08-19 00:00:00-04:00,77.04239455744786,77.85476097119604,76.4225811626794,76.65135192871094,30472000,0.0,0.0
2020-08-20 00:00:00-04:00,76.42108162701231,78.41601066185866,76.14765015883633,78.22148132324219,26382000,0.0,0.0
2020-08-21 00:00:00-04:00,78.00065067341802,78.99712707798484,77.52971397251127,78.187744140625,34838000,0.0,0.0
2020-08-24 00:00:00-04:00,79.0263920052425,79.83578242130031,78.16142935358315,78.66313934326172,25638000,0.0,0.0
2020-08-25 00:00:00-04:00,78.41254041856305,79.84075235572115,78.30237274468207,79.69039154052734,25150000,0.0,0.0
2020-08-26 00:00:00-04:00,79.7127239652464,82.01979367743536,79.44871983787391,81.59003448486328,52188000,0.0,0.0
2020-08-27 00:00:00-04:00,81.71308857092342,81.78157137153234,80.33351300226576,80.81537628173828,31350000,0.0,0.0
2020-08-28 00:00:00-04:00,80.8625372245271,81.45207703160946,80.67098373475415,81.35679626464844,22418000,0.0,0.0
2020-08-31 00:00:00-04:00,81.56222522441067,81.60837766308964,80.65706951278344,80.86549377441406,26422000,0.0,0.0
2020-09-01 00:00:00-04:00,80.9960281439505,82.3388789271627,80.86551401234203,82.13343048095703,22652000,0.0,0.0
2020-09-02 00:00:00-04:00,82.77507634607451,85.6577983212411,82.38700960960998,85.2255630493164,49522000,0.0,0.0
2020-09-03 00:00:00-04:00,84.33875494599933,84.36257702738146,79.78267965722253,80.86450958251953,63726000,0.0,0.0
2020-09-04 00:00:00-04:00,79.84669677227816,81.13645124591334,76.32183129516275,78.46762084960938,55850000,0.0,0.0
2020-09-08 00:00:00-04:00,75.67820890499962,77.19425070120302,75.25639290845942,75.60873413085938,54032000,0.0,0.0
2020-09-09 00:00:00-04:00,76.8642343918004,77.35154968410572,75.68663149054102,76.78136444091797,39242000,0.0,0.0
2020-09-10 00:00:00-04:00,76.92775032379502,78.0929423126136,75.43006388983795,75.73029327392578,33024000,0.0,0.0
2020-09-11 00:00:00-04:00,75.83451139910771,76.35805197313077,74.09118337949273,75.21965789794922,30706000,0.0,0.0
2020-09-14 00:00:00-04:00,76.00820544352806,77.26620229395557,74.6911607194586,74.87576293945312,42660000,0.0,0.0
2020-09-15 00:00:00-04:00,75.82160435722352,76.96794158879544,75.53427797566094,76.18038940429688,23042000,0.0,0.0
2020-09-16 00:00:00-04:00,76.54565029872481,77.13568986155084,75.01273021019952,75.03754425048828,22128000,0.0,0.0
2020-09-17 00:00:00-04:00,73.73340185860935,74.37108565031821,72.57466103273671,73.79444122314453,40008000,0.0,0.0
2020-09-18 00:00:00-04:00,73.85695861877808,74.19937265583256,71.0442113083804,72.01040649414062,63056000,0.0,0.0
2020-09-21 00:00:00-04:00,71.04420674157839,71.46303920509229,69.6080593619409,70.97076416015625,56908000,0.0,0.0
2020-09-22 00:00:00-04:00,71.97220517706418,72.64958987142754,70.93901121787594,72.44364166259766,33950000,0.0,0.0
2020-09-23 00:00:00-04:00,72.06004730695878,72.10917562772568,69.6080761398054,69.94105529785156,37726000,0.0,0.0
2020-09-24 00:00:00-04:00,69.608060937413,71.3603166157109,69.58175518077466,70.60948944091797,34552000,0.0,0.0
2020-09-25 00:00:00-04:00,70.71817425152294,71.75483613203042,69.8561874444943,71.41342163085938,30326000,0.0,0.0
2020-09-28 00:00:00-04:00,73.04757600974902,73.09719651380165,71.77171646612977,72.38607025146484,30784000,0.0,0.0
2020-09-29 00:00:00-04:00,72.64660413596586,73.0480660321558,72.15481369174223,72.75131225585938,31816000,0.0,0.0
2020-09-30 00:00:00-04:00,72.49921433138267,73.75274352180791,72.2421614908849,72.73046875,40924000,0.0,0.0
2020-10-01 00:00:00-04:00,73.62669659515059,74.19292159737675,73.28626646757014,73.83710479736328,32884000,0.0,0.0
2020-10-02 00:00:00-04:00,72.4342036548503,73.39693074596006,71.824809673111,72.23421478271484,31222000,0.0,0.0
2020-10-05 00:00:00-04:00,72.58407414754559,73.67830733435456,72.45703566376906,73.58551025390625,21602000,0.0,0.0
2020-10-06 00:00:00-04:00,73.2217552492913,73.66936958012764,71.708689629658,72.0069351196289,26096000,0.0,0.0
2020-10-07 00:00:00-04:00,72.41833226107926,72.89771194466147,71.12411009707938,72.40989685058594,36108000,0.0,0.0
2020-10-08 00:00:00-04:00,72.72303487470637,73.84356641938679,72.72303487470637,73.61529541015625,26076000,0.0,0.0
2020-10-09 00:00:00-04:00,74.08324039010259,75.02562099842726,73.79243836136804,74.95614624023438,32966000,0.0,0.0
2020-10-12 00:00:00-04:00,76.32332446809873,78.82541548276977,75.89158140633867,77.64285278320312,55344000,0.0,0.0
2020-10-13 00:00:00-04:00,78.2591971477664,78.66364249122451,77.34709005860579,77.76592254638672,39072000,0.0,0.0
2020-10-14 00:00:00-04:00,78.13959902321865,78.59862463075144,76.71535508565292,77.58577728271484,33174000,0.0,0.0
2020-10-15 00:00:00-04:00,76.6458902262155,77.98080531787049,76.47865858893644,77.19027709960938,31210000,0.0,0.0
2020-10-16 00:00:00-04:00,77.50587839375657,78.2939227856747,77.29894584633858,77.79718017578125,34194000,0.0,0.0
2020-10-19 00:00:00-04:00,78.20561463235342,78.60261658960847,75.57499299238026,75.9238510131836,29734000,0.0,0.0
2020-10-20 00:00:00-04:00,75.58440111837055,78.10187856628933,75.45487896936599,76.972412109375,41670000,0.0,0.0
2020-10-21 00:00:00-04:00,77.90387889868303,80.15140068876588,77.76939696227232,78.70482635498047,60322000,0.0,0.0
2020-10-22 00:00:00-04:00,78.65569689727067,80.06603832391136,78.28251710135257,79.73057556152344,30512000,0.0,0.0
2020-10-23 00:00:00-04:00,80.14692835693684,81.09327677877012,79.99110045121893,81.03670501708984,30548000,0.0,0.0
2020-10-26 00:00:00-04:00,80.1444529478215,80.86798245629929,77.80115810817524,78.62046813964844,35826000,0.0,0.0
2020-10-27 00:00:00-04:00,78.8507232899388,79.49931843074643,78.25820014746962,79.34449005126953,25902000,0.0,0.0
2020-10-28 00:00:00-04:00,76.9193189772867,77.10788899788803,74.85839093339294,74.97351837158203,45174000,0.0,0.0
2020-10-29 00:00:00-04:00,75.28218061851324,78.84128724607514,75.25885830217857,77.26023864746094,55406000,0.0,0.0
2020-10-30 00:00:00-04:00,82.74679849997239,83.43559446535326,79.47799353194753,80.19953918457031,99878000,0.0,0.0
2020-11-02 00:00:00-05:00,80.56824749297716,82.29023716014902,80.10673063697057,80.6069564819336,44228000,0.0,0.0
2020-11-03 00:00:00-05:00,80.92653109164593,82.32793717361481,80.00102138267353,81.66593933105469,31432000,0.0,0.0
2020-11-04 00:00:00-05:00,84.63948898890001,87.83782697800774,84.5114585454135,86.63789367675781,71342000,0.0,0.0
2020-11-05 00:00:00-05:00,87.85867537255696,88.91916707061918,86.39870562704795,87.46415710449219,39758000,0.0,0.0
2020-11-06 00:00:00-05:00,86.9103342731499,87.76190180648214,86.18282936178207,87.32669067382812,28622000,0.0,0.0
2020-11-09 00:00:00-05:00,89.12559909444359,90.16325299322276,87.21850731003066,87.41055297851562,53440000,0.0,0.0
2020-11-10 00:00:00-05:00,85.83991023580055,87.30930698283623,85.16252569557643,86.23442840576172,43022000,0.0,0.0
2020-11-11 00:00:00-05:00,86.7644386706243,87.48400040663131,86.49944259042287,86.70638275146484,31838000,0.0,0.0
2020-11-12 00:00:00-05:00,86.44683303667651,87.58721871168564,86.24684415165065,86.4875259399414,26474000,0.0,0.0
2020-11-13 00:00:00-05:00,86.74457768582197,88.19015241863731,86.14808672166791,87.94847869873047,29744000,0.0,0.0
2020-11-16 00:00:00-05:00,87.54552502493586,89.04420345983792,87.40607574489121,88.03631591796875,25468000,0.0,0.0
2020-11-17 00:00:00-05:00,87.73012768241678,88.19065257156724,87.31477085146919,87.42245483398438,21314000,0.0,0.0
2020-11-18 00:00:00-05:00,87.17334492122757,87.58820959498601,86.27661691281018,86.37934112548828,20108000,0.0,0.0
2020-11-19 00:00:00-05:00,86.0116147048315,87.5132690324479,85.85231873640768,87.26911163330078,20106000,0.0,0.0
2020-11-20 00:00:00-05:00,87.43933790525898,87.75495401552938,86.099463049473,86.1679458618164,27694000,0.0,0.0
2020-11-23 00:00:00-05:00,86.35849613940775,86.64483058529487,84.86776089950195,85.73023986816406,22530000,0.0,0.0
2020-11-24 00:00:00-05:00,85.72726380732696,87.66164554548067,85.39130128904262,87.53361511230469,27984000,0.0,0.0
2020-11-25 00:00:00-05:00,87.72765454815004,87.85518522073961,86.7624437790224,87.54502868652344,19600000,0.0,0.0
2020-11-27 00:00:00-05:00,87.56536725366868,89.17669693905175,87.56536725366868,88.68093872070312,14790000,0.0,0.0
2020-11-30 00:00:00-05:00,88.1167194862883,88.34945805842784,86.73664396560041,87.06218719482422,32418000,0.0,0.0
2020-12-01 00:00:00-05:00,87.67058175377963,90.40293508256026,87.49043957012618,89.09481811523438,37350000,0.0,0.0
2020-12-02 00:00:00-05:00,89.09482724425072,90.94981487855388,88.58914937963489,90.56422424316406,29424000,0.0,0.0
2020-12-03 00:00:00-05:00,90.34438241647054,91.50014714254405,90.16870781369849,90.40889739990234,24728000,0.0,0.0
2020-12-04 00:00:00-05:00,90.32850630008762,90.7890236553359,89.99948744675892,90.50418090820312,20544000,0.0,0.0
2020-12-07 00:00:00-05:00,90.09674637845352,90.77859855213794,89.4759411272012,90.17019653320312,22288000,0.0,0.0
2020-12-08 00:00:00-05:00,89.74788739186799,90.11759154794318,88.89235211475021,89.8873291015625,19936000,0.0,0.0
2020-12-09 00:00:00-05:00,89.8392011100304,90.73295326690491,87.43933447683615,88.22638702392578,31728000,0.0,0.0
2020-12-10 00:00:00-05:00,87.46911000864011,88.08396358785399,86.02651096263251,87.71971893310547,28688000,0.0,0.0
2020-12-11 00:00:00-05:00,87.34008297762018,88.19909393700529,86.97980616515416,88.07453155517578,18628000,0.0,0.0
2020-12-14 00:00:00-05:00,87.87206853297646,88.81890924399337,86.80065786516951,86.95598602294922,33050000,0.0,0.0
2020-12-15 00:00:00-05:00,87.33313722198446,87.53858565705434,86.43046500850052,87.39368438720703,21352000,0.0,0.0
2020-12-16 00:00:00-05:00,87.7921613925864,87.7921613925864,86.79718438631407,87.20063018798828,24676000,0.0,0.0
2020-12-17 00:00:00-05:00,87.53511044992315,87.67306801784623,85.90840149530362,86.37288665771484,34880000,0.0,0.0
2020-12-18 00:00:00-05:00,86.65377457814161,86.7624505284676,85.10695960958034,85.66374969482422,85256000,0.0,0.0
2020-12-21 00:00:00-05:00,84.81566435051904,86.19871585469966,84.06483705363522,86.07762908935547,33974000,0.0,0.0
2020-12-22 00:00:00-05:00,85.81808690722899,85.9808585248168,84.64941910188612,85.36600494384766,20370000,0.0,0.0
2020-12-23 00:00:00-05:00,85.55010471511076,86.55153319563468,85.41462325656956,85.76348876953125,22974000,0.0,0.0
2020-12-24 00:00:00-05:00,85.80170893464756,86.46718255529909,85.5709542680901,86.05777740478516,9312000,0.0,0.0
2020-12-28 00:00:00-05:00,86.5912450693575,88.67996325193205,86.43790838917894,88.03285217285156,27650000,0.0,0.0
2020-12-29 00:00:00-05:00,88.691373155201,88.75290469779057,87.09741391594572,87.22891998291016,19726000,0.0,0.0
2020-12-30 00:00:00-05:00,87.58821930964272,87.72518494173809,85.75209384704984,86.1614990234375,21026000,0.0,0.0
2020-12-31 00:00:00-05:00,86.21211520633824,87.21602750872316,86.15355195162485,86.974853515625,21070000,0.0,0.0
2021-01-04 00:00:00-05:00,87.34008358640446,87.4636464411681,84.71690581732847,85.65928649902344,37324000,0.0,0.0
2021-01-05 00:00:00-05:00,85.6076753306863,86.68652187444044,85.20124606667888,86.35006713867188,20360000,0.0,0.0
2021-01-06 00:00:00-05:00,84.37550082692574,86.54461318263373,84.16906040580409,85.49801635742188,46588000,0.0,0.0
2021-01-07 00:00:00-05:00,85.69054682012181,88.22440320804346,85.69054682012181,88.05171203613281,41936000,0.0,0.0
2021-01-08 00:00:00-05:00,88.19164922097684,89.29332585763812,87.40062131631798,89.21739959716797,35484000,0.0,0.0
2021-01-11 00:00:00-05:00,88.18470162798775,88.54994580133611,86.9500347222767,87.15597534179688,34796000,0.0,0.0
2021-01-12 00:00:00-05:00,86.61357327213408,87.7321207860819,85.17544183594138,86.22004699707031,29528000,0.0,0.0
2021-01-13 00:00:00-05:00,85.71832651379754,87.16093293340856,85.71832651379754,86.70735931396484,23432000,0.0,0.0
2021-01-14 00:00:00-05:00,86.78775664072327,87.71475825531489,85.65630612320594,85.89698791503906,29212000,0.0,0.0
2021-01-15 00:00:00-05:00,85.80269009081528,86.72571621304921,84.94368675719375,85.73321533203125,31444000,0.0,0.0
2021-01-19 00:00:00-05:00,86.49644561395698,89.51563284416662,85.9917598088615,88.55439758300781,41660000,0.0,0.0
2021-01-20 00:00:00-05:00,90.63368359442,94.27368371302536,90.29326108063897,93.29855346679688,64152000,0.0,0.0
2021-01-21 00:00:00-05:00,93.9724816453864,95.8795659562927,93.26581533779938,93.50103759765625,58634000,0.0,0.0
2021-01-22 00:00:00-05:00,93.86379288072814,94.50544439835653,93.12140106015978,93.91838073730469,32744000,0.0,0.0
2021-01-25 00:00:00-05:00,94.91982096292158,95.37041878796863,92.26090988552441,94.00373840332031,50586000,0.0,0.0
2021-01-26 00:00:00-05:00,93.59234042721772,95.06918077277226,93.10304122733542,94.6821060180664,31462000,0.0,0.0
2021-01-27 00:00:00-05:00,93.04249028584238,93.31840541043215,89.19009786238911,90.26497650146484,82512000,0.0,0.0
2021-01-28 00:00:00-05:00,90.86346464048778,93.69159105835183,90.86346464048778,91.96514129638672,55278000,0.0,0.0
2021-01-29 00:00:00-05:00,91.01333383693596,91.68426702027512,89.40251113891038,90.68283081054688,44530000,0.0,0.0
2021-02-01 00:00:00-05:00,91.5378765485406,95.05877467301192,91.5378765485406,93.9437026977539,40252000,0.0,0.0
2021-02-02 00:00:00-05:00,94.93917374200196,96.73758204200149,94.60370337579502,95.2364273071289,66332000,0.0,0.0
2021-02-03 00:00:00-05:00,102.50600624841188,104.54112860676844,99.922521611961,102.17202758789062,97882000,0.0,0.0
2021-02-04 00:00:00-05:00,102.25837310971532,102.68911668407655,100.99194081078296,101.9114990234375,48596000,0.0,0.0
2021-02-05 00:00:00-05:00,102.20576092112387,104.01112041342323,101.73134861128602,103.65828704833984,29866000,0.0,0.0
2021-02-08 00:00:00-05:00,104.2126024166411,104.95697814818854,102.39384771098673,103.44440460205078,28828000,0.0,0.0
2021-02-09 00:00:00-05:00,102.96205138124002,104.13866240440814,102.72385326200276,102.9913330078125,21892000,0.0,0.0
2021-02-10 00:00:00-05:00,103.37591665062041,104.15701742365931,101.84250453722669,103.54166412353516,25102000,0.0,0.0
2021-02-11 00:00:00-05:00,103.76597151325437,103.91484058963358,102.66727078205419,103.65431213378906,20480000,0.0,0.0
2021-02-12 00:00:00-05:00,103.20868656852795,104.1877847485389,102.90100612778934,103.9659652709961,18990000,0.0,0.0
2021-02-16 00:00:00-05:00,103.80320209991204,106.45268581815539,103.80320209991204,104.74359893798828,31004000,0.0,0.0
2021-02-17 00:00:00-05:00,103.91384859595338,105.3261814870926,103.63446540978451,105.13661193847656,20294000,0.0,0.0
2021-02-18 00:00:00-05:00,104.46072238989566,105.30385447020758,103.88159440474723,104.50091552734375,22546000,0.0,0.0
2021-02-19 00:00:00-05:00,104.59918372977481,105.13463539467114,103.39031525447268,103.65729522705078,37938000,0.0,0.0
2021-02-22 00:00:00-05:00,101.90999171180535,103.23647121123227,101.63209267408962,101.94274139404297,29466000,0.0,0.0
2021-02-23 00:00:00-05:00,99.94435185295079,102.84791239328172,98.76525719424058,102.23355102539062,34658000,0.0,0.0
2021-02-24 00:00:00-05:00,100.74081884482054,103.63296773706675,100.61626404849291,103.4091567993164,22608000,0.0,0.0
2021-02-25 00:00:00-05:00,102.02562057484711,103.36897091511271,99.57215821309238,100.04161071777344,41548000,0.0,0.0
2021-02-26 00:00:00-05:00,100.7363652714973,102.05490166561077,99.30021775417421,100.3373794555664,40042000,0.0,0.0
2021-03-01 00:00:00-05:00,101.63209913010583,103.03301325641854,100.95819013474573,102.70697784423828,26060000,0.0,0.0
2021-03-02 00:00:00-05:00,102.46778343065205,103.95157512845779,102.06235368431534,102.44992065429688,25564000,0.0,0.0
2021-03-03 00:00:00-05:00,101.82812222319419,103.02110427360444,98.95234399009125,99.81632232666016,33892000,0.0,0.0
2021-03-04 00:00:00-05:00,99.98802727764506,102.95163541392552,99.51956667031071,100.93388366699219,49216000,0.0,0.0
2021-03-05 00:00:00-05:00,102.28466284780541,104.52026594581169,100.62867233193391,104.06719207763672,53100000,0.0,0.0
2021-03-08 00:00:00-05:00,103.42158052102567,104.89444552557276,99.50764868129858,99.62228393554688,36868000,0.0,0.0
2021-03-09 00:00:00-05:00,101.71895233828384,102.42213544106293,101.0167536191557,101.25296783447266,33920000,0.0,0.0
2021-03-10 00:00:00-05:00,102.2970659351344,102.2970659351344,100.20933995964218,101.0460205078125,27100000,0.0,0.0
2021-03-11 00:00:00-05:00,102.13926584834769,104.77187091897011,102.05142854718905,104.23939514160156,27702000,0.0,0.0
2021-03-12 00:00:00-05:00,103.04193910173277,103.1014867304404,100.85893242281475,101.73133850097656,33818000,0.0,0.0
2021-03-15 00:00:00-04:00,101.48223051757223,101.97897318600187,100.62917885594194,101.9516830444336,26168000,0.0,0.0
2021-03-16 00:00:00-04:00,102.52484679250944,104.89146380814894,102.19235989786293,103.41313934326172,31900000,0.0,0.0
2021-03-17 00:00:00-04:00,102.64792444093051,104.16297408675445,101.43955571786044,103.33026885986328,26382000,0.0,0.0
2021-03-18 00:00:00-04:00,101.64102887234584,102.66181951662611,100.2019054886591,100.30909729003906,31700000,0.0,0.0
2021-03-19 00:00:00-04:00,100.72545519221457,101.08820812478666,99.39549992944659,100.5879898071289,46072000,0.0,0.0
2021-03-22 00:00:00-04:00,100.62123402558689,101.64896832220467,99.94484136557821,100.77308654785156,33536000,0.0,0.0
2021-03-23 00:00:00-04:00,101.23261124865263,102.43155255458386,100.6395958801365,101.30109405517578,28510000,0.0,0.0
2021-03-24 00:00:00-04:00,101.81868694086641,102.6047475271792,100.6892203526668,100.8644027709961,25218000,0.0,0.0
2021-03-25 00:00:00-04:00,100.69170066123667,101.51497849194996,99.05605651294476,100.86092376708984,35616000,0.0,0.0
2021-03-26 00:00:00-04:00,100.82766746682842,101.20481507110642,99.44114060264995,100.4773178100586,27978000,0.0,0.0
2021-03-29 00:00:00-04:00,100.34977968394811,101.69213801960343,99.52054260203612,101.52241516113281,26492000,0.0,0.0
2021-03-30 00:00:00-04:00,101.87922713070152,102.36009090991652,101.04403828817071,101.55616760253906,27312000,0.0,0.0
2021-03-31 00:00:00-04:00,101.94969987021643,103.53075620217572,101.58247178886016,102.35265350341797,42570000,0.0,0.0
2021-04-01 00:00:00-04:00,103.82800630103871,105.98669127491928,103.78731339954884,105.6904296875,39880000,0.0,0.0
2021-04-05 00:00:00-04:00,106.55242264996384,110.61373952658637,106.45614993329092,110.11599731445312,48510000,0.0,0.0
2021-04-06 00:00:00-04:00,109.71699842015165,110.56459803705717,109.26392456117935,109.6346206665039,35240000,0.0,0.0
2021-04-07 00:00:00-04:00,109.82519791468398,111.3834241955768,109.82519791468398,111.11197662353516,24134000,0.0,0.0
2021-04-08 00:00:00-04:00,112.35110546289924,112.73768803911382,111.30947619166977,111.67769622802734,28664000,0.0,0.0
2021-04-09 00:00:00-04:00,111.43006856726271,112.84586958165409,111.02413150339015,112.6821060180664,26146000,0.0,0.0
2021-04-12 00:00:00-04:00,111.86081020287733,111.99826800652428,110.5556690671648,111.38937377929688,25024000,0.0,0.0
2021-04-13 00:00:00-04:00,111.7054829333092,112.32480405880901,111.31145691408278,111.87619018554688,25682000,0.0,0.0
2021-04-14 00:00:00-04:00,112.52132265803313,112.52132265803313,110.96260423492673,111.25489044189453,21002000,0.0,0.0
2021-04-15 00:00:00-04:00,112.24937512425728,113.93910731506152,111.71441568076216,113.40563201904297,29174000,0.0,0.0
2021-04-16 00:00:00-04:00,113.60364566317921,113.85177090924829,112.69451439811739,113.28157806396484,26282000,0.0,0.0
2021-04-19 00:00:00-04:00,112.65779320044837,114.34057420260662,112.65779320044837,113.62944793701172,30290000,0.0,0.0
2021-04-20 00:00:00-04:00,114.0130523362759,114.08798664621497,112.00969537265847,113.09598541259766,22288000,0.0,0.0
2021-04-21 00:00:00-04:00,112.75059219366896,113.14511042002438,111.39929855085491,113.063232421875,23204000,0.0,0.0
2021-04-22 00:00:00-04:00,112.91683621189621,113.58578546454932,111.17599162675704,111.78141784667969,24146000,0.0,0.0
2021-04-23 00:00:00-04:00,112.49997995220494,114.44131306155018,112.21463744660008,114.1341323852539,29066000,0.0,0.0
2021-04-26 00:00:00-04:00,114.36191465854154,115.35491539207553,114.0046137037265,114.63038635253906,32038000,0.0,0.0
2021-04-27 00:00:00-04:00,115.01250671329818,115.05319961841374,113.45080478980682,113.69000244140625,44386000,0.0,0.0
2021-04-28 00:00:00-04:00,118.72791724786315,120.65733919240779,116.77864861756532,117.06746673583984,81106000,0.0,0.0
2021-04-29 00:00:00-04:00,118.56563938835144,119.30653937645681,117.80240146816051,118.74081420898438,41234000,0.0,0.0
2021-04-30 00:00:00-04:00,117.51311042017052,118.19942267241335,116.44815879879016,116.79255676269531,44856000,0.0,0.0
2021-05-03 00:00:00-04:00,117.35876574374358,118.18452723288044,115.89929599373691,116.27545166015625,28242000,0.0,0.0
2021-05-04 00:00:00-04:00,114.81002610533777,115.37773525338912,111.98785142103567,114.47654724121094,44818000,0.0,0.0
2021-05-05 00:00:00-04:00,115.558371229532,115.87447949341325,114.54849975152723,114.87056732177734,26636000,0.0,0.0
2021-05-06 00:00:00-04:00,114.45173268147272,115.99110412597656,113.7922184104356,115.99110412597656,25190000,0.0,0.0
2021-05-07 00:00:00-04:00,117.30816048876812,117.6733970925237,116.4283032840996,116.71463775634766,28898000,0.0,0.0
2021-05-10 00:00:00-04:00,115.5340544612841,115.67598742632394,113.37040211218113,113.72820281982422,30914000,0.0,0.0
2021-05-11 00:00:00-04:00,111.31246512837205,113.15900979976799,110.85839167705417,112.65184020996094,34186000,0.0,0.0
2021-05-12 00:00:00-04:00,110.47479374412886,111.55612402772708,108.85850395774958,109.18751525878906,46376000,0.0,0.0
2021-05-13 00:00:00-04:00,110.47131735337267,111.13232339055422,109.50859016058438,110.61622619628906,33204000,0.0,0.0
2021-05-14 00:00:00-04:00,112.08016237235324,113.37934430353187,111.65636250684874,113.0647201538086,31996000,0.0,0.0
2021-05-17 00:00:00-04:00,112.32975663054633,113.63043010621978,111.92977890258439,113.58775329589844,21598000,0.0,0.0
2021-05-18 00:00:00-04:00,114.2542271454535,114.51873100821115,112.26128204938492,112.27517700195312,22204000,0.0,0.0
2021-05-19 00:00:00-04:00,110.58594292832795,112.89648041648023,110.43756603914663,112.7232894897461,23684000,0.0,0.0
2021-05-20 00:00:00-04:00,113.69098569300493,114.73310713657823,113.31978979628988,114.48250579833984,32352000,0.0,0.0
2021-05-21 00:00:00-04:00,115.00157068390298,115.07502083676242,113.60660840966908,113.84629821777344,40632000,0.0,0.0
2021-05-24 00:00:00-04:00,114.87652646965049,117.39052855183634,114.73112544261134,117.1667251586914,31832000,0.0,0.0
2021-05-25 00:00:00-04:00,117.71061174116315,118.30611079968943,116.86698744390246,117.25753784179688,22440000,0.0,0.0
2021-05-26 00:00:00-04:00,117.43867278904202,118.55375229526585,117.4356969215563,118.12300872802734,21572000,0.0,0.0
2021-05-27 00:00:00-04:00,118.55672483396802,118.55672483396802,116.92952356734123,117.24811553955078,35224000,0.0,0.0
2021-05-28 00:00:00-04:00,117.83071530119378,117.91259330430604,116.76030409265299,116.95880126953125,21482000,0.0,0.0
2021-06-01 00:00:00-04:00,117.83168978545551,118.39096348703528,116.83124568620666,118.1661605834961,23354000,0.0,0.0
2021-06-02 00:00:00-04:00,118.56168261975796,118.78450163427122,116.73597664095516,117.6406478881836,21158000,0.0,0.0
2021-06-03 00:00:00-04:00,116.4069589139595,116.96722459641707,115.60253582286343,116.49876403808594,18696000,0.0,0.0
2021-06-04 00:00:00-04:00,117.5751361103478,119.05197647969602,117.23470598588214,118.78102111816406,24458000,0.0,0.0
2021-06-07 00:00:00-04:00,118.57608796930104,119.32393940352989,118.15725542543272,119.21426391601562,24120000,0.0,0.0
2021-06-08 00:00:00-04:00,119.69611425817284,120.06879431068795,118.8410711054014,119.02269744873047,24240000,0.0,0.0
2021-06-09 00:00:00-04:00,119.66733155702187,119.73928242428627,118.94627815938065,119.494140625,17942000,0.0,0.0
2021-06-10 00:00:00-04:00,119.44351508642232,120.88661377093757,119.287694745619,120.84343719482422,25904000,0.0,0.0
2021-06-11 00:00:00-04:00,121.08512403715078,121.17047767072789,120.04101102910597,120.59880065917969,21958000,0.0,0.0
2021-06-14 00:00:00-04:00,120.7010138258984,121.52776727722208,119.99336321142542,121.52727508544922,22098000,0.0,0.0
2021-06-15 00:00:00-04:00,121.5317391337335,121.85479867979801,120.1481955864892,120.50897216796875,21562000,0.0,0.0
2021-06-16 00:00:00-04:00,120.66032532200343,120.97197359175446,118.57409090880724,119.8668212890625,26472000,0.0,0.0
2021-06-17 00:00:00-04:00,119.79238984947777,121.60370111962469,119.59636878457852,120.8305435180664,25842000,0.0,0.0
2021-06-18 00:00:00-04:00,120.45684387266438,120.69107412688302,119.11498536816008,119.21026611328125,46116000,0.0,0.0
2021-06-21 00:00:00-04:00,119.59686719825068,121.08511889610858,118.99937664421553,120.8990249633789,27414000,0.0,0.0
2021-06-22 00:00:00-04:00,120.83698717040798,121.48211428370058,120.15613450667915,121.41313171386719,22390000,0.0,0.0
2021-06-23 00:00:00-04:00,121.17791693257503,122.17240182650191,120.92086408491839,121.21116638183594,19148000,0.0,0.0
2021-06-24 00:00:00-04:00,121.779864655628,122.13269801966713,121.38287032972356,121.58136749267578,21362000,0.0,0.0
2021-06-25 00:00:00-04:00,121.08511210446201,121.71336839672355,120.65337662784323,121.58979797363281,34594000,0.0,0.0
2021-06-28 00:00:00-04:00,121.75851393538643,121.86422157689813,120.49506530954162,121.6170883178711,28526000,0.0,0.0
2021-06-29 00:00:00-04:00,121.75059355767355,122.09846715134644,120.77843902634659,121.35557556152344,23108000,0.0,0.0
2021-06-30 00:00:00-04:00,121.07965376613676,121.34018980324502,120.44445377750469,121.17394256591797,24474000,0.0,0.0
2021-07-01 00:00:00-04:00,120.81216599383819,121.66770125283853,120.62012034809396,121.52627563476562,18110000,0.0,0.0
2021-07-02 00:00:00-04:00,122.22649752476075,124.46359255881022,122.13667630698805,124.31819152832031,25982000,0.0,0.0
2021-07-06 00:00:00-04:00,124.70626257188695,125.47991996172436,123.64825460993833,125.24370574951172,26404000,0.0,0.0
2021-07-07 00:00:00-04:00,126.208410278611,126.32948945977284,125.20697413933541,125.52556610107422,24060000,0.0,0.0
2021-07-08 00:00:00-04:00,123.0959213892183,124.6536477834332,123.09195356628405,124.10628509521484,23790000,0.0,0.0
2021-07-09 00:00:00-04:00,124.08743338198082,124.7916083872216,123.61748109045698,124.57723236083984,18632000,0.0,0.0
2021-07-12 00:00:00-04:00,125.23178767794647,126.11660464739363,124.66903830023149,126.02330780029297,17668000,0.0,0.0
2021-07-13 00:00:00-04:00,126.08581413035184,127.09716968553306,125.72454540468364,126.38654327392578,19240000,0.0,0.0
2021-07-14 00:00:00-04:00,126.99843774774149,128.3566826384462,126.95526116951177,127.27534484863281,23742000,0.0,0.0
2021-07-15 00:00:00-04:00,127.6842658802635,127.73487834381639,125.58115294607605,126.0525894165039,24218000,0.0,0.0
2021-07-16 00:00:00-04:00,126.70564909050017,126.8530340257524,125.20747031972039,126.0178451538086,20424000,0.0,0.0
2021-07-19 00:00:00-04:00,125.14394623897842,125.2585814894931,122.57882443943065,123.64378356933594,27968000,0.0,0.0
2021-07-20 00:00:00-04:00,124.58616145014766,126.09029957274659,123.41799344616328,125.26305389404297,26312000,0.0,0.0
2021-07-21 00:00:00-04:00,125.18760935637495,126.63914341310972,125.07843365340196,126.59249877929688,20746000,0.0,0.0
2021-07-22 00:00:00-04:00,126.88528161966792,127.51948960821602,126.54286761164278,127.45844268798828,14302000,0.0,0.0
2021-07-23 00:00:00-04:00,129.4524101224055,132.39865543395226,128.82714473165672,132.0175323486328,41506000,0.0,0.0
2021-07-26 00:00:00-04:00,132.32866235257328,133.23034251225275,131.3093559344711,133.0298614501953,30572000,0.0,0.0
2021-07-27 00:00:00-04:00,133.2437410108282,133.39112593555546,129.12833653384382,130.91085815429688,54710000,0.0,0.0
2021-07-28 00:00:00-04:00,135.28979281293505,137.2599079039197,134.26305040717065,135.07342529296875,95130000,0.0,0.0
2021-07-29 00:00:00-04:00,135.1290120798476,135.63618169208738,134.52656927251087,134.75930786132812,31716000,0.0,0.0
2021-07-30 00:00:00-04:00,134.0223752606491,134.2898550052644,133.24822569744882,133.7161865234375,25576000,0.0,0.0
2021-08-02 00:00:00-04:00,134.10374439184372,134.32159603083082,132.79066767952273,133.8432159423828,21634000,0.0,0.0
2021-08-03 00:00:00-04:00,134.12160154439192,134.71412469345836,132.31972539676443,134.61289978027344,20762000,0.0,0.0
2021-08-04 00:00:00-04:00,134.33450184746084,134.63225514353746,133.47846680037628,134.1121826171875,19676000,0.0,0.0
2021-08-05 00:00:00-04:00,134.66303433806044,135.3275236015208,133.8347890656251,135.22975158691406,17870000,0.0,0.0
2021-08-06 00:00:00-04:00,135.0218328558006,135.44910079449588,134.196071269819,134.72059631347656,20488000,0.0,0.0
2021-08-09 00:00:00-04:00,134.92304934714446,136.15523997949722,134.32455935046355,135.88626098632812,17760000,0.0,0.0
2021-08-10 00:00:00-04:00,136.3120586436504,136.739341684584,135.3418956435353,135.7810821533203,19414000,0.0,0.0
2021-08-11 00:00:00-04:00,136.15276271111506,136.6499975345085,135.2495832758659,135.2570343017578,15352000,0.0,0.0
2021-08-12 00:00:00-04:00,134.95579303808665,136.27036900891522,134.40992968897953,136.1651611328125,16506000,0.0,0.0
2021-08-13 00:00:00-04:00,136.22075907791498,136.82271722045272,136.00539109097147,136.69467163085938,15948000,0.0,0.0
2021-08-16 00:00:00-04:00,136.49370638192505,137.3249351316468,134.28440101461297,137.27232360839844,22384000,0.0,0.0
2021-08-17 00:00:00-04:00,136.7169958893501,137.2286329994701,135.06150515244326,135.63665771484375,21716000,0.0,0.0
2021-08-18 00:00:00-04:00,135.47638678008008,136.0763610262698,134.30672701456993,134.4332733154297,19258000,0.0,0.0
2021-08-19 00:00:00-04:00,133.42736229214302,135.32997885564367,133.2432522758854,134.6625213623047,21782000,0.0,0.0
2021-08-20 00:00:00-04:00,134.9801260855952,136.52247337439283,134.23575039027023,136.39891052246094,31194000,0.0,0.0
2021-08-23 00:00:00-04:00,136.93486475189124,139.8180789523817,136.57557987363364,138.9913330078125,28454000,0.0,0.0
2021-08-24 00:00:00-04:00,139.55702905815937,141.01452236958926,139.28608129387433,140.20216369628906,19268000,0.0,0.0
2021-08-25 00:00:00-04:00,140.56295954298056,141.12322528868177,140.31583381143977,141.0135498046875,15848000,0.0,0.0
2021-08-26 00:00:00-04:00,140.6870101446203,141.34950029059405,140.29695193911797,140.3798370361328,20610000,0.0,0.0
2021-08-27 00:00:00-04:00,140.59023537546233,143.42878866169718,140.43589917778093,142.92410278320312,28780000,0.0,0.0
2021-08-30 00:00:00-04:00,143.31711771847773,144.8758510974579,143.08189549994657,143.50619506835938,24434000,0.0,0.0
2021-08-31 00:00:00-04:00,144.05853400521448,144.08284070648722,143.1990308749765,143.61239624023438,22448000,0.0,0.0
2021-09-01 00:00:00-04:00,143.91264203896188,145.15723608656572,143.79701482675657,144.12652587890625,21936000,0.0,0.0
2021-09-02 00:00:00-04:00,144.12704464538862,144.42826606699765,142.11126907465723,142.21250915527344,32342000,0.0,0.0
2021-09-03 00:00:00-04:00,142.0075510389245,143.0739868689535,141.33264245354516,142.66160583496094,19850000,0.0,0.0
2021-09-07 00:00:00-04:00,142.75586232811756,143.48088345011595,142.5419785225867,143.19851684570312,20124000,0.0,0.0
2021-09-08 00:00:00-04:00,143.0194090417109,143.31714724471485,141.92765181614863,142.61346435546875,18344000,0.0,0.0
2021-09-09 00:00:00-04:00,142.76183791118086,143.22831458600484,142.10381533079317,142.46458435058594,15314000,0.0,0.0
2021-09-10 00:00:00-04:00,143.13103101123474,143.63324834342055,139.6825992095329,139.81956481933594,36840000,0.0,0.0
2021-09-13 00:00:00-04:00,140.8850133140272,141.87801407207704,140.19076541104684,141.26515197753906,22094000,0.0,0.0
2021-09-14 00:00:00-04:00,141.9231620681561,142.28791402642847,140.68700352159263,141.4755401611328,19674000,0.0,0.0
2021-09-15 00:00:00-04:00,141.70083390468355,143.36724367006724,140.28751670074934,143.34640502929688,27408000,0.0,0.0
2021-09-16 00:00:00-04:00,142.871012257135,143.21789389256512,141.33363224313416,142.53306579589844,26190000,0.0,0.0
2021-09-17 00:00:00-04:00,141.95792882832896,142.37427770292902,139.4166287082116,139.74415588378906,53384000,0.0,0.0
2021-09-20 00:00:00-04:00,137.12541555299168,137.95762854767855,135.29971724995474,137.67922973632812,46518000,0.0,0.0
2021-09-21 00:00:00-04:00,138.70150564295537,138.961549489437,137.24104391217074,137.99038696289062,25332000,0.0,0.0
2021-09-22 00:00:00-04:00,138.25934422526794,139.83046573683288,137.51248488570442,139.2314910888672,25056000,0.0,0.0
2021-09-23 00:00:00-04:00,139.93024135046866,140.6339242140277,139.34863720343068,140.1570281982422,20952000,0.0,0.0
2021-09-24 00:00:00-04:00,139.48458758729717,141.26315661492927,139.18931795972466,141.1485137939453,22984000,0.0,0.0
2021-09-27 00:00:00-04:00,139.74860330168596,140.87410203574274,139.01713059177794,140.01409912109375,21882000,0.0,0.0
2021-09-28 00:00:00-04:00,137.61522900485204,138.0534160284958,134.3449399306605,134.81141662597656,45772000,0.0,0.0
2021-09-29 00:00:00-04:00,135.952776944704,136.1224998181307,132.86114615387476,133.34597778320312,30848000,0.0,0.0
2021-09-30 00:00:00-04:00,133.25465763125644,134.526041888036,132.55444295249788,132.6735382080078,37996000,0.0,0.0
2021-10-01 00:00:00-04:00,133.43925271047587,135.8837949065538,133.06756465527477,135.51904296875,35360000,0.0,0.0
2021-10-04 00:00:00-04:00,134.94092038251742,134.94092038251742,130.06725246602704,132.6571807861328,51202000,0.0,0.0
2021-10-05 00:00:00-04:00,133.03579845695447,136.1954268956084,133.03579845695447,135.0029296875,32404000,0.0,0.0
2021-10-06 00:00:00-04:00,133.73949382505162,136.71699647050733,133.54099667756023,136.53338623046875,24364000,0.0,0.0
2021-10-07 00:00:00-04:00,137.850443401675,138.99182860687787,137.61125333266637,138.1809539794922,25110000,0.0,0.0
2021-10-08 00:00:00-04:00,138.53029594438388,139.2786394526992,138.17349477354347,138.73724365234375,26526000,0.0,0.0
2021-10-11 00:00:00-04:00,138.24742464561874,139.6567739216989,137.8176580005515,137.87225341796875,17954000,0.0,0.0
2021-10-12 00:00:00-04:00,138.43399581907184,138.46080133466256,134.74189193888736,135.4257354736328,36332000,0.0,0.0
2021-10-13 00:00:00-04:00,136.3721194131422,136.96514241440264,135.49524559946482,136.55027770996094,19654000,0.0,0.0
2021-10-14 00:00:00-04:00,138.42808787011938,140.27760845343832,137.78395264117304,140.09251403808594,31894000,0.0,0.0
2021-10-15 00:00:00-04:00,140.55251849051083,140.65524269555343,139.69946688773342,140.307861328125,30274000,0.0,0.0
2021-10-18 00:00:00-04:00,140.01855803335158,141.7251609960852,140.01160677138375,141.70729064941406,20396000,0.0,0.0
2021-10-19 00:00:00-04:00,142.3122411781201,142.58518805329703,141.53065568841217,142.16287231445312,20164000,0.0,0.0
2021-10-20 00:00:00-04:00,142.2631058944433,142.4695538565035,140.3163131219319,140.70587158203125,23288000,0.0,0.0
2021-10-21 00:00:00-04:00,140.70586399440023,141.08997046295738,139.44638307898973,140.82199096679688,26292000,0.0,0.0
2021-10-22 00:00:00-04:00,138.10650299028052,139.52875553803523,135.03571082515822,136.53488159179688,50588000,0.0,0.0
2021-10-25 00:00:00-04:00,136.51849946532073,136.9651218337323,134.40843556139117,136.41627502441406,34412000,0.0,0.0
2021-10-26 00:00:00-04:00,138.21914848241224,139.0324915543169,137.26734051447318,138.26380920410156,49236000,0.0,0.0
2021-10-27 00:00:00-04:00,138.35958967330268,147.5352558412774,138.35958967330268,145.12100219726562,85782000,0.0,0.0
2021-10-28 00:00:00-04:00,146.03114674370437,146.0544690636937,143.54244317975258,144.75527954101562,36206000,0.0,0.0
2021-10-29 00:00:00-04:00,143.99006104419053,147.13033561970673,143.56477703683294,146.93580627441406,43320000,0.0,0.0
2021-11-01 00:00:00-04:00,146.93579626429255,146.93579626429255,142.15143480145554,142.4208984375,46924000,0.0,0.0
2021-11-02 00:00:00-04:00,143.49530344337282,145.50957959342554,143.2531299166972,144.34190368652344,33482000,0.0,0.0
2021-11-03 00:00:00-04:00,144.8063933276679,145.56913921007816,143.50671917135764,145.49867248535156,27494000,0.0,0.0
2021-11-04 00:00:00-04:00,146.02117542457893,148.61061864605935,145.21080072997935,147.15560913085938,38412000,0.0,0.0
2021-11-05 00:00:00-04:00,148.05085702722778,149.20017778946539,147.08566141589458,147.73574829101562,38354000,0.0,0.0
2021-11-08 00:00:00-05:00,148.70144323665562,149.48552742281953,147.31740001470018,147.9134063720703,23052000,0.0,0.0
2021-11-09 00:00:00-05:00,148.11388298473145,148.71087370768657,146.1407847267169,147.80174255371094,19530000,0.0,0.0
2021-11-10 00:00:00-05:00,146.39386678096102,146.95959950154307,143.4535892431892,144.79940795898438,29970000,0.0,0.0
2021-11-11 00:00:00-05:00,145.39095562609714,146.42911672786738,144.50861485628576,144.67337036132812,16518000,0.0,0.0
2021-11-12 00:00:00-05:00,145.5160161174187,147.73377171558494,144.3205504253786,147.56304931640625,22360000,0.0,0.0
2021-11-15 00:00:00-05:00,147.78385275308187,148.4279877880101,146.46829254773198,147.33871459960938,23508000,0.0,0.0
2021-11-16 00:00:00-05:00,147.03852213551875,147.64691660374896,146.20779328379493,146.76707458496094,18904000,0.0,0.0
2021-11-17 00:00:00-05:00,146.91742834177577,147.44543653660836,146.13584294303453,146.93678283691406,19594000,0.0,0.0
2021-11-18 00:00:00-05:00,147.1298197269716,149.45128376291623,146.77550224440623,148.71484375,35608000,0.0,0.0
2021-11-19 00:00:00-05:00,148.850821889898,149.83440281847206,147.78240224110786,147.8096923828125,33682000,0.0,0.0
2021-11-22 00:00:00-05:00,148.2126562711061,148.70592331969485,145.05154308495818,145.2048797607422,30594000,0.0,0.0
2021-11-23 00:00:00-05:00,145.05700179836145,145.5602035724951,143.03429028793806,144.68878173828125,27218000,0.0,0.0
2021-11-24 00:00:00-05:00,144.38257946964197,145.1527611600918,143.29033776996786,145.02423095703125,18040000,0.0,0.0
2021-11-26 00:00:00-05:00,143.26603338725357,143.47346574331712,140.7788290261977,141.1167755126953,30470000,0.0,0.0
2021-11-29 00:00:00-05:00,142.92013818734432,145.2004097478787,142.81443053508832,144.4391632080078,32596000,0.0,0.0
2021-11-30 00:00:00-05:00,143.92106736043897,144.90513286079363,140.53961906199348,140.83340454101562,42068000,0.0,0.0
2021-12-01 00:00:00-05:00,142.92015005272097,144.85602381982557,139.85530937917687,139.99375915527344,34020000,0.0,0.0
2021-12-02 00:00:00-05:00,140.1907403286436,142.78563565182435,139.1629985850342,141.8938751220703,29194000,0.0,0.0
2021-12-03 00:00:00-05:00,142.60350921008813,143.31711147989998,139.24885161266536,140.9365997314453,41230000,0.0,0.0
2021-12-06 00:00:00-05:00,141.96782338203911,142.77373060812116,139.09899659163847,142.0814666748047,30618000,0.0,0.0
2021-12-07 00:00:00-05:00,144.50465719357044,146.4246594362263,144.13842108192705,146.1651153564453,32240000,0.0,0.0
2021-12-08 00:00:00-05:00,146.48963874269842,147.2801743412199,145.30807576575117,147.07521057128906,24270000,0.0,0.0
2021-12-09 00:00:00-05:00,146.48421241020347,147.98189902251838,146.01178401342344,146.53135681152344,23270000,0.0,0.0
2021-12-10 00:00:00-05:00,147.5848649416656,147.86028027717262,145.60383117735927,146.8916015625,24458000,0.0,0.0
2021-12-13 00:00:00-05:00,146.67325115189786,146.86034457967102,144.426236973576,144.73292541503906,27070000,0.0,0.0
2021-12-14 00:00:00-05:00,142.88835171567422,143.3965055624239,140.15599118684247,142.8278045654297,38446000,0.0,0.0
2021-12-15 00:00:00-05:00,142.33355877435457,145.62071825548696,140.61553692266676,145.3428192138672,36370000,0.0,0.0
2021-12-16 00:00:00-05:00,146.0668723499837,146.56957435647965,142.5300879554228,143.36181640625,33650000,0.0,0.0
2021-12-17 00:00:00-05:00,141.43136775160448,142.75586325436495,140.24036978888418,140.6621856689453,50416000,0.0,0.0
2021-12-20 00:00:00-05:00,138.95013079239632,140.7113292733153,138.27622180996892,140.54507446289062,27192000,0.0,0.0
2021-12-21 00:00:00-05:00,140.988241195714,142.7901327368822,139.4488771998358,142.3966064453125,28756000,0.0,0.0
2021-12-22 00:00:00-05:00,141.9946312572679,145.4013858438992,141.9946312572679,145.3170166015625,26322000,0.0,0.0
2021-12-23 00:00:00-05:00,145.40139302599,147.1318182358359,145.3537488598615,145.8147735595703,26384000,0.0,0.0
2021-12-27 00:00:00-05:00,146.15171345394464,147.23155191988448,146.06586006399732,146.79733276367188,15976000,0.0,0.0
2021-12-28 00:00:00-05:00,147.12437040398524,147.18690148034136,144.9592413503814,145.5869903564453,18200000,0.0,0.0
2021-12-29 00:00:00-05:00,145.54481749410752,146.31153120052826,144.55529990736875,145.55523681640625,17788000,0.0,0.0
2021-12-30 00:00:00-05:00,145.59392492050907,146.19538324277852,144.89967709451196,145.1041259765625,15688000,0.0,0.0
2021-12-31 00:00:00-05:00,144.95477660937993,145.59841206525712,143.76576232910156,143.76576232910156,18136000,0.0,0.0
2022-01-03 00:00:00-05:00,143.96722101651818,144.75725699875156,142.6352894390565,143.90420532226562,28646000,0.0,0.0
2022-01-04 00:00:00-05:00,144.3056527999595,145.3864907314866,142.63875836947292,143.31663513183594,28400000,0.0,0.0
2022-01-05 00:00:00-05:00,143.3369947744093,143.41589690893608,136.65548327199204,136.7418212890625,54618000,0.0,0.0
2022-01-06 00:00:00-05:00,135.97114712472833,138.89058651246134,135.5344442800259,136.7145233154297,37348000,0.0,0.0
2022-01-07 00:00:00-05:00,137.109533589017,137.41027034450386,134.74837599268508,135.989501953125,29760000,0.0,0.0
2022-01-10 00:00:00-05:00,134.0650788804133,137.77852293725007,132.16592990972572,137.629638671875,44408000,0.0,0.0
2022-01-11 00:00:00-05:00,136.9720572731655,139.16449110666082,135.6674161037568,138.68807983398438,28730000,0.0,0.0
2022-01-12 00:00:00-05:00,140.09150474264098,141.53857889929625,139.63943036795163,140.36990356445312,26108000,0.0,0.0
2022-01-13 00:00:00-05:00,140.47857244926956,141.77876136551572,137.37105536435357,137.5477294921875,31436000,0.0,0.0
2022-01-14 00:00:00-05:00,136.05102908212427,139.68656954146815,135.97114257121223,138.4345245361328,29662000,0.0,0.0
2022-01-18 00:00:00-05:00,135.15380874741192,136.10313304122235,134.42283585614052,134.97813415527344,34872000,0.0,0.0
2022-01-19 00:00:00-05:00,135.49970276827796,136.92493874451395,134.00301568869605,134.10325622558594,28648000,0.0,0.0
2022-01-20 00:00:00-05:00,135.2282544434575,136.59394277770195,131.96738542394968,132.3078155517578,29908000,0.0,0.0
2022-01-21 00:00:00-05:00,131.59918447816986,133.85413470989914,129.11098076605415,129.37399291992188,55652000,0.0,0.0
2022-01-24 00:00:00-05:00,125.03329091598978,130.21911482681233,123.56637755178818,129.82310485839844,76622000,0.0,0.0
2022-01-25 00:00:00-05:00,127.77458065092937,128.42863539946603,125.55187278454918,125.98310852050781,46960000,0.0,0.0
2022-01-26 00:00:00-05:00,130.13572850778058,132.00261942561787,126.18854746933454,128.2638702392578,49130000,0.0,0.0
2022-01-27 00:00:00-05:00,130.3193534803954,131.65773660980562,127.9656316406239,128.03759765625,31950000,0.0,0.0
2022-01-28 00:00:00-05:00,128.68666808776362,132.35644978053813,127.52147605383999,132.35098266601562,34362000,0.0,0.0
2022-01-31 00:00:00-05:00,133.15589912842472,134.4570723226851,131.2180418602811,134.28883361816406,39986000,0.0,0.0
2022-02-01 00:00:00-05:00,136.56264232731135,136.75965530146428,133.3608369631448,136.6117706298828,68644000,0.0,0.0
2022-02-02 00:00:00-05:00,150.11574912715602,150.41001919927737,144.4312073402563,146.89012145996094,123200000,0.0,0.0
2022-02-03 00:00:00-05:00,144.61286316505112,148.55259367465578,141.5956515737135,142.0169677734375,71518000,0.0,0.0
2022-02-04 00:00:00-05:00,142.36879793327233,143.78856670322708,139.46126220909318,142.2184295654297,57998000,0.0,0.0
2022-02-07 00:00:00-05:00,143.1682685356502,143.1682685356502,137.85838215439898,138.15713500976562,54974000,0.0,0.0
2022-02-08 00:00:00-05:00,137.98393352600814,138.95012868811895,135.98652845498887,138.3536376953125,54284000,0.0,0.0
2022-02-09 00:00:00-05:00,139.90640076704875,141.45569926676154,139.13571933998102,140.53018188476562,40144000,0.0,0.0
2022-02-10 00:00:00-05:00,138.65584550663925,140.42348014805845,136.92243712049645,137.58045959472656,39330000,0.0,0.0
2022-02-11 00:00:00-05:00,137.56065622822797,138.1129712080033,132.39963847863444,133.27552795410156,39958000,0.0,0.0
2022-02-14 00:00:00-05:00,132.25720762086638,135.27788715232825,132.25720762086638,134.5096893310547,34302000,0.0,0.0
2022-02-15 00:00:00-05:00,136.53883693718322,137.072811977897,134.80295993792927,135.5840606689453,26680000,0.0,0.0
2022-02-16 00:00:00-05:00,135.62175662456144,137.0504603980628,133.91217040703242,136.705078125,25022000,0.0,0.0
2022-02-17 00:00:00-05:00,135.22129248130244,136.08526315724788,131.48502706977027,131.54507446289062,38950000,0.0,0.0
2022-02-18 00:00:00-05:00,132.46612837230094,133.06461847926178,129.2201611900481,129.42510986328125,45620000,0.0,0.0
2022-02-22 00:00:00-05:00,128.8643182954154,131.18925024339552,127.26192379084993,128.8400115966797,44990000,0.0,0.0
2022-02-23 00:00:00-05:00,130.6612537057356,131.06073168464098,126.5711553027141,126.6312026977539,32786000,0.0,0.0
2022-02-24 00:00:00-05:00,124.01645216954687,132.00261130443673,124.01645216954687,131.6959228515625,54456000,0.0,0.0
2022-02-25 00:00:00-05:00,132.55047613745694,134.25707905584127,130.76347180550337,133.451171875,36406000,0.0,0.0
2022-02-28 00:00:00-05:00,132.05226662425127,134.73350055558737,131.59819315726125,134.04421997070312,38864000,0.0,0.0
2022-03-01 00:00:00-05:00,133.86704226332247,135.23371506860198,132.21950209052739,133.05616760253906,26496000,0.0,0.0
2022-03-02 00:00:00-05:00,133.61841172309505,134.24814455333347,132.07358086324874,133.5623321533203,23520000,0.0,0.0
2022-03-03 00:00:00-05:00,134.99004795968622,135.41633147676816,132.02793179963612,132.8953857421875,24604000,0.0,0.0
2022-03-04 00:00:00-05:00,131.93066729654552,132.84773411932804,129.36007848583986,130.9173126220703,30430000,0.0,0.0
2022-03-07 00:00:00-05:00,130.50196658252938,130.7471083714347,125.34790098196343,125.43077850341797,45112000,0.0,0.0
2022-03-08 00:00:00-05:00,125.3032523689752,130.26575741329103,124.7320675537548,126.1513442993164,40428000,0.0,0.0
2022-03-09 00:00:00-05:00,130.26573904313827,132.73260407205578,128.92635657630487,132.41946411132812,37026000,0.0,0.0
2022-03-10 00:00:00-05:00,130.2816588873068,132.27261286969292,129.9308093767151,131.43643188476562,27102000,0.0,0.0
2022-03-11 00:00:00-05:00,132.48747149297876,132.79217610039157,128.65940026907458,128.8966064453125,31526000,0.0,0.0
2022-03-14 00:00:00-04:00,129.27325808126395,129.43106235138268,124.335567012558,125.0064926147461,38812000,0.0,0.0
2022-03-15 00:00:00-04:00,126.02378891344858,128.8807121292498,124.77770327867377,128.2291259765625,30920000,0.0,0.0
2022-03-16 00:00:00-04:00,129.75262441968042,132.33311772405185,127.76910672795162,132.28102111816406,35576000,0.0,0.0
2022-03-17 00:00:00-04:00,132.15052949185468,133.07504752697196,131.19375395981208,132.83535766601562,28264000,0.0,0.0
2022-03-18 00:00:00-04:00,132.42392655212842,135.22228639905342,131.26667022049563,135.10467529296875,44566000,0.0,0.0
2022-03-21 00:00:00-04:00,135.1423878626477,136.0222449574991,133.0869194437915,135.0808563232422,26832000,0.0,0.0
2022-03-22 00:00:00-04:00,135.08087260988333,139.99226524903366,135.08087260988333,138.81912231445312,35496000,0.0,0.0
2022-03-23 00:00:00-04:00,137.66237103767637,138.5417285094916,136.80138367889504,137.2385711669922,25154000,0.0,0.0
2022-03-24 00:00:00-04:00,138.15613908829116,140.55700535804056,136.71751540077963,140.51036071777344,26396000,0.0,0.0
2022-03-25 00:00:00-04:00,140.8517544009212,140.9698652761117,138.68959391227574,140.61058044433594,24126000,0.0,0.0
2022-03-28 00:00:00-04:00,139.84388368780657,140.9376247499745,138.76304562317353,140.3947296142578,35050000,0.0,0.0
2022-03-29 00:00:00-04:00,141.5778077356635,142.71521012259907,140.97336584085934,141.43685913085938,34318000,0.0,0.0
2022-03-30 00:00:00-04:00,141.39167328610918,141.65021781088518,140.53812197630958,140.87408447265625,19884000,0.0,0.0
2022-03-31 00:00:00-04:00,140.9877281817403,141.04232360786241,137.98195087256153,138.02462768554688,37524000,0.0,0.0
2022-04-01 00:00:00-04:00,138.4538680484704,139.41757946432682,137.27030594315084,139.0994873046875,25942000,0.0,0.0
2022-04-04 00:00:00-04:00,139.305971501773,142.63432431956434,139.25832732948422,141.8993682861328,25942000,0.0,0.0
2022-04-05 00:00:00-04:00,141.79761431614833,141.91819372538492,139.32976482705615,139.5366973876953,21418000,0.0,0.0
2022-04-06 00:00:00-04:00,137.70951570655762,138.31544169493338,134.50075823179935,135.52403259277344,32468000,0.0,0.0
2022-04-07 00:00:00-04:00,134.99004046750798,136.13589316323527,133.2209064212302,134.8694610595703,26234000,0.0,0.0
2022-04-08 00:00:00-04:00,134.56675141890017,134.65260481245758,131.96838763466556,132.28797912597656,25142000,0.0,0.0
2022-04-11 00:00:00-04:00,130.83493193049026,131.10191186146784,127.70359309059509,127.85742950439453,36884000,0.0,0.0
2022-04-12 00:00:00-04:00,130.6131276162825,130.6131276162825,125.83820106848967,126.75675964355469,32710000,0.0,0.0
2022-04-13 00:00:00-04:00,127.04012777095205,129.3566247373108,126.78306734700756,128.919921875,27928000,0.0,0.0
2022-04-14 00:00:00-04:00,129.50104202641265,129.50104202641265,125.65161743574774,125.77965545654297,31598000,0.0,0.0
2022-04-18 00:00:00-04:00,126.04761463139059,127.2510159180597,125.2357481055493,126.71903991699219,20808000,0.0,0.0
2022-04-19 00:00:00-04:00,126.73393183820416,129.35561786649717,126.04711985372514,129.0340576171875,26490000,0.0,0.0
2022-04-20 00:00:00-04:00,129.91042868655606,130.41363040865102,126.54386726306718,127.0798110961914,31696000,0.0,0.0
2022-04-21 00:00:00-04:00,128.2807486036101,129.12288118231135,123.59266724701,123.87850952148438,36446000,0.0,0.0
2022-04-22 00:00:00-04:00,124.06263137031225,124.46161721684136,118.0331905145879,118.73835754394531,56884000,0.0,0.0
2022-04-25 00:00:00-04:00,118.20784869517621,122.35302716632054,117.62227679355271,122.15105438232422,46128000,0.0,0.0
2022-04-26 00:00:00-04:00,121.37740906871237,121.59129290122091,117.62228107667312,117.76023864746094,73054000,0.0,0.0
2022-04-27 00:00:00-04:00,113.61108393889343,116.36279188370548,111.89108568755887,113.4374008178711,91820000,0.0,0.0
2022-04-28 00:00:00-04:00,115.54200349366656,118.75224503349594,113.25924819107051,117.63369750976562,48884000,0.0,0.0
2022-04-29 00:00:00-04:00,115.85909917190497,117.03571013783196,112.96099821693325,113.2537841796875,42676000,0.0,0.0
2022-05-02 00:00:00-04:00,112.55456335153875,115.87001248679226,111.75559982416154,115.70873260498047,35534000,0.0,0.0
2022-05-03 00:00:00-04:00,115.55736602616113,117.55378656694414,115.16433956799355,116.45409393310547,24968000,0.0,0.0
2022-05-04 00:00:00-04:00,116.15388567860602,121.93321721937868,114.2527455395523,121.34416961669922,49916000,0.0,0.0
2022-05-05 00:00:00-04:00,119.30259490352549,120.13133234609772,114.14307677894249,115.63182830810547,45840000,0.0,0.0
2022-05-06 00:00:00-04:00,114.32072750015296,116.68982830154226,113.16049515980836,114.87850952148438,39710000,0.0,0.0
2022-05-09 00:00:00-04:00,112.40072341287154,114.2140259534267,111.1605970905631,111.66726684570312,40802000,0.0,0.0
2022-05-10 00:00:00-04:00,114.64130019962774,115.37823243873659,112.05384804886181,113.53713989257812,39900000,0.0,0.0
2022-05-11 00:00:00-04:00,112.38733478952014,115.49187605345283,112.38733478952014,112.7505874633789,37534000,0.0,0.0
2022-05-12 00:00:00-04:00,110.54227032758833,113.437887434489,109.00091505173944,111.99777221679688,53836000,0.0,0.0
2022-05-13 00:00:00-04:00,113.67411472444665,116.9910559293026,112.75307997098307,115.18023681640625,35038000,0.0,0.0
2022-05-16 00:00:00-04:00,114.0934388924006,115.2988317009477,113.03543859089471,113.5867691040039,25990000,0.0,0.0
2022-05-17 00:00:00-04:00,115.96430034993351,116.02335578859825,114.00858018939827,115.59955596923828,23054000,0.0,0.0
2022-05-18 00:00:00-04:00,114.13762296317604,114.5346249053105,110.71894927435922,111.06037139892578,35126000,0.0,0.0
2022-05-19 00:00:00-04:00,110.59588170089891,112.16254342444036,109.17511320648825,109.55623626708984,34144000,0.0,0.0
2022-05-20 00:00:00-04:00,111.11148091743463,111.34224316526112,105.00313796087478,108.09130096435547,48962000,0.0,0.0
2022-05-23 00:00:00-04:00,108.76570147382164,111.3065015318097,107.92554522357145,110.65194702148438,37184000,0.0,0.0
2022-05-24 00:00:00-04:00,104.9788026279136,105.66015500385568,101.12045104597233,105.1753158569336,76780000,0.0,0.0
2022-05-25 00:00:00-04:00,104.19820028544912,105.70134635864694,103.0776689447451,105.01155853271484,40258000,0.0,0.0
2022-05-26 00:00:00-04:00,104.88452423587293,107.83472935545615,104.43591035610642,106.98416137695312,37948000,0.0,0.0
2022-05-27 00:00:00-04:00,108.66198784959495,111.47572725445181,108.32006598746688,111.47423553466797,37914000,0.0,0.0
2022-05-31 00:00:00-04:00,111.90100974803613,114.86710140737668,111.23801982101067,112.90889739990234,50012000,0.0,0.0
2022-06-01 00:00:00-04:00,113.99370924094364,116.22336092906039,112.40074175451693,113.03792572021484,36606000,0.0,0.0
2022-06-02 00:00:00-04:00,113.14510810652334,117.01536355537438,112.09951102289412,116.74044036865234,37992000,0.0,0.0
2022-06-03 00:00:00-04:00,115.19213472594434,115.4491951222644,112.66721372995826,113.68204498291016,26136000,0.0,0.0
2022-06-06 00:00:00-04:00,115.8293229932543,118.45200851593447,115.29287939106017,115.9444580078125,33542000,0.0,0.0
2022-06-07 00:00:00-04:00,114.61451316562906,116.80843927234521,114.18922914451457,116.27099609375,31590000,0.0,0.0
2022-06-08 00:00:00-04:00,115.8859032493853,117.68134325609861,115.7256153068181,116.3151626586914,26108000,0.0,0.0
2022-06-09 00:00:00-04:00,115.45515051267915,117.41187026218664,113.91528690568272,113.9743423461914,25798000,0.0,0.0
2022-06-10 00:00:00-04:00,111.60177178540827,112.42951723475551,109.53835989670536,110.32789611816406,41452000,0.0,0.0
2022-06-13 00:00:00-04:00,105.98569282343811,107.97565433501417,105.32320273539445,105.59465026855469,47252000,0.0,0.0
2022-06-14 00:00:00-04:00,105.73609475699467,107.1151707392392,105.00660593631495,105.91523742675781,33706000,0.0,0.0
2022-06-15 00:00:00-04:00,107.73102307881038,110.58793918733956,106.86209248093752,108.9413833618164,39698000,0.0,0.0
2022-06-16 00:00:00-04:00,106.416937075221,107.83372995527769,104.34955756910561,105.23834228515625,51684000,0.0,0.0
2022-06-17 00:00:00-04:00,105.23835019470714,107.88435809204175,104.25825247727627,106.34002685546875,51376000,0.0,0.0
2022-06-21 00:00:00-04:00,108.11263143059072,111.64594004037723,107.78560405644993,110.70752716064453,47416000,0.0,0.0
2022-06-22 00:00:00-04:00,109.72743298190343,112.49650392931514,109.55473424500163,110.65145111083984,30774000,0.0,0.0
2022-06-23 00:00:00-04:00,111.38986449241077,111.89703403190568,109.67185020461025,111.40028381347656,28362000,0.0,0.0
2022-06-24 00:00:00-04:00,112.14765087738255,117.19352549247178,112.10546625400416,117.09030151367188,41164000,0.0,0.0
2022-06-27 00:00:00-04:00,117.38607170273899,117.69026895389891,114.31576408761653,114.9648666381836,36420000,0.0,0.0
2022-06-28 00:00:00-04:00,114.93408839680073,116.42979107455284,111.0092451116475,111.16754913330078,35792000,0.0,0.0
2022-06-29 00:00:00-04:00,110.71546131167834,112.31189663204833,110.04105259478725,110.86383819580078,24716000,0.0,0.0
2022-06-30 00:00:00-04:00,109.17509230851313,110.05643353831414,105.94946458121616,108.14586639404297,43170000,0.0,0.0
2022-07-01 00:00:00-04:00,107.12360200109673,108.43072706417608,105.93012023346462,107.92207336425781,35476000,0.0,0.0
2022-07-05 00:00:00-04:00,106.29734968195305,112.52677878685982,104.93861261421623,112.41363525390625,39342000,0.0,0.0
2022-07-06 00:00:00-04:00,112.45234149088837,114.72268583730312,110.64003080778706,113.71281433105469,37432000,0.0,0.0
2022-07-07 00:00:00-04:00,114.21700853285823,118.2956881859461,113.97235893217574,117.8922348022461,40936000,0.0,0.0
2022-07-08 00:00:00-04:00,116.37073191522165,118.78746921249528,116.02484225798968,118.45845794677734,38238000,0.0,0.0
2022-07-11 00:00:00-04:00,117.11312990957636,117.11312990957636,114.4656302547842,114.80903625488281,31196000,0.0,0.0
2022-07-12 00:00:00-04:00,115.34349049696124,116.09680135877986,112.83743173792418,113.16545104980469,29960000,0.0,0.0
2022-07-13 00:00:00-04:00,110.86333799664993,113.33963043551984,110.36758731712142,110.51844787597656,43722000,0.0,0.0
2022-07-14 00:00:00-04:00,109.38401274416344,110.25989440304903,107.56029099770753,109.53983306884766,37004000,0.0,0.0
2022-07-15 00:00:00-04:00,111.16061252157375,112.29206306351027,110.06836316457388,110.93927764892578,46770000,0.0,0.0
2022-07-18 00:00:00-04:00,111.7953006779903,112.82750252180041,107.5573251702464,108.21237182617188,43164600,0.0,20.0
2022-07-19 00:00:00-04:00,110.01873331526212,113.16495963876075,108.73840612847393,112.95653533935547,36530900,0.0,0.0
2022-07-20 00:00:00-04:00,112.32132368111083,114.53460399317886,111.63650321745263,113.04585266113281,35600400,0.0,0.0
2022-07-21 00:00:00-04:00,113.4230039425963,113.69098343145679,110.2767778430608,113.48255157470703,32676200,0.0,0.0
2022-07-22 00:00:00-04:00,110.16761001759993,111.49755771109314,105.70135555742696,107.09085845947266,48901200,0.0,0.0
2022-07-25 00:00:00-04:00,107.59702581978459,109.04607621995325,105.50284832248128,106.70377349853516,34690900,0.0,0.0
2022-07-26 00:00:00-04:00,105.80059805632132,106.39609710232087,103.28957190469941,104.2324447631836,47991000,0.0,0.0
2022-07-27 00:00:00-04:00,108.44065902823431,113.05579009257278,107.20003280514234,112.212158203125,59858500,0.0,0.0
2022-07-28 00:00:00-04:00,111.52733903733414,113.48255962814197,110.62415950126018,113.36346435546875,32816600,0.0,0.0
2022-07-29 00:00:00-04:00,112.23201464667002,115.83479054263834,112.21216038629261,115.44771575927734,37223400,0.0,0.0
2022-08-01 00:00:00-04:00,114.4353523994771,115.84470180597212,113.48254490858795,113.99864959716797,26034300,0.0,0.0
2022-08-02 00:00:00-04:00,113.14510872831781,115.4774844552109,112.86720967281481,114.26663208007812,20236000,0.0,0.0
2022-08-03 00:00:00-04:00,114.84227401160379,117.73045515915321,114.61400305341066,117.19450378417969,28499000,0.0,0.0
2022-08-04 00:00:00-04:00,116.59901329341588,117.88925996691131,116.01343380363976,117.3036880493164,21602900,0.0,0.0
2022-08-05 00:00:00-04:00,115.35838937548199,117.22428844560957,115.13011082398499,116.5890884399414,19159500,0.0,0.0
2022-08-08 00:00:00-04:00,117.50217907966554,119.24898275614252,116.00350062424911,116.42035675048828,19138300,0.0,0.0
2022-08-09 00:00:00-04:00,116.26156397159279,116.44021445054224,114.84228726998916,115.75538635253906,19086500,0.0,0.0
2022-08-10 00:00:00-04:00,117.88926147915558,120.01321290367328,117.5220409743198,118.80236053466797,30930400,0.0,0.0
2022-08-11 00:00:00-04:00,120.37051923849022,120.57894353839131,117.67091532555504,117.94881439208984,24293700,0.0,0.0
2022-08-12 00:00:00-04:00,119.35816000390892,120.76750946044922,118.56415625736685,120.76750946044922,19096300,0.0,0.0
2022-08-15 00:00:00-04:00,120.22163222861532,121.3828640455292,119.70553508834992,121.16451263427734,19494800,0.0,0.0
2022-08-16 00:00:00-04:00,120.60871067326374,121.511890161635,119.73531257366949,120.78736114501953,19041200,0.0,0.0
2022-08-17 00:00:00-04:00,119.21921338138048,120.3804376418693,118.48475724771684,118.65348815917969,22847000,0.0,0.0
2022-08-18 00:00:00-04:00,118.5343808121679,119.9139564343755,117.82970609358695,119.26882934570312,17987700,0.0,0.0
2022-08-19 00:00:00-04:00,118.16717248453178,118.25650151648681,115.88442461487655,116.33104705810547,21809500,0.0,0.0
2022-08-22 00:00:00-04:00,114.33610073730645,114.76287642751535,112.99622603573273,113.38330078125,21456600,0.0,0.0
2022-08-23 00:00:00-04:00,112.6290016886187,114.14752680317126,112.57937361640978,113.00614929199219,15870400,0.0,0.0
2022-08-24 00:00:00-04:00,112.64886287866464,113.91926294010845,112.02358997809887,112.83744049072266,17734600,0.0,0.0
2022-08-25 00:00:00-04:00,113.38330709839337,115.84471280114529,113.2542847000928,115.77523803710938,16956800,0.0,0.0
2022-08-26 00:00:00-04:00,113.85971726032743,114.25671917939691,109.36368888940646,109.51255798339844,37245700,0.0,0.0
2022-08-29 00:00:00-04:00,109.16517438083538,110.1179743580815,107.98410343176194,108.59944915771484,21191200,0.0,0.0
2022-08-30 00:00:00-04:00,109.34383413206885,109.67136128172704,106.99161159149872,108.12306213378906,27513300,0.0,0.0
2022-08-31 00:00:00-04:00,109.82022472533541,110.01872187397939,107.31911824820861,107.408447265625,28627000,0.0,0.0
2022-09-01 00:00:00-04:00,107.46801025771005,109.62173567430116,106.5549111279362,108.91706085205078,28360900,0.0,0.0
2022-09-02 00:00:00-04:00,109.76066416835299,109.9095408086635,106.45564212879846,107.04121398925781,24160700,0.0,0.0
2022-09-06 00:00:00-04:00,106.49534883381243,107.21987024518616,104.98674323622889,106.00901794433594,25068300,0.0,0.0
2022-09-07 00:00:00-04:00,106.25715746657008,109.1552662186059,106.09836123987576,108.62923431396484,23167000,0.0,0.0
2022-09-08 00:00:00-04:00,107.22979880995165,108.77809780045992,106.35640073851793,107.56724548339844,24238300,0.0,0.0
2022-09-09 00:00:00-04:00,108.25208282241607,110.15768290846263,108.20245474397649,109.82023620605469,23197700,0.0,0.0
2022-09-12 00:00:00-04:00,110.15767840347152,110.78295884863972,109.10562981877511,110.02865600585938,22966800,0.0,0.0
2022-09-13 00:00:00-04:00,106.991603410664,107.48785387625672,103.30941829244654,103.5376968383789,38172900,0.0,0.0
2022-09-14 00:00:00-04:00,103.78581739454697,104.49049211527398,102.88264552539968,104.21259307861328,26395100,0.0,0.0
2022-09-15 00:00:00-04:00,103.2498713506553,104.48057039335076,101.5824694722177,102.13827514648438,34188300,0.0,0.0
2022-09-16 00:00:00-04:00,101.30456950094974,102.35661806239246,100.18304617737745,102.02909851074219,42797200,0.0,0.0
2022-09-19 00:00:00-04:00,100.98697993521787,102.55513338200242,100.78848275782978,102.29708099365234,23036800,0.0,0.0
2022-09-20 00:00:00-04:00,101.31449164135248,101.60231780519607,99.7661851195669,100.38153839111328,26517100,0.0,0.0
2022-09-21 00:00:00-04:00,100.90756858013354,102.10849380682069,98.52556481376558,98.53549194335938,31487300,0.0,0.0
2022-09-22 00:00:00-04:00,98.07893721973088,100.48078754574622,98.04916340470949,99.3890380859375,34298600,0.0,0.0
2022-09-23 00:00:00-04:00,98.88286748104298,98.9126488703435,96.73906935446827,97.99954223632812,31625400,0.0,0.0
2022-09-26 00:00:00-04:00,97.3643478638111,99.1309984554555,97.06660210321118,97.43382263183594,27072700,0.0,0.0
2022-09-27 00:00:00-04:00,98.6843639996458,99.25008920522836,96.14356413908983,96.76883697509766,30072800,0.0,0.0
2022-09-28 00:00:00-04:00,96.91771702518929,99.94484030889338,96.38176561600726,99.29972076416016,32466300,0.0,0.0
2022-09-29 00:00:00-04:00,97.90029020087542,97.90029020087542,95.24038743081641,96.68943786621094,31047200,0.0,0.0
2022-09-30 00:00:00-04:00,96.32221919924832,98.15834442273268,94.84338734754718,94.9327163696289,32941500,0.0,0.0
2022-10-03 00:00:00-04:00,96.0343924144823,98.54541856387281,95.7961867385492,97.9002914428711,27982000,0.0,0.0
2022-10-04 00:00:00-04:00,99.6868018290202,101.07629715686122,99.62724662055442,100.87779998779297,28850800,0.0,0.0
2022-10-05 00:00:00-04:00,99.08138004792244,101.16563070502023,98.05910519438574,100.66938018798828,22176900,0.0,0.0
2022-10-06 00:00:00-04:00,99.92500569130712,102.15813304653105,99.83567665956349,100.65945434570312,22324000,0.0,0.0
2022-10-07 00:00:00-04:00,99.10121911523618,99.77612006938209,97.56284717405835,97.93999481201172,27502800,0.0,0.0
2022-10-10 00:00:00-04:00,98.2575948961487,98.35684347756712,96.28252010885105,97.12614440917969,18225100,0.0,0.0
2022-10-11 00:00:00-04:00,96.69936577168872,98.50571715876575,95.5877620057255,96.45124053955078,26507100,0.0,0.0
2022-10-12 00:00:00-04:00,96.5703472290624,98.00947060399531,96.01454153781964,96.8283920288086,21876400,0.0,0.0
2022-10-13 00:00:00-04:00,94.43647134205176,99.03174823037912,93.67224133423892,98.31714630126953,34574500,0.0,0.0
2022-10-14 00:00:00-04:00,99.2401782712016,99.93493355232454,95.64732930184746,95.83589935302734,25410700,0.0,0.0
2022-10-17 00:00:00-04:00,98.11863744507288,100.17311396048777,98.08886363026959,99.2203140258789,28419200,0.0,0.0
2022-10-18 00:00:00-04:00,102.35663109902745,102.69408539533752,99.22033170206161,100.01432800292969,24060700,0.0,0.0
2022-10-19 00:00:00-04:00,99.2600211090797,100.26244160630186,98.17819114716923,98.88286590576172,23811100,0.0,0.0
2022-10-20 00:00:00-04:00,99.25008784068218,101.55268957569878,98.64466169907956,99.2203140258789,25323200,0.0,0.0
2022-10-21 00:00:00-04:00,97.11621083244879,100.55026301239435,96.98718844238796,100.37161254882812,32458700,0.0,0.0
2022-10-24 00:00:00-04:00,101.03659588940504,101.97946872710929,99.23024453211379,101.75119018554688,27176400,0.0,0.0
2022-10-25 00:00:00-04:00,102.12835687976337,104.03395702843999,101.94970639256357,103.6965103149414,40611400,0.0,0.0
2022-10-26 00:00:00-04:00,95.70686045543493,97.57275938958455,93.9799110391379,94.21810913085938,88114100,0.0,0.0
2022-10-27 00:00:00-04:00,93.81119793302166,94.71437754260515,91.1116013795603,91.52845001220703,60710900,0.0,0.0
2022-10-28 00:00:00-04:00,91.57805883215646,95.82596923593994,91.43910930567836,95.56791687011719,43697300,0.0,0.0
2022-10-31 00:00:00-04:00,94.70443378065085,95.30985993363518,93.27523763795979,93.80126190185547,31675000,0.0,0.0
2022-11-01 00:00:00-04:00,94.73422363455774,95.30987606963726,89.6923239787276,89.79157257080078,47161400,0.0,0.0
2022-11-02 00:00:00-04:00,90.25803211992569,90.4962302100432,86.22847341279218,86.31780242919922,57038300,0.0,0.0
2022-11-03 00:00:00-04:00,85.67267885094222,85.87117600546605,82.71502278657815,82.80435180664062,61288000,0.0,0.0
2022-11-04 00:00:00-04:00,84.75957379603037,85.9902727253418,83.08224494253571,85.93072509765625,51124900,0.0,0.0
2022-11-07 00:00:00-05:00,86.62549065076033,88.23334508179792,86.19871489529751,87.826416015625,34078900,0.0,0.0
2022-11-08 00:00:00-05:00,88.23333740234375,89.64268695690804,86.93315598764553,88.23333740234375,30429000,0.0,0.0
2022-11-09 00:00:00-05:00,87.78669192998716,88.76927316498985,86.62546782190772,86.66516876220703,31769100,0.0,0.0
2022-11-10 00:00:00-05:00,91.55821325740865,93.68216469901468,90.92301325088243,93.23554229736328,51620100,0.0,0.0
2022-11-11 00:00:00-05:00,93.97991651822383,96.20311650565995,93.21568655329872,95.68701934814453,33090500,0.0,0.0
2022-11-14 00:00:00-05:00,94.37690418520387,96.06416020914902,93.8012594349028,94.98233032226562,30179500,0.0,0.0
2022-11-15 00:00:00-05:00,97.52315462408457,99.3890538592967,95.98477497826687,97.7018051147461,41640800,0.0,0.0
2022-11-16 00:00:00-05:00,97.16584598422887,98.89279554305216,96.90779361312791,98.10871887207031,29105200,0.0,0.0
2022-11-17 00:00:00-05:00,96.24281507898955,98.53548977287406,96.06416461114264,97.62239074707031,26052600,0.0,0.0
2022-11-18 00:00:00-05:00,98.02931128973258,98.15834125388724,95.64731516977584,96.6993637084961,28342300,0.0,0.0
2022-11-21 00:00:00-05:00,96.56041614884042,97.66209278418218,94.64488905580471,94.88308715820312,21647400,0.0,0.0
2022-11-22 00:00:00-05:00,95.23046275016921,96.49094319214763,93.34471701030947,96.32221984863281,23438500,0.0,0.0
2022-11-23 00:00:00-05:00,96.36191252817821,98.01939485108537,96.36191252817821,97.72164154052734,18868100,0.0,0.0
2022-11-25 00:00:00-05:00,97.50328307080257,97.90028493210765,96.66958597702451,96.72913360595703,9701400,0.0,0.0
2022-11-28 00:00:00-05:00,96.3123087825622,96.84826029151168,94.89303189002446,95.3297348022461,26237500,0.0,0.0
2022-11-29 00:00:00-05:00,95.01211718133456,95.39919193752951,93.40426295178399,94.47616577148438,20061700,0.0,0.0
2022-11-30 00:00:00-05:00,94.10893714279987,100.28229409060886,93.71193525947234,100.232666015625,43647500,0.0,0.0
2022-12-01 00:00:00-05:00,100.26243983174288,101.48321929784336,99.49821745338677,100.232666015625,28687100,0.0,0.0
2022-12-02 00:00:00-05:00,98.30721485364356,100.01431000072103,98.15833820772113,99.6867904663086,21480700,0.0,0.0
2022-12-05 00:00:00-05:00,98.654591640414,100.6197391952586,98.25758976329782,98.73399353027344,24405100,0.0,0.0
2022-12-06 00:00:00-05:00,98.55534850991971,99.03174473103793,95.69694089448478,96.25274658203125,24910700,0.0,0.0
2022-12-07 00:00:00-05:00,95.68702021037814,96.1534892961787,94.00969118202147,94.22804260253906,31045400,0.0,0.0
2022-12-08 00:00:00-05:00,94.66473795397769,94.8632426874311,92.74921081619499,93.00726318359375,32213300,0.0,0.0
2022-12-09 00:00:00-05:00,93.06680339726276,93.55313427631214,92.05445584000017,92.13385772705078,28225400,0.0,0.0
2022-12-12 00:00:00-05:00,92.01475338165663,92.85837759418385,90.92300395531667,92.6102523803711,29420000,0.0,0.0
2022-12-13 00:00:00-05:00,97.02688879023073,98.78361202768082,94.31735803816476,94.91285705566406,40593700,0.0,0.0
2022-12-14 00:00:00-05:00,94.48608568861964,96.14356799976107,92.89808571200558,94.35706329345703,28733600,0.0,0.0
2022-12-15 00:00:00-05:00,92.43160059134897,92.93777814044215,89.33500281379186,90.17862701416016,40107000,0.0,0.0
2022-12-16 00:00:00-05:00,90.07938798524047,90.64511322161134,88.84868136014701,89.58313751220703,58011800,0.0,0.0
2022-12-19 00:00:00-05:00,89.5831382377842,89.88088398070708,87.54850825299513,87.77678680419922,29493000,0.0,0.0
2022-12-20 00:00:00-05:00,87.44926031364805,88.51123603944568,86.78428648684181,88.35243225097656,23453800,0.0,0.0
2022-12-21 00:00:00-05:00,88.41199077267231,89.54344130530257,87.65768789352492,88.90824127197266,24745600,0.0,0.0
2022-12-22 00:00:00-05:00,87.49888481734911,87.87603244128935,85.67267918543912,87.10188293457031,27658300,0.0,0.0
2022-12-23 00:00:00-05:00,86.45674757331894,88.87845201226797,86.41704663161055,88.56085205078125,23003000,0.0,0.0
2022-12-27 00:00:00-05:00,88.13407950720169,88.27302902200118,86.35750205691602,86.73464965820312,20097300,0.0,0.0
2022-12-28 00:00:00-05:00,86.32772351479028,87.37977194699282,85.29552176696617,85.37491607666016,19523200,0.0,0.0
2022-12-29 00:00:00-05:00,85.97044152530074,88.18371457098455,85.96051439483823,87.78671264648438,23333500,0.0,0.0
2022-12-30 00:00:00-05:00,86.32774074812349,87.63784177185843,85.92081170141935,87.56836700439453,23986300,0.0,0.0
2023-01-03 00:00:00-05:00,88.91815210738409,90.36721008671273,87.85617644594524,88.4516830444336,28131200,0.0,0.0
2023-01-04 00:00:00-05:00,89.67245303705022,89.97020633006692,86.6155485078444,87.41947937011719,34854800,0.0,0.0
2023-01-05 00:00:00-05:00,86.81405397793031,86.9133025524005,85.25582788498791,85.55357360839844,27194400,0.0,0.0
2023-01-06 00:00:00-05:00,86.13915710492884,87.03240946135887,84.2236299964327,86.68502807617188,41381500,0.0,0.0
2023-01-09 00:00:00-05:00,87.69737855387638,89.37470746783313,87.20112811279385,87.35992431640625,29003900,0.0,0.0
2023-01-10 00:00:00-05:00,85.3352230319229,88.00504506350373,85.18634639588852,87.75691986083984,30467800,0.0,0.0
2023-01-11 00:00:00-05:00,88.51123815802363,90.91308872474838,88.34251480787275,90.83368682861328,26862000,0.0,0.0
2023-01-12 00:00:00-05:00,90.79399088981015,91.18106565731547,89.07696090221926,90.44660949707031,30258100,0.0,0.0
2023-01-13 00:00:00-05:00,90.16871112383096,91.49866635399357,89.4541092177354,91.42919158935547,26329200,0.0,0.0
2023-01-17 00:00:00-05:00,91.36963776683697,91.5582153760755,89.37471624963791,90.60541534423828,32602400,0.0,0.0
2023-01-18 00:00:00-05:00,91.4490389437429,92.10409321983435,89.96028748591486,90.43669128417969,29116700,0.0,0.0
2023-01-19 00:00:00-05:00,90.03968954197848,92.90801675008117,89.95036051681471,92.35221862792969,37000400,0.0,0.0
2023-01-20 00:00:00-05:00,94.38684158568209,97.56284926169742,94.30743969004087,97.28494262695312,63191100,0.0,0.0
2023-01-23 00:00:00-05:00,97.21546604814961,99.28979699304459,96.76884364481533,99.04167175292969,40005100,0.0,0.0
2023-01-24 00:00:00-05:00,97.36434811206689,98.86302676577444,96.47109568362592,96.96734619140625,33078500,0.0,0.0
2023-01-25 00:00:00-05:00,94.8533018075113,95.43888122108494,93.05687777021532,94.50592803955078,42330000,0.0,0.0
2023-01-26 00:00:00-05:00,95.7763485788492,96.83832436901237,94.66474470873614,96.7886962890625,30114000,0.0,0.0
2023-01-27 00:00:00-05:00,96.58025989693051,99.56768971813064,96.58025989693051,98.62481689453125,33879800,0.0,0.0
2023-01-30 00:00:00-05:00,96.74900997108053,97.55293343409058,95.67710697227885,96.21305847167969,27226200,0.0,0.0
2023-01-31 00:00:00-05:00,96.14357246377932,98.1384939775665,96.09394438600727,98.09879302978516,29870700,0.0,0.0
2023-02-01 00:00:00-05:00,97.96976938145957,100.43117510729803,96.84824601659454,99.67687225341797,35531100,0.0,0.0
2023-02-02 00:00:00-05:00,105.00659838352416,107.04122068782463,104.81802078918444,106.93204498291016,69883800,0.0,0.0
2023-02-03 00:00:00-05:00,102.15812220922525,107.001524077653,101.81074839414418,103.99424743652344,65309300,0.0,0.0
2023-02-06 00:00:00-05:00,101.63209123670767,103.57739204538632,101.11598654066553,102.12834167480469,31999600,0.0,0.0
2023-02-07 00:00:00-05:00,102.44595674643955,107.36876090901447,102.34670815863325,106.83280944824219,49010200,0.0,0.0
2023-02-08 00:00:00-05:00,101.28471960228619,102.36654194573852,97.30478888374736,98.62481689453125,94743500,0.0,0.0
2023-02-09 00:00:00-05:00,99.2500853799974,99.27985919406251,92.92785221530656,94.2975082397461,119455000,0.0,0.0
2023-02-10 00:00:00-05:00,94.73419968729561,96.02445377463832,93.54320173911795,93.86080169677734,54980700,0.0,0.0
2023-02-13 00:00:00-05:00,94.02953508899373,94.48608460376701,93.13628274609768,93.9005126953125,50076100,0.0,0.0
2023-02-14 00:00:00-05:00,93.7218607357337,94.13870929839328,91.56813558981159,93.96998596191406,54726100,0.0,0.0
2023-02-15 00:00:00-05:00,93.78142624816574,96.39170897147997,93.44397951086655,96.21305847167969,50169000,0.0,0.0
2023-02-16 00:00:00-05:00,94.65482030629548,96.94749512562706,94.0295398485276,94.79376983642578,42462600,0.0,0.0
2023-02-17 00:00:00-05:00,94.13870649225572,94.84338120494091,92.51100566280641,93.6424560546875,34284100,0.0,0.0
2023-02-21 00:00:00-05:00,92.30259463412278,92.40184322144354,91.03219454318074,91.10166931152344,33629300,0.0,0.0
2023-02-22 00:00:00-05:00,91.01233565397179,91.41926468512888,89.93051323448256,90.96271514892578,30884000,0.0,0.0
2023-02-23 00:00:00-05:00,91.23068695357419,91.25054121331061,89.08688880510833,90.20841217041016,41206400,0.0,0.0
2023-02-24 00:00:00-05:00,88.76928933704684,89.21591174546491,87.91573789556128,88.46160888671875,36585100,0.0,0.0
2023-02-27 00:00:00-05:00,89.1960678100586,89.48389400941119,88.67003591816348,89.1960678100586,27502300,0.0,0.0
2023-02-28 00:00:00-05:00,88.66012201714169,90.54587555642594,88.65019488627358,89.3846435546875,30142000,0.0,0.0
2023-03-01 00:00:00-05:00,89.30523306552612,90.34735445265166,88.99755264174358,89.68238067626953,31111200,0.0,0.0
2023-03-02 00:00:00-05:00,88.98764047944798,91.58798817098749,88.91815814235167,91.31008911132812,32204400,0.0,0.0
2023-03-03 00:00:00-05:00,91.78649146163595,93.02711765283779,91.75671007241478,92.94771575927734,35160100,0.0,0.0
2023-03-06 00:00:00-05:00,93.31493408001563,95.25031543626798,93.29508739318105,94.41661071777344,32639300,0.0,0.0
2023-03-07 00:00:00-05:00,94.26773929878661,94.95255977422711,92.8286084430734,93.15613555908203,27835500,0.0,0.0
2023-03-08 00:00:00-05:00,93.41419049538177,95.24038857658361,93.29508765749337,93.543212890625,34103300,0.0,0.0
2023-03-09 00:00:00-05:00,93.34472325975115,94.81362051791201,91.2108445683197,91.62769317626953,28813500,0.0,0.0
2023-03-10 00:00:00-05:00,91.4788156121773,92.0941689599083,89.72209216895389,89.95036315917969,35941000,0.0,0.0
2023-03-13 00:00:00-04:00,89.41440265175312,91.87580822116699,88.74942886454899,90.4267578125,37335600,0.0,0.0
2023-03-14 00:00:00-04:00,91.86587475509965,93.65237928484429,91.74677950123697,93.26530456542969,36050200,0.0,0.0
2023-03-15 00:00:00-04:00,92.52093982631897,96.20311744437676,91.94528745764846,95.38926696777344,50622100,0.0,0.0
2023-03-16 00:00:00-04:00,95.4785816363032,100.43116647994931,94.78383404910875,99.56768798828125,65492000,0.0,0.0
2023-03-17 00:00:00-04:00,99.50813889103078,102.06878536905513,99.34933511791077,100.85794067382812,61028500,0.0,0.0
2023-03-20 00:00:00-04:00,99.36919562318633,100.9869694096106,99.12107039122168,100.46094512939453,32960400,0.0,0.0
2023-03-21 00:00:00-04:00,100.49071743651176,104.31184443694538,100.46094362067213,104.13319396972656,42110300,0.0,0.0
2023-03-22 00:00:00-04:00,103.48806284447173,105.79066457024909,102.55511717159571,102.59481811523438,43427400,0.0,0.0
2023-03-23 00:00:00-04:00,104.27214642263456,105.50285304125943,103.67664737256062,104.80809783935547,40797800,0.0,0.0
2023-03-24 00:00:00-04:00,104.20267726028,104.69892775737729,103.06129960251988,104.64930725097656,30393300,0.0,0.0
2023-03-27 00:00:00-04:00,103.83544837056961,103.97439789278444,101.16561848824847,101.69164276123047,31120900,0.0,0.0
2023-03-28 00:00:00-04:00,101.67179161770622,101.68171117444312,98.99203472350514,100.2723617553711,32057900,0.0,0.0
2023-03-29 00:00:00-04:00,101.5129944157898,101.7214187034689,99.89522061779614,100.62966918945312,28779600,0.0,0.0
2023-03-30 00:00:00-04:00,100.15327711150191,100.40140235547389,99.03174616255232,100.1334228515625,33086200,0.0,0.0
2023-03-31 00:00:00-04:00,100.5403405183242,103.11091412057462,100.28228817356023,102.95211791992188,36863400,0.0,0.0
2023-04-03 00:00:00-04:00,101.6221870865412,103.74613883608993,101.16563748891863,103.5774154663086,25035400,0.0,0.0
2023-04-04 00:00:00-04:00,103.54762525002644,104.78825142936967,103.25979906775706,103.93470001220703,24420100,0.0,0.0
2023-04-05 00:00:00-04:00,104.98675068203352,105.30435068738927,102.88265348611964,103.68657684326172,28290500,0.0,0.0
2023-04-06 00:00:00-04:00,104.4706498559581,108.35132454892715,103.54762368954962,107.60694885253906,48711500,0.0,0.0
2023-04-10 00:00:00-04:00,106.17775899818363,106.78317763428655,104.33170655524751,105.64180755615234,27067400,0.0,0.0
2023-04-11 00:00:00-04:00,105.75097264997711,105.9296231127123,103.89499326334945,104.55996704101562,26311800,0.0,0.0
2023-04-12 00:00:00-04:00,105.78074743753035,105.94947077272556,103.5575399759029,103.85529327392578,24370300,0.0,0.0
2023-04-13 00:00:00-04:00,105.04629398559699,106.68392202189075,105.04629398559699,106.62437438964844,24843600,0.0,0.0
2023-04-14 00:00:00-04:00,106.0884185328419,108.12304836716059,106.0387904599343,108.05357360839844,26578000,0.0,0.0
2023-04-17 00:00:00-04:00,103.87514217183609,105.36389344076198,103.73618508699691,105.1753158569336,37571200,0.0,0.0
2023-04-18 00:00:00-04:00,105.69141368807013,105.74104175957935,103.28956344176271,103.71633911132812,26596400,0.0,0.0
2023-04-19 00:00:00-04:00,102.80325882912756,104.19276178994863,102.29708118201934,103.39875793457031,20905700,0.0,0.0
2023-04-20 00:00:00-04:00,103.13077111448514,105.45321956243694,103.09107017022347,104.50041961669922,27820800,0.0,0.0
2023-04-21 00:00:00-04:00,104.67906972482673,105.20509398319376,103.99424168995147,104.61952209472656,25800100,0.0,0.0
2023-04-24 00:00:00-04:00,104.69891211911788,105.83036247772712,103.91483554215525,105.1753158569336,23542800,0.0,0.0
2023-04-25 00:00:00-04:00,105.03637557743666,105.88992698575956,103.06129326840653,103.07122039794922,46664100,0.0,0.0
2023-04-26 00:00:00-04:00,104.13320683856327,105.55248362236856,101.86037855836139,102.93228149414062,53347600,0.0,0.0
2023-04-27 00:00:00-04:00,103.6667202584599,107.55732970203324,102.76354833968519,106.78317260742188,50089200,0.0,0.0
2023-04-28 00:00:00-04:00,106.23730369371071,106.54497656828984,104.3019222779164,106.53504943847656,36139800,0.0,0.0
2023-05-01 00:00:00-04:00,106.03878673620314,107.18016422336929,106.01894005104553,106.39608764648438,26681700,0.0,0.0
2023-05-02 00:00:00-04:00,106.33655628584265,106.3961039226054,102.93227756090715,104.53020477294922,30997200,0.0,0.0
2023-05-03 00:00:00-04:00,104.7386173549269,106.68391818406765,104.17289215243281,104.61952209472656,21795400,0.0,0.0
2023-05-04 00:00:00-04:00,104.69893404386158,104.8081097655528,103.19033577386429,103.90493774414062,23419500,0.0,0.0
2023-05-05 00:00:00-04:00,104.03393705802738,105.08598551837335,103.32926237494843,104.77831268310547,26639300,0.0,0.0
2023-05-08 00:00:00-04:00,104.3912487209223,107.15040011064862,104.37140203396783,106.96182250976562,26511400,0.0,0.0
2023-05-09 00:00:00-04:00,107.5771848789166,109.3239887931404,106.38618668459873,106.54498291015625,36360100,0.0,0.0
2023-05-10 00:00:00-04:00,107.16031997482098,112.09305050241566,107.1206190314225,110.91197204589844,63153400,0.0,0.0
2023-05-11 00:00:00-04:00,114.53460704620213,117.03570601894897,113.55203326107099,115.69583129882812,78900000,0.0,0.0
2023-05-12 00:00:00-04:00,115.80501418168475,117.14488898483823,115.23928892825631,116.62879180908203,41102300,0.0,0.0
2023-05-15 00:00:00-04:00,115.23928959676992,117.59151964950284,115.14004101303124,115.63629150390625,36266800,0.0,0.0
2023-05-16 00:00:00-04:00,115.61642782881711,119.84448378697832,115.55688019785937,118.61378479003906,45035600,0.0,0.0
2023-05-17 00:00:00-04:00,118.71304303528596,120.7575926346341,117.99844111686251,119.9338150024414,33323600,0.0,0.0
2023-05-18 00:00:00-04:00,120.04298319548356,122.38528597148938,119.92388793132871,121.90888977050781,35234200,0.0,0.0
2023-05-19 00:00:00-04:00,122.62349314866378,125.02534358621601,121.233990329754,121.83941650390625,41353400,0.0,0.0
2023-05-22 00:00:00-04:00,122.01807359628725,125.48189991592048,121.81956885585257,124.11225128173828,35253000,0.0,0.0
2023-05-23 00:00:00-04:00,123.22891477759688,123.69538383768969,121.29353348872816,121.64090728759766,34046300,0.0,0.0
2023-05-24 00:00:00-04:00,120.21171384013235,120.99579047353133,118.96116056401159,119.99336242675781,34182600,0.0,0.0
2023-05-25 00:00:00-04:00,123.58621039965489,124.38021415921419,121.04541048455478,122.55401611328125,42317000,0.0,0.0
2023-05-26 00:00:00-04:00,122.24633339773538,124.3206642054446,121.53173154191558,123.675537109375,35635900,0.0,0.0
2023-05-30 00:00:00-04:00,124.6978199598951,124.71767421950892,121.08511707268141,122.74259185791016,35076700,0.0,0.0
2023-05-31 00:00:00-04:00,121.82949030094537,123.12966410835033,121.58136506611656,121.94859313964844,37325800,0.0,0.0
2023-06-01 00:00:00-04:00,121.8989611091008,123.48696104605021,121.70046395655,122.7922134399414,30772700,0.0,0.0
2023-06-02 00:00:00-04:00,123.060191211232,125.20399690730267,122.8319202321501,123.73509216308594,26980100,0.0,0.0
2023-06-05 00:00:00-04:00,123.08004629574243,126.4743977650919,122.91131537751194,125.06504821777344,32305500,0.0,0.0
2023-06-06 00:00:00-04:00,125.06503903327281,127.32793227447583,124.41991194155317,126.35528564453125,26638300,0.0,0.0
2023-06-07 00:00:00-04:00,126.01784799150856,128.07231710182637,121.20421985419401,121.58136749267578,52539000,0.0,0.0
2023-06-08 00:00:00-04:00,121.31339671268852,122.30589768119812,120.33081530189335,121.22406768798828,29389200,0.0,0.0
2023-06-09 00:00:00-04:00,121.33322406481871,122.8319024086519,120.99577742394754,121.3133773803711,23778300,0.0,0.0
2023-06-12 00:00:00-04:00,121.86919005532346,123.11974334684123,120.74766673085075,122.71281433105469,28306400,0.0,0.0
2023-06-13 00:00:00-04:00,124.04277534219001,124.2214258208004,122.25627055608605,122.90139770507812,22278300,0.0,0.0
2023-06-14 00:00:00-04:00,122.17686661381849,123.11974706875885,120.53923851602217,122.74259185791016,30592300,0.0,0.0
2023-06-15 00:00:00-04:00,122.21655807060819,124.51915981522143,121.48210953773676,124.15193176269531,35246300,0.0,0.0
2023-06-16 00:00:00-04:00,124.98564142278578,125.1642918916508,122.35551246478781,122.6036376953125,45535600,0.0,0.0
2023-06-20 00:00:00-04:00,122.00814889981929,123.63584994294223,121.22407219687149,122.17687225341797,26097500,0.0,0.0
2023-06-21 00:00:00-04:00,121.48212139117618,121.74017376602716,119.19936610971777,119.64599609375,30306300,0.0,0.0
2023-06-22 00:00:00-04:00,119.10011432011007,122.31581528654226,117.93889002281252,122.22649383544922,26952200,0.0,0.0
2023-06-23 00:00:00-04:00,120.46976164956806,121.86919161284854,120.15216165092147,121.42256164550781,34913600,0.0,0.0
2023-06-26 00:00:00-04:00,119.85441851212727,121.08511758706368,117.38308566022395,117.45256042480469,33969900,0.0,0.0
2023-06-27 00:00:00-04:00,116.20200844412273,118.18701026555762,115.22935421985997,117.44263458251953,39535900,0.0,0.0
2023-06-28 00:00:00-04:00,116.21193098693968,119.48718710532653,115.97373288245846,119.27876281738281,27091400,0.0,0.0
2023-06-29 00:00:00-04:00,118.34580529426692,119.15965573005691,117.41285959657364,118.20685577392578,24090900,0.0,0.0
2023-06-30 00:00:00-04:00,119.26883719212228,120.17201669011786,118.79244097715116,118.80236053466797,29532200,0.0,0.0
2023-07-03 00:00:00-04:00,118.34581546548606,119.28869594561498,117.9289668686366,119.00086975097656,14467900,0.0,0.0
2023-07-05 00:00:00-04:00,118.34581085804417,121.69054177705794,118.33589130053984,120.83699035644531,27584800,0.0,0.0
2023-07-06 00:00:00-04:00,118.90160907008745,119.39785951266347,117.51210631643842,119.20928192138672,24745200,0.0,0.0
2023-07-07 00:00:00-04:00,119.1993606252883,120.14224105563065,118.50461300055707,118.58401489257812,21709500,0.0,0.0
2023-07-10 00:00:00-04:00,117.41286157602863,117.42278113323385,115.26905595945563,115.57672882080078,35315200,0.0,0.0
2023-07-11 00:00:00-04:00,115.41793425521223,116.82728376089246,114.48498095632307,116.26155853271484,23078800,0.0,0.0
2023-07-12 00:00:00-04:00,117.90910932353661,119.4276344809341,117.52203458036395,118.03813171386719,30404400,0.0,0.0
2023-07-13 00:00:00-04:00,120.02313496341503,123.89389001441005,119.54673119638662,123.60606384277344,44297900,0.0,0.0
2023-07-14 00:00:00-04:00,123.86412354678572,125.82927121842717,122.56394213265052,124.4794692993164,33283100,0.0,0.0
2023-07-17 00:00:00-04:00,124.995567566589,126.14686468961106,123.26861052378432,123.71524047851562,25716200,0.0,0.0
2023-07-18 00:00:00-04:00,123.66561395286634,123.74501584432612,122.03791303884648,122.83191680908203,26193600,0.0,0.0
2023-07-19 00:00:00-04:00,123.66560263883552,124.24125494098145,120.88660484162084,121.11487579345703,37224000,0.0,0.0
2023-07-20 00:00:00-04:00,120.50946759155578,123.15944340000809,117.3334674734311,118.30611419677734,37906800,0.0,0.0
2023-07-21 00:00:00-04:00,119.71547124691322,120.08269176427814,117.8396449955782,119.11996459960938,72937900,0.0,0.0
2023-07-24 00:00:00-04:00,120.74766705234958,122.07761466691946,120.0727661155314,120.61863708496094,29686100,0.0,0.0
2023-07-25 00:00:00-04:00,120.4499090798837,122.22648658848489,120.1124548384505,121.29353332519531,52509600,0.0,0.0
2023-07-26 00:00:00-04:00,129.09458655603345,129.99775077593387,127.35771015292899,128.3005828857422,61682100,0.0,0.0
2023-07-27 00:00:00-04:00,130.68260803004364,132.2408419072244,127.82420023434912,128.42962646484375,44952100,0.0,0.0
2023-07-28 00:00:00-04:00,129.799265024623,132.73707431896543,129.59084831881933,131.5857696533203,36591200,0.0,0.0
2023-07-31 00:00:00-04:00,131.73465100315445,132.52865481704072,130.79177809982338,131.7247314453125,28055500,0.0,0.0
2023-08-01 00:00:00-04:00,129.79927708428264,131.6354099568871,129.70002092843689,130.56350708007812,23166800,0.0,0.0
2023-08-02 00:00:00-04:00,128.4792502900743,129.11445031870784,126.60342402236246,127.41728210449219,26273300,0.0,0.0
2023-08-03 00:00:00-04:00,127.01033631036397,128.4196857147357,126.46445780829997,127.48673248291016,20089500,0.0,0.0
2023-08-04 00:00:00-04:00,128.31053163593913,130.5238046870542,126.95081007433032,127.14930725097656,26147200,0.0,0.0
2023-08-07 00:00:00-04:00,128.1914178864696,130.62304202480823,128.05246836840342,130.54364013671875,22746300,0.0,0.0
2023-08-08 00:00:00-04:00,129.64049266466947,130.5238180639834,128.56858962768754,130.41464233398438,23535200,0.0,0.0
2023-08-09 00:00:00-04:00,130.67266960839547,131.04980964495556,128.0326136306667,128.6876678466797,24912900,0.0,0.0
2023-08-10 00:00:00-04:00,130.33524987803614,131.05977143036745,128.47926254911619,128.71746826171875,20857800,0.0,0.0
2023-08-11 00:00:00-04:00,127.6951647046181,128.95562989704715,127.20883382963942,128.58840942382812,19591100,0.0,0.0
2023-08-14 00:00:00-04:00,128.4196995095872,130.3848471837526,127.99293136308722,130.34515380859375,24695600,0.0,0.0
2023-08-15 00:00:00-04:00,130.11688653714737,130.43447898056363,128.31052745646844,128.80677795410156,19770700,0.0,0.0
2023-08-16 00:00:00-04:00,127.73487854003906,129.30303197258323,126.91110844639537,127.73487854003906,25216100,0.0,0.0
2023-08-17 00:00:00-04:00,128.82662921684016,131.00020876899563,128.32044402863997,128.9457244873047,33446300,0.0,0.0
2023-08-18 00:00:00-04:00,127.546294758541,128.28075093151222,125.43227040921398,126.5041732788086,30504800,0.0,0.0
2023-08-21 00:00:00-04:00,126.2262700322158,127.76464194810235,125.61091672255242,127.40734100341797,25248700,0.0,0.0
2023-08-22 00:00:00-04:00,127.54628200242816,129.3030127917116,127.35771955742976,128.1120147705078,22054900,0.0,0.0
2023-08-23 00:00:00-04:00,129.20375527825698,132.40954397470435,128.89608243334328,131.37733459472656,27819700,0.0,0.0
2023-08-24 00:00:00-04:00,132.94550528703812,133.24325861449066,128.59836122593913,128.80677795410156,28500700,0.0,0.0
2023-08-25 00:00:00-04:00,128.5685593040722,129.77941160779702,126.2957389175236,128.90602111816406,26762900,0.0,0.0
2023-08-28 00:00:00-04:00,130.32528013006436,131.54605189710958,129.1640559890661,130.02752685546875,20543300,0.0,0.0
2023-08-29 00:00:00-04:00,131.24832315951218,135.54585383099212,131.24832315951218,133.56085205078125,43075600,0.0,0.0
2023-08-30 00:00:00-04:00,133.76928107064825,135.25803254284958,133.06461385464962,134.8610382080078,28315800,0.0,0.0
2023-08-31 00:00:00-04:00,134.99004570424955,136.9651280020466,134.77169428863934,135.1488494873047,30053800,0.0,0.0
2023-09-01 00:00:00-04:00,136.4291897075704,136.4291897075704,133.83876157564302,134.64268493652344,21543700,0.0,0.0
2023-09-05 00:00:00-04:00,134.42431921159766,135.39696581622027,133.57076786425418,134.75184631347656,19403100,0.0,0.0
2023-09-06 00:00:00-04:00,134.99997436969198,135.50614436814033,132.66759123648941,133.45167541503906,18684500,0.0,0.0
2023-09-07 00:00:00-04:00,132.58820688588548,134.56328935661423,131.95300684241127,134.2456817626953,18844300,0.0,0.0
2023-09-08 00:00:00-04:00,133.89827674771655,135.6351530204011,133.83872912717914,135.3572540283203,23558300,0.0,0.0
2023-09-11 00:00:00-04:00,135.51607902909177,136.4490323863561,134.77170328374638,135.8932342529297,20763400,0.0,0.0
2023-09-12 00:00:00-04:00,135.23817228733398,135.84359846496358,134.17620415931236,134.3250732421875,18405500,0.0,0.0
2023-09-13 00:00:00-04:00,134.07696765938724,135.87339219640586,133.14401421832758,135.68482971191406,20749500,0.0,0.0
2023-09-14 00:00:00-04:00,136.56814159733074,137.65988359424148,135.21833965192076,137.06439208984375,24751000,0.0,0.0
2023-09-15 00:00:00-04:00,136.94528129329058,137.48124030456012,135.45652981988454,136.36962890625,38919600,0.0,0.0
2023-09-18 00:00:00-04:00,135.58554599898608,138.11642627515133,135.58554599898608,137.17355346679688,21861300,0.0,0.0
2023-09-19 00:00:00-04:00,136.38947604665375,137.3720574197808,135.59547227341233,137.00482177734375,20353700,0.0,0.0
2023-09-20 00:00:00-04:00,137.04452607661787,137.04452607661787,132.61796539950902,132.73707580566406,29927500,0.0,0.0
2023-09-21 00:00:00-04:00,130.45433880616167,131.23840796235106,129.09461723083658,129.4618377685547,31503900,0.0,0.0
2023-09-22 00:00:00-04:00,129.7794091306759,131.03988948397537,128.62811962390344,129.2732391357422,26397300,0.0,0.0
2023-09-25 00:00:00-04:00,128.8564156388002,130.18636343695547,127.99294455474431,130.12681579589844,20094600,0.0,0.0
2023-09-26 00:00:00-04:00,128.79685599233989,129.38242793397103,126.26597547277304,127.6058578491211,25718700,0.0,0.0
2023-09-27 00:00:00-04:00,127.60586778894698,129.918381917851,127.60586778894698,129.5610809326172,22746500,0.0,0.0
2023-09-28 00:00:00-04:00,128.86633128049803,132.3003915392616,128.81670319967085,131.31781005859375,22513100,0.0,0.0
2023-09-29 00:00:00-04:00,132.28052789506322,133.04475788137387,129.38242688382053,129.87867736816406,30859800,0.0,0.0
2023-10-02 00:00:00-04:00,130.22603966262653,133.41195882393936,130.1863311488605,133.16383361816406,22288000,0.0,0.0
2023-10-03 00:00:00-04:00,132.93560659651524,133.25319908978534,130.85134812153606,131.43692016601562,22989400,0.0,0.0
2023-10-04 00:00:00-04:00,131.79419070491505,134.55335719954957,131.53614591729064,134.225830078125,26752300,0.0,0.0
2023-10-05 00:00:00-04:00,134.05712890625,134.47397754489367,132.44926684935047,134.05712890625,19832600,0.0,0.0
2023-10-06 00:00:00-04:00,133.00504324406194,137.123931161278,133.00504324406194,136.54827880859375,27597600,0.0,0.0
2023-10-09 00:00:00-04:00,135.91306107397241,137.89806266081155,134.59303320140117,137.3819580078125,19278100,0.0,0.0
2023-10-10 00:00:00-04:00,137.46137628621005,138.67222861017186,136.30015203671138,137.02467346191406,27786600,0.0,0.0
2023-10-11 00:00:00-04:00,137.54078929024345,140.05181558848287,137.54078929024345,139.4960174560547,25884300,0.0,0.0
2023-10-12 00:00:00-04:00,139.99227569905,140.16099905970523,137.22318929725753,137.92787170410156,24765500,0.0,0.0
2023-10-13 00:00:00-04:00,138.33478161475625,138.9501273324613,135.59546941209604,136.32992553710938,23420500,0.0,0.0
2023-10-16 00:00:00-04:00,137.13383587326624,138.58289372755178,136.95519299575244,138.05686950683594,28501900,0.0,0.0
2023-10-17 00:00:00-04:00,137.5904036136543,138.85086884355698,136.1512652036196,138.67222595214844,23515800,0.0,0.0
2023-10-18 00:00:00-04:00,138.40427778791232,139.66475844739028,136.3498083500332,136.9254608154297,23375000,0.0,0.0
2023-10-19 00:00:00-04:00,137.46137089391803,138.6126755411059,136.34977476248778,136.7169952392578,26066000,0.0,0.0
2023-10-20 00:00:00-04:00,136.30016767562714,136.83611156598081,134.06704036781977,134.58314514160156,26335700,0.0,0.0
2023-10-23 00:00:00-04:00,134.0272911558501,136.62765335187234,132.94546900092942,135.47634887695312,26317900,0.0,0.0
2023-10-24 00:00:00-04:00,136.79639635920353,138.31492147464493,136.38946736895807,137.76904296875,44814300,0.0,0.0
2023-10-25 00:00:00-04:00,127.19892549752396,127.34779458240867,124.13209362181638,124.66804504394531,84366200,0.0,0.0
2023-10-26 00:00:00-04:00,122.34559572670734,123.39765194257097,120.36059371391482,121.36302185058594,57061100,0.0,0.0
2023-10-27 00:00:00-04:00,121.9585046679144,122.38528034661036,119.30852915172775,121.25382995605469,44566500,0.0,0.0
2023-10-30 00:00:00-04:00,122.28604612521336,124.45962571740641,121.82949657826617,123.52667236328125,28940100,0.0,0.0
2023-10-31 00:00:00-04:00,124.1221752635794,124.4298557291741,121.76995268999788,123.14952850341797,26292300,0.0,0.0
2023-11-01 00:00:00-04:00,123.13959001581209,125.54144044779346,122.79221620493564,125.50173950195312,30082400,0.0,0.0
2023-11-02 00:00:00-04:00,127.45696935668228,128.01276746198673,125.97814507096508,126.53394317626953,27124600,0.0,0.0
2023-11-03 00:00:00-04:00,127.05999397649356,128.55866517271366,126.90119016720321,128.13189697265625,26393100,0.0,0.0
2023-11-06 00:00:00-05:00,128.08224111307598,129.3625605799608,127.7050859338931,129.2732391357422,19052700,0.0,0.0
2023-11-07 00:00:00-05:00,129.72980920218515,130.9208073441977,128.90603157499936,129.98785400390625,29757300,0.0,0.0
2023-11-08 00:00:00-05:00,129.98786255864192,131.2185693015223,129.79928493774304,130.85133361816406,26425800,0.0,0.0
2023-11-09 00:00:00-05:00,130.97042365935377,131.55599554780142,129.09459758945283,129.26332092285156,23747800,0.0,0.0
2023-11-10 00:00:00-05:00,129.12437037075154,131.80411971424755,128.43954234138178,131.59568786621094,26913300,0.0,0.0
2023-11-13 00:00:00-05:00,130.7917686694096,131.59569198317294,130.26574439881477,131.0994415283203,18324800,0.0,0.0
2023-11-14 00:00:00-05:00,133.1836984817578,134.68236939202447,132.3202275430886,132.6179656982422,32395200,0.0,0.0
2023-11-15 00:00:00-05:00,133.8585988714082,134.01740265875648,132.56835974620077,133.6104736328125,23861500,0.0,0.0
2023-11-16 00:00:00-05:00,134.17619538121033,136.19097094090904,133.31272446829985,135.90313720703125,28013200,0.0,0.0
2023-11-17 00:00:00-05:00,134.98014677126227,135.03969441291596,132.64776317739535,134.29531860351562,37240600,0.0,0.0
2023-11-20 00:00:00-05:00,132.68745618308765,135.63518525511367,132.61797384637484,135.22825622558594,27815500,0.0,0.0
2023-11-21 00:00:00-05:00,135.26793213333067,136.1512572706716,134.94042018483108,135.94284057617188,22635300,0.0,0.0
2023-11-22 00:00:00-05:00,136.43910658423133,138.37448040468396,136.43910658423133,137.4514617919922,17813900,0.0,0.0
2023-11-24 00:00:00-05:00,136.994895052353,137.0941511979509,134.9701999236649,135.66494750976562,12514300,0.0,0.0
2023-11-27 00:00:00-05:00,135.00989924669568,137.3819758451791,134.98012543057615,135.38705444335938,23436500,0.0,0.0
2023-11-28 00:00:00-05:00,135.05953110146496,136.22075539571145,134.40447683977845,136.17112731933594,18730000,0.0,0.0
2023-11-29 00:00:00-05:00,136.53836114342,137.25294788509495,133.8288226820438,133.9777069091797,23967200,0.0,0.0
2023-11-30 00:00:00-05:00,134.0372391259656,134.533489537284,130.29550678420406,131.5361328125,38988300,0.0,0.0
2023-12-01 00:00:00-05:00,130.87115478515625,131.11927998267518,129.69007642186855,130.87115478515625,31442300,0.0,0.0
2023-12-04 00:00:00-05:00,128.90600898059873,129.05487804312068,126.94085406132697,128.3005828857422,36669900,0.0,0.0
2023-12-05 00:00:00-05:00,127.98299525723667,131.14907573021983,127.28824761685543,130.00770568847656,27384800,0.0,0.0
2023-12-06 00:00:00-05:00,130.45433249808588,130.85132683618656,128.9060333773847,129.04498291015625,23576200,0.0,0.0
2023-12-07 00:00:00-05:00,134.02731116371308,137.52091847546023,133.68986450169766,135.90313720703125,56767100,0.0,0.0
2023-12-08 00:00:00-05:00,133.19362268827305,135.37712172033739,133.02489934634232,133.9777069091797,32260100,0.0,0.0
2023-12-11 00:00:00-05:00,131.38728665345792,132.34007912846104,130.3749313974492,132.2904510498047,31138000,0.0,0.0
2023-12-12 00:00:00-05:00,130.82154752185775,132.00262607297714,130.2756689716308,131.52622985839844,29032800,0.0,0.0
2023-12-13 00:00:00-05:00,132.37979009748466,132.49888537297187,130.583365685189,131.57586669921875,30104800,0.0,0.0
2023-12-14 00:00:00-05:00,132.37976513726198,132.7172117837592,128.71743466292693,130.9505615234375,38722400,0.0,0.0
2023-12-15 00:00:00-05:00,130.63295958195536,132.5087856193142,130.19625677632916,131.60562133789062,50847100,0.0,0.0
2023-12-18 00:00:00-05:00,131.6354201914368,136.1215140704281,131.4369078643111,134.78164672851562,32258000,0.0,0.0
2023-12-19 00:00:00-05:00,135.81382173780045,136.43910216120065,135.05952649346082,135.625244140625,25476800,0.0,0.0
2023-12-20 00:00:00-05:00,137.9278622500159,140.63738568200563,137.03461742674637,137.30258178710938,49107200,0.0,0.0
2023-12-21 00:00:00-05:00,138.44395531377506,139.63495335905975,138.1362673150206,139.36697387695312,27488300,0.0,0.0
2023-12-22 00:00:00-05:00,139.7143532323911,140.92520551853121,139.6548056026402,140.428955078125,26532200,0.0,0.0
2023-12-26 00:00:00-05:00,140.52820742657298,141.6100298393638,140.13121309993724,140.458740234375,16780300,0.0,0.0
2023-12-27 00:00:00-05:00,140.52820465495105,141.0145355681964,138.84095608348233,139.31735229492188,19628600,0.0,0.0
2023-12-28 00:00:00-05:00,139.72428432008698,140.0815852724405,138.70200954003505,139.17840576171875,16045700,0.0,0.0
2023-12-29 00:00:00-05:00,138.5829084225353,139.3074298543242,137.73927658207975,138.6424560546875,18733000,0.0,0.0
