date,open,high,low,close,volume,dividends,stock splits
2015-01-02 00:00:00-05:00,39.77321265360761,40.42103894931218,39.67092497568934,39.85845184326172,27913900,0.0,0.0
2015-01-05 00:00:00-05:00,39.5260103778422,39.83287663163892,39.4237227104654,39.49191665649414,39673900,0.0,0.0
2015-01-06 00:00:00-05:00,39.534547787119834,39.84993675039948,38.81852740314223,38.91229248046875,36447900,0.0,0.0
2015-01-07 00:00:00-05:00,39.1935912021839,39.60274531316567,38.77591446982802,39.40669250488281,29114100,0.0,0.0
2015-01-08 00:00:00-05:00,39.84994699181985,40.70235227506733,39.82437587385621,40.56596755981445,29645200,0.0,0.0
2015-01-09 00:00:00-05:00,40.582994938876915,40.761999174816154,39.977788283082496,40.22498321533203,23944200,0.0,0.0
2015-01-12 00:00:00-05:00,40.42104833887965,40.52333929222615,39.51750101265745,39.722076416015625,23651900,0.0,0.0
2015-01-13 00:00:00-05:00,40.037461744050454,40.838721230493306,39.261773365703235,39.517494201660156,35270600,0.0,0.0
2015-01-14 00:00:00-05:00,39.176536560058594,39.41521219276174,38.88671870380052,39.176536560058594,29719600,0.0,0.0
2015-01-15 00:00:00-05:00,39.39815702692828,39.53454168608323,38.707707860893805,38.76737594604492,32750800,0.0,0.0
2015-01-16 00:00:00-05:00,38.622470033671014,39.44930063642363,38.50313060748315,39.41520690917969,35695300,0.0,0.0
2015-01-20 00:00:00-05:00,39.46634373649462,39.7646873837232,38.84408858884612,39.543060302734375,36161900,0.0,0.0
2015-01-21 00:00:00-05:00,39.15948547181151,39.329967126247716,38.767379942775186,39.14243698120117,39081100,0.0,0.0
2015-01-22 00:00:00-05:00,39.53453596217542,40.182362186450845,39.278815169742124,40.1738395690918,35898000,0.0,0.0
2015-01-23 00:00:00-05:00,40.3698981444008,40.395469251855694,39.89255021135323,40.21646499633789,26211600,0.0,0.0
2015-01-26 00:00:00-05:00,40.06303347236706,40.17384702860842,39.415207127802645,40.071556091308594,42525500,0.0,0.0
2015-01-27 00:00:00-05:00,36.61079226440187,36.823893496148486,35.894771995666574,36.36359405517578,169164000,0.0,0.0
2015-01-28 00:00:00-05:00,36.43176799496087,36.47438756756217,35.08496738943823,35.110538482666016,84507100,0.0,0.0
2015-01-29 00:00:00-05:00,34.888929034801826,35.90328958523435,34.769592882005796,35.80952453613281,63585300,0.0,0.0
2015-01-30 00:00:00-05:00,35.41741636442457,35.442990717806396,34.39453002413446,34.43715286254883,78004900,0.0,0.0
2015-02-02 00:00:00-05:00,34.599116694022364,35.263991507637435,34.292250394917936,35.18727493286133,50352500,0.0,0.0
2015-02-03 00:00:00-05:00,35.48562303809596,35.74134390201399,34.991226549742855,35.46004867553711,52082400,0.0,0.0
2015-02-04 00:00:00-05:00,35.74985480725598,35.98000448486701,35.25546173257263,35.664615631103516,41614800,0.0,0.0
2015-02-05 00:00:00-05:00,35.98855182134255,36.34656047674129,35.681685401476145,36.18460464477539,36548200,0.0,0.0
2015-02-06 00:00:00-05:00,36.38063950841219,36.47440456282387,35.928865975337494,36.150489807128906,34616600,0.0,0.0
2015-02-09 00:00:00-05:00,36.005591939738146,36.43179447890723,35.98001757625422,36.107879638671875,31381100,0.0,0.0
2015-02-10 00:00:00-05:00,36.43178983609501,36.45736094465286,35.95444188245789,36.31245040893555,29670700,0.0,0.0
2015-02-11 00:00:00-05:00,36.35506192221717,36.35506192221717,35.98000177143277,36.12491226196289,38262500,0.0,0.0
2015-02-12 00:00:00-05:00,36.36359107851247,36.730125427246094,36.23572904926438,36.730125427246094,33268800,0.0,0.0
2015-02-13 00:00:00-05:00,36.97732389550948,37.39500045776367,36.78127116707046,37.39500045776367,40264900,0.0,0.0
2015-02-17 00:00:00-05:00,37.74696205347043,37.77271512948437,37.07735260385226,37.41215896606445,33695700,0.31,0.0
2015-02-18 00:00:00-05:00,37.45508886793551,37.51518157309671,37.249054396806486,37.369239807128906,27111700,0.0,0.0
2015-02-19 00:00:00-05:00,37.068799060293685,37.36926277073625,36.95719685006837,37.343509674072266,27603400,0.0,0.0
2015-02-20 00:00:00-05:00,37.35207527120197,37.669711928844485,37.16321386036313,37.65254211425781,29721100,0.0,0.0
2015-02-23 00:00:00-05:00,37.51518804861006,37.93583705734693,37.472265148201224,37.9015007019043,32518800,0.0,0.0
2015-02-24 00:00:00-05:00,37.901492649763924,38.03026132363362,37.70404145517835,37.84998321533203,25271700,0.0,0.0
2015-02-25 00:00:00-05:00,37.729824323861,37.85000981385393,37.60105228469202,37.764163970947266,29759800,0.0,0.0
2015-02-26 00:00:00-05:00,37.7641489171417,37.97018016791169,37.678299833647806,37.824241638183594,28957300,0.0,0.0
2015-02-27 00:00:00-05:00,37.88434087512296,37.94443360650047,37.480858300324066,37.64396667480469,33807700,0.0,0.0
2015-03-02 00:00:00-05:00,37.48945342887874,37.935859056580135,37.38643775319666,37.669734954833984,31924000,0.0,0.0
2015-03-03 00:00:00-05:00,37.39500673174813,37.626794349225996,36.991524218937656,37.154632568359375,31748600,0.0,0.0
2015-03-04 00:00:00-05:00,36.92284835223946,37.09454326338872,36.81124944357928,36.96577453613281,25748700,0.0,0.0
2015-03-05 00:00:00-05:00,36.97435787251427,37.1202996934285,36.75974005190538,37.008697509765625,23193500,0.0,0.0
2015-03-06 00:00:00-05:00,36.914270263552716,37.00870264168465,36.184570882219845,36.36484909057617,36248800,0.0,0.0
2015-03-09 00:00:00-04:00,36.21889729047201,37.0258622818511,36.21889729047201,36.78548812866211,32108000,0.0,0.0
2015-03-10 00:00:00-04:00,36.3562496430707,36.66529976191774,36.081539154052734,36.081539154052734,39159700,0.0,0.0
2015-03-11 00:00:00-04:00,36.321917058403415,36.37342323368623,35.918434553047035,36.03861999511719,32215300,0.0,0.0
2015-03-12 00:00:00-04:00,35.48060854677715,35.755319009011274,35.0771261226427,35.214481353759766,59992500,0.0,0.0
2015-03-13 00:00:00-04:00,34.93978354909624,35.600806861691986,34.86252099892769,35.52354431152344,58007700,0.0,0.0
2015-03-16 00:00:00-04:00,35.60079609746007,35.7467346065369,35.43768449930688,35.67805862426758,35273500,0.0,0.0
2015-03-17 00:00:00-04:00,35.51494366520064,35.909842806405535,35.32608227572725,35.798240661621094,31673400,0.0,0.0
2015-03-18 00:00:00-04:00,35.566455920841136,36.768316702702194,35.48061012562556,36.48501968383789,44194800,0.0,0.0
2015-03-19 00:00:00-04:00,36.278995983780455,36.56229308692711,36.24465962036328,36.304752349853516,33879100,0.0,0.0
2015-03-20 00:00:00-04:00,36.536549595026806,36.89710606669838,36.47645684974821,36.81126022338867,71904500,0.0,0.0
2015-03-23 00:00:00-04:00,36.811244828650224,37.025862621978725,36.725395746434245,36.79407501220703,26246100,0.0,0.0
2015-03-24 00:00:00-04:00,36.725392213545895,37.060195414961925,36.6996391287623,36.82841110229492,25513300,0.0,0.0
2015-03-25 00:00:00-04:00,36.84557580636682,36.85416235073839,35.57503904836871,35.59220886230469,43469900,0.0,0.0
2015-03-26 00:00:00-04:00,35.386199617330234,35.72100300995617,35.12865552317872,35.37761306762695,37495600,0.0,0.0
2015-03-27 00:00:00-04:00,35.3003500389158,35.566477404527966,35.05139577248865,35.17158126831055,34401400,0.0,0.0
2015-03-30 00:00:00-04:00,35.28316456850319,35.660893987652805,35.120056221475295,35.16297912597656,35049700,0.0,0.0
2015-03-31 00:00:00-04:00,35.00845691838497,35.223074733283966,34.8024256499744,34.90544128417969,34887200,0.0,0.0
2015-04-01 00:00:00-04:00,34.85393983806802,34.99129514017121,34.604985604437,34.95695877075195,36865300,0.0,0.0
2015-04-02 00:00:00-04:00,34.9054362906267,34.974115553476985,34.44186109080979,34.58780288696289,37487500,0.0,0.0
2015-04-06 00:00:00-04:00,34.63072625197394,35.86692352654381,34.49337099924395,35.66947555541992,39223700,0.0,0.0
2015-04-07 00:00:00-04:00,35.720981044487495,35.97852170546347,35.463440383511525,35.65230178833008,28809400,0.0,0.0
2015-04-08 00:00:00-04:00,35.592223858649135,35.789671889894464,35.231667438499024,35.557884216308594,24753400,0.0,0.0
2015-04-09 00:00:00-04:00,35.41193086587651,35.72956423790927,35.41193086587651,35.609378814697266,25723900,0.0,0.0
2015-04-10 00:00:00-04:00,35.73816712655654,36.01287772662025,35.54930236095949,35.8154296875,28022000,0.0,0.0
2015-04-13 00:00:00-04:00,35.54071502921402,36.107305986500236,35.53212848186261,35.849761962890625,30276700,0.0,0.0
2015-04-14 00:00:00-04:00,35.884101684065904,36.08154970108834,35.53212856245055,35.755332946777344,24244400,0.0,0.0
2015-04-15 00:00:00-04:00,35.84975609651958,36.45068659525997,35.781080102987744,36.27899169921875,27343600,0.0,0.0
2015-04-16 00:00:00-04:00,36.01286758545398,36.34767083032603,35.90126541222738,36.193145751953125,22509700,0.0,0.0
2015-04-17 00:00:00-04:00,35.772499022706384,35.83259502908945,35.33468008197447,35.729576110839844,42387600,0.0,0.0
2015-04-20 00:00:00-04:00,35.824001737421725,37.06019905040983,35.781078833636066,36.836997985839844,46057700,0.0,0.0
2015-04-21 00:00:00-04:00,36.91425948888066,37.043031471439306,36.510777000017264,36.60520935058594,26013800,0.0,0.0
2015-04-22 00:00:00-04:00,36.63096021625637,37.02585941058348,36.52794460133977,36.90567398071289,25064300,0.0,0.0
2015-04-23 00:00:00-04:00,36.81984105079113,37.43794156093157,36.74257848702358,37.206153869628906,46309500,0.0,0.0
2015-04-24 00:00:00-04:00,39.197803142029144,41.32681177483166,39.18921986913123,41.09502410888672,130933700,0.0,0.0
2015-04-27 00:00:00-04:00,40.545592201157085,41.31821754950315,40.53700893053438,41.23236846923828,59248200,0.0,0.0
2015-04-28 00:00:00-04:00,41.017747341737184,42.245361253726706,40.949071357923415,42.20243835449219,60730800,0.0,0.0
2015-04-29 00:00:00-04:00,41.82471210873283,42.33121017744821,41.635847422999454,42.11659240722656,47804600,0.0,0.0
2015-04-30 00:00:00-04:00,41.80755193613209,42.528667941378686,41.72170284335985,41.75604248046875,64725500,0.0,0.0
2015-05-01 00:00:00-04:00,41.704536433231546,41.96207716275732,41.55001134055447,41.77321243286133,38937300,0.0,0.0
2015-05-04 00:00:00-04:00,41.524253782252174,41.953489410732615,41.361145422360465,41.412654876708984,34039500,0.0,0.0
2015-05-05 00:00:00-04:00,41.05209638866297,41.34397675514713,40.61427747634073,40.86323165893555,50369200,0.0,0.0
2015-05-06 00:00:00-04:00,40.83746608905464,41.009160947720225,39.50683666530865,39.730037689208984,52433000,0.0,0.0
2015-05-07 00:00:00-04:00,39.72147514102937,40.42542148145234,39.62704275576138,40.09061813354492,32971700,0.0,0.0
2015-05-08 00:00:00-04:00,40.82030948032552,41.189452399685,40.7945563893775,40.99200439453125,35364900,0.0,0.0
2015-05-11 00:00:00-04:00,40.820300359851096,41.129350481408764,40.665775299072266,40.665775299072266,24609400,0.0,0.0
2015-05-12 00:00:00-04:00,40.21937734475429,40.9319100646532,39.85023443983451,40.64861297607422,29928300,0.0,0.0
2015-05-13 00:00:00-04:00,41.36971874316726,41.481320896674234,40.837467608822536,40.88897705078125,34184600,0.0,0.0
2015-05-14 00:00:00-04:00,41.23237500415677,41.91056810910208,41.23237500415677,41.82472229003906,32980900,0.0,0.0
2015-05-15 00:00:00-04:00,41.95348541233964,41.98782504529923,41.2495393107062,41.46415710449219,28642700,0.0,0.0
2015-05-18 00:00:00-04:00,41.189449242568884,41.39548377878511,40.87181580425973,41.21520233154297,24136500,0.0,0.0
2015-05-19 00:00:00-04:00,41.094245082836935,41.31025771896101,40.76590495302279,41.11152648925781,28574800,0.31,0.0
2015-05-20 00:00:00-04:00,40.94735477630512,41.41394286139502,40.84366963387111,41.11152648925781,25047900,0.0,0.0
2015-05-21 00:00:00-04:00,40.85230768507495,41.128803588831474,40.61901364826329,40.97327423095703,22410700,0.0,0.0
2015-05-22 00:00:00-04:00,40.869578253526555,40.912780109015415,40.45483450787098,40.52396011352539,25720600,0.0,0.0
2015-05-26 00:00:00-04:00,40.46348087177267,40.5066827315484,39.910485859935136,40.256107330322266,29581900,0.0,0.0
2015-05-27 00:00:00-04:00,40.454835375023364,41.27568383126781,40.282024653273425,41.13743591308594,27335600,0.0,0.0
2015-05-28 00:00:00-04:00,41.042400781494386,41.49170745926485,40.947354694415274,40.99919891357422,19283700,0.0,0.0
2015-05-29 00:00:00-04:00,40.981907380287375,41.102873899008706,40.25610497186893,40.48939895629883,36519600,0.0,0.0
2015-06-01 00:00:00-04:00,40.66219891100374,41.27567369122003,40.28201475733428,40.809085845947266,28837300,0.0,0.0
2015-06-02 00:00:00-04:00,40.549867779376015,40.912767206343084,40.28201108607467,40.54122543334961,21498300,0.0,0.0
2015-06-03 00:00:00-04:00,40.93005754252306,41.24975849354632,40.45483058603522,40.480751037597656,28002200,0.0,0.0
2015-06-04 00:00:00-04:00,40.428922645393065,40.74862039925832,39.91913273167177,40.05738067626953,27745500,0.0,0.0
2015-06-05 00:00:00-04:00,40.01417697055682,40.19562677147585,39.60807220994588,39.867286682128906,25438100,0.0,0.0
2015-06-08 00:00:00-04:00,40.00553569030919,40.11786317315933,39.4611829769026,39.51302719116211,22121600,0.0,0.0
2015-06-09 00:00:00-04:00,39.53894001095735,39.69446932759524,39.27972558192429,39.44389724731445,24406100,0.0,0.0
2015-06-10 00:00:00-04:00,39.56486687562901,40.46348004336578,39.47845986175592,40.27338790893555,28417400,0.0,0.0
2015-06-11 00:00:00-04:00,40.316598983300985,40.54125067854026,39.858653241414395,40.12650680541992,27347800,0.0,0.0
2015-06-12 00:00:00-04:00,39.936399042925395,40.15241158072384,39.659903258230564,39.72038650512695,23931000,0.0,0.0
2015-06-15 00:00:00-04:00,39.271095683680336,39.44390644201609,38.89955370689033,39.29701614379883,33254500,0.0,0.0
2015-06-16 00:00:00-04:00,39.18467168136604,39.95367905801571,39.141469834520244,39.59941864013672,27070300,0.0,0.0
2015-06-17 00:00:00-04:00,39.513013018560954,39.80679020181043,39.193315385524386,39.72038650512695,28704100,0.0,0.0
2015-06-18 00:00:00-04:00,39.9364134888329,40.43756104383507,39.89320832877312,40.368438720703125,32658300,0.0,0.0
2015-06-19 00:00:00-04:00,40.42892633313372,40.46348914645857,39.73768654709322,39.83272933959961,63837000,0.0,0.0
2015-06-22 00:00:00-04:00,40.031460125820274,40.36843928400673,39.88456983096739,39.94505310058594,20318100,0.0,0.0
2015-06-23 00:00:00-04:00,39.858648368017974,39.98825395847024,39.41798079064393,39.668556213378906,25896500,0.0,0.0
2015-06-24 00:00:00-04:00,39.46117741343769,39.962328192351684,39.35749229562773,39.43525695800781,34890900,0.0,0.0
2015-06-25 00:00:00-04:00,39.77223398591419,39.798157736080704,39.31428838475278,39.44389724731445,20616000,0.0,0.0
2015-06-26 00:00:00-04:00,39.443896900745116,39.988246208104584,38.90818334988145,39.10691452026367,49835300,0.0,0.0
2015-06-29 00:00:00-04:00,38.916825095489806,39.08099346080322,38.32927064603413,38.33790969848633,34081700,0.0,0.0
2015-06-30 00:00:00-04:00,38.63168940835494,38.6403317574533,37.9663702596693,38.147823333740234,35945400,0.0,0.0
2015-07-01 00:00:00-04:00,38.41567869576236,39.080997876827524,38.10462003489132,38.407039642333984,28343900,0.0,0.0
2015-07-02 00:00:00-04:00,38.43295286910248,38.66624682087093,38.07005336374486,38.36383056640625,21752000,0.0,0.0
2015-07-06 00:00:00-04:00,37.98365595939702,38.432962576725885,37.97501690541163,38.35519790649414,23034000,0.0,0.0
2015-07-07 00:00:00-04:00,38.31199811272348,38.44160700213714,37.430666234547154,38.277435302734375,36435800,0.0,0.0
2015-07-08 00:00:00-04:00,38.39840102096491,38.79586673516314,38.04414046637518,38.22559356689453,39785900,0.0,0.0
2015-07-09 00:00:00-04:00,38.66624518203826,39.07234981746986,38.45023263912184,38.46751403808594,32424700,0.0,0.0
2015-07-10 00:00:00-04:00,38.890906261240424,39.00323373385692,38.510725279580015,38.5452880859375,25465800,0.0,0.0
2015-07-13 00:00:00-04:00,38.864973374866025,39.417964915367506,38.83905292643301,39.34884262084961,28178300,0.0,0.0
2015-07-14 00:00:00-04:00,39.271097001732905,39.71176131899256,39.150130455665206,39.41798400878906,22880300,0.0,0.0
2015-07-15 00:00:00-04:00,39.4698181193888,39.65126789202452,39.253805543558556,39.5389404296875,26629600,0.0,0.0
2015-07-16 00:00:00-04:00,39.75495530735502,40.342509811320284,39.72039579824982,40.31658935546875,26271700,0.0,0.0
2015-07-17 00:00:00-04:00,40.221552552659546,40.420283784169015,39.97097710141623,40.28203582763672,29467100,0.0,0.0
2015-07-20 00:00:00-04:00,40.30793482806464,40.722678442922394,40.126481818491854,40.54122543334961,30631900,0.0,0.0
2015-07-21 00:00:00-04:00,40.42027734393008,40.89550770887608,40.16106287874456,40.85230255126953,42781900,0.0,0.0
2015-07-22 00:00:00-04:00,39.26243563259027,40.54987174089305,39.055065452947,39.34884262084961,59152400,0.0,0.0
2015-07-23 00:00:00-04:00,39.11555583149504,39.94504329354861,38.96866557270566,39.84135818481445,33934000,0.0,0.0
2015-07-24 00:00:00-04:00,39.6685489977469,40.022809487622574,39.573502937716064,39.6944694519043,32333200,0.0,0.0
2015-07-27 00:00:00-04:00,39.69447462687999,39.75495789185932,39.098281030901994,39.18468475341797,39701400,0.0,0.0
2015-07-28 00:00:00-04:00,39.38341800613678,39.43525891957517,38.700817413079186,39.17604446411133,34328900,0.0,0.0
2015-07-29 00:00:00-04:00,39.22787926394832,40.4202661322792,39.10690947073127,39.996883392333984,40945900,0.0,0.0
2015-07-30 00:00:00-04:00,39.97097726121961,40.95599766355302,39.685842291771706,40.506690979003906,39777900,0.0,0.0
2015-07-31 00:00:00-04:00,40.86095192086986,40.93007425195174,40.17835118494543,40.35116195678711,31201500,0.0,0.0
2015-08-03 00:00:00-04:00,40.5930806565563,40.61036205721785,40.13513507534078,40.44619369506836,24125900,0.0,0.0
2015-08-04 00:00:00-04:00,40.394353329386504,41.22384086337744,40.33387006937199,41.07695388793945,33403900,0.0,0.0
2015-08-05 00:00:00-04:00,41.457144729401584,41.82868672722229,41.076963676416064,41.11152648925781,26959700,0.0,0.0
2015-08-06 00:00:00-04:00,41.223851061541524,41.27569528127537,40.03146367248468,40.28203582763672,27368000,0.0,0.0
2015-08-07 00:00:00-04:00,40.08328452101249,40.42026354028335,39.97095708255899,40.385704040527344,19163000,0.0,0.0
2015-08-10 00:00:00-04:00,40.567160163044655,41.03374809216947,40.47211410754625,40.89550018310547,23079900,0.0,0.0
2015-08-11 00:00:00-04:00,40.454834986351344,40.558520099969,39.659910288465404,40.1005744934082,29237400,0.0,0.0
2015-08-12 00:00:00-04:00,39.910473837873944,40.52395192782025,39.49573017599523,40.385704040527344,30181400,0.0,0.0
2015-08-13 00:00:00-04:00,40.66222109552505,40.69678061336764,40.16971253328607,40.37708282470703,22627200,0.0,0.0
2015-08-14 00:00:00-04:00,40.20426587487739,40.69677436145634,40.195626820766726,40.61037063598633,21473400,0.0,0.0
2015-08-17 00:00:00-04:00,40.446199465077456,40.9991911807756,40.238825923645344,40.886863708496094,21099700,0.0,0.0
2015-08-18 00:00:00-04:00,40.73899562052418,41.25214706275488,40.617231433863545,41.11298751831055,23574100,0.31,0.0
2015-08-19 00:00:00-04:00,40.68681508773173,40.94774217219389,40.26933639754826,40.53895950317383,31485500,0.0,0.0
2015-08-20 00:00:00-04:00,40.06931189018274,40.417212606552646,39.71271514892578,39.71271514892578,36238200,0.0,0.0
2015-08-21 00:00:00-04:00,39.39959046323812,39.556145395393216,37.460052490234375,37.460052490234375,70053100,0.0,0.0
2015-08-24 00:00:00-04:00,35.181323748469296,37.129558323370915,34.54640780910593,36.25111389160156,88753700,0.0,0.0
2015-08-25 00:00:00-04:00,37.02518132339574,37.60791435391576,35.129129945363786,35.19871139526367,70616600,0.0,0.0
2015-08-26 00:00:00-04:00,36.538125283498026,37.26001797810126,35.7118670378265,37.146949768066406,63408000,0.0,0.0
2015-08-27 00:00:00-04:00,37.59920529154691,38.22542490741648,37.33828155754301,38.18193817138672,50943200,0.0,0.0
2015-08-28 00:00:00-04:00,37.747072850142,38.39938399397284,37.738373510241665,38.208038330078125,28246700,0.0,0.0
2015-08-31 00:00:00-04:00,37.8862158796513,38.20802164105382,37.48612936464254,37.85142517089844,34441700,0.0,0.0
2015-09-01 00:00:00-04:00,36.67728965128067,37.04258571666004,36.2337194124203,36.37287902832031,49688900,0.0,0.0
2015-09-02 00:00:00-04:00,36.8425283976727,37.72967181810065,36.42504972649935,37.712276458740234,37671500,0.0,0.0
2015-09-03 00:00:00-04:00,37.75577555572141,38.25153184736525,37.64270734178416,37.83405303955078,28285200,0.0,0.0
2015-09-04 00:00:00-04:00,37.23392115703853,37.43396284232391,36.70337423101704,37.05997085571289,37138800,0.0,0.0
2015-09-08 00:00:00-04:00,37.66010424278378,38.26892877319543,37.57313073179359,38.173255920410156,32469800,0.0,0.0
2015-09-09 00:00:00-04:00,38.451564848666024,38.616819120288554,37.32089291918828,37.460052490234375,33469500,0.0,0.0
2015-09-10 00:00:00-04:00,37.50353499657388,38.086267915491774,37.18172914698295,37.65139389038086,31366600,0.0,0.0
2015-09-11 00:00:00-04:00,37.52093209245154,37.912319396732634,37.34698181079042,37.816646575927734,27132500,0.0,0.0
2015-09-14 00:00:00-04:00,37.77316119760901,37.781857218984214,37.27740503357745,37.4339599609375,23656000,0.0,0.0
2015-09-15 00:00:00-04:00,37.56441650435585,38.521141335260666,37.468747007308274,38.25151824951172,28882200,0.0,0.0
2015-09-16 00:00:00-04:00,38.242838571356515,38.59943528601568,38.12977034929575,38.52985382080078,23372200,0.0,0.0
2015-09-17 00:00:00-04:00,38.52113791313588,39.1386581679522,38.33849163796348,38.48634719848633,32768200,0.0,0.0
2015-09-18 00:00:00-04:00,37.834041935876414,38.26021996005486,37.68618635305114,37.816646575927734,63143700,0.0,0.0
2015-09-21 00:00:00-04:00,37.938404112463,38.67769185018317,37.921008755570455,38.36458206176758,26177200,0.0,0.0
2015-09-22 00:00:00-04:00,37.7296688174615,38.31239837947602,37.668786723454765,38.18193817138672,28085900,0.0,0.0
2015-09-23 00:00:00-04:00,38.20803935881331,38.41677707247676,37.842743383163054,38.155853271484375,17145200,0.0,0.0
2015-09-24 00:00:00-04:00,37.790556160286776,38.381985142347375,37.6340012345751,38.19063949584961,27905600,0.0,0.0
2015-09-25 00:00:00-04:00,38.68640840111923,38.903845500935205,38.06018849194463,38.21674346923828,29384600,0.0,0.0
2015-09-28 00:00:00-04:00,38.121058633778766,38.34719166699322,37.58181245380687,37.65139389038086,27613800,0.0,0.0
2015-09-29 00:00:00-04:00,37.720974434860594,37.894924719656316,37.44265530631772,37.781856536865234,32763600,0.0,0.0
2015-09-30 00:00:00-04:00,38.16454664170998,38.52983924239302,37.973201002594706,38.49504852294922,34958900,0.0,0.0
2015-10-01 00:00:00-04:00,38.92121790857109,38.92121790857109,38.05147002234604,38.79945373535156,28657900,0.0,0.0
2015-10-02 00:00:00-04:00,38.50374297697485,39.63441467285156,38.199329197199255,39.63441467285156,41839000,0.0,0.0
2015-10-05 00:00:00-04:00,39.79096778613808,40.782479895202954,39.74748105321551,40.55634689331055,34369300,0.0,0.0
2015-10-06 00:00:00-04:00,40.29543580220674,41.034720446977936,40.19976296910847,40.660728454589844,27017200,0.0,0.0
2015-10-07 00:00:00-04:00,40.96513980566674,41.18257686051173,39.964931344075445,40.70421600341797,27711500,0.0,0.0
2015-10-08 00:00:00-04:00,40.49548997450493,41.33044770977461,40.4433038718654,41.26956558227539,33772700,0.0,0.0
2015-10-09 00:00:00-04:00,41.26955333100298,41.34783080281127,40.80858452243144,40.973838806152344,28600600,0.0,0.0
2015-10-12 00:00:00-04:00,40.860782275473305,40.93905976963009,40.443303412579475,40.878177642822266,19769100,0.0,0.0
2015-10-13 00:00:00-04:00,40.49546703981876,40.99122312172692,40.49546703981876,40.7824821472168,19987800,0.0,0.0
2015-10-14 00:00:00-04:00,40.57373925318004,40.965123138399775,40.469367120484954,40.599830627441406,24697800,0.0,0.0
2015-10-15 00:00:00-04:00,40.88686752319336,40.904262887928176,40.46938872303733,40.88686752319336,27189400,0.0,0.0
2015-10-16 00:00:00-04:00,40.89555684815327,41.34782626700711,40.791188003133385,41.32173156738281,26450300,0.0,0.0
2015-10-19 00:00:00-04:00,41.24346908349923,41.64355588406472,40.89557170113715,41.41741943359375,29387600,0.0,0.0
2015-10-20 00:00:00-04:00,41.26085593459046,41.58266517708754,40.89556326082786,41.547874450683594,30802200,0.0,0.0
2015-10-21 00:00:00-04:00,41.67832897956656,41.73921440133294,40.97383511458987,41.0521125793457,25144300,0.0,0.0
2015-10-22 00:00:00-04:00,41.33911668052255,42.57416042544146,40.956428798428284,41.773990631103516,56637100,0.0,0.0
2015-10-23 00:00:00-04:00,45.48783293395409,47.02728773873969,45.444346184902216,45.98358917236328,135227100,0.0,0.0
2015-10-26 00:00:00-04:00,45.687869987042816,47.244719996670696,45.66177860383064,47.183837890625,64633300,0.0,0.0
2015-10-27 00:00:00-04:00,46.95770444504836,47.28820635579469,46.60110783347664,46.69677734375,50999900,0.0,0.0
2015-10-28 00:00:00-04:00,46.5663246994133,46.949012756347656,45.97489559098884,46.949012756347656,47000800,0.0,0.0
2015-10-29 00:00:00-04:00,46.566325928870555,46.81855373838112,46.28800673141977,46.40977096557617,30202100,0.0,0.0
2015-10-30 00:00:00-04:00,46.37497551153586,46.95770855283258,45.76615108495724,45.783546447753906,46619800,0.0,0.0
2015-11-02 00:00:00-05:00,45.966188651665966,46.40976206857347,45.766146974211445,46.30539321899414,30285000,0.0,0.0
2015-11-03 00:00:00-05:00,46.03577646506911,47.305608150398164,46.00968507852134,47.09687042236328,36596900,0.0,0.0
2015-11-04 00:00:00-05:00,47.1229510837417,47.73177540129023,47.018582243478576,47.31429672241211,37087800,0.0,0.0
2015-11-05 00:00:00-05:00,47.39256687807675,47.57521314984477,46.966388926126264,47.29689407348633,31468500,0.0,0.0
2015-11-06 00:00:00-05:00,47.04468549866701,47.818760951835834,46.931617291110726,47.76657485961914,32851200,0.0,0.0
2015-11-09 00:00:00-05:00,47.44476155492921,47.72308070123399,46.583712732869394,47.105560302734375,32513100,0.0,0.0
2015-11-10 00:00:00-05:00,47.02728618227509,47.0794722701059,46.3314882669951,46.540225982666016,55283700,0.0,0.0
2015-11-11 00:00:00-05:00,46.70547404650684,47.14034810035174,46.49673304081797,46.6619873046875,36516300,0.0,0.0
2015-11-12 00:00:00-05:00,46.51413287502139,46.94900697069417,46.26190510325293,46.37497329711914,35361100,0.0,0.0
2015-11-13 00:00:00-05:00,46.15753067538557,46.34887631607939,45.68786591249656,45.957489013671875,36848200,0.0,0.0
2015-11-16 00:00:00-05:00,46.16623240564737,46.870726268648106,45.96618741574567,46.766357421875,32165200,0.0,0.0
2015-11-17 00:00:00-05:00,46.5561923645192,46.871412568469864,46.27599736993812,46.381072998046875,31551300,0.36,0.0
2015-11-18 00:00:00-05:00,46.40735520407604,47.265453069291006,46.3898425937424,47.1516227722168,29710000,0.0,0.0
2015-11-19 00:00:00-05:00,47.274213801509255,47.86087125104908,47.090333052376856,47.230430603027344,28149200,0.0,0.0
2015-11-20 00:00:00-05:00,47.501882481697514,47.545662350509026,46.64378436027028,47.449344635009766,37147600,0.0,0.0
2015-11-23 00:00:00-05:00,47.501882481697514,47.68575993481981,47.06407711320261,47.449344635009766,28235900,0.0,0.0
2015-11-24 00:00:00-05:00,47.21291992743714,47.66823782076687,46.9152155427642,47.50187301635742,24600000,0.0,0.0
2015-11-25 00:00:00-05:00,47.361773562183515,47.48435850159317,47.01152801513672,47.01152801513672,21005100,0.0,0.0
2015-11-27 00:00:00-05:00,47.10786079132522,47.353034088837084,47.09910615293094,47.2216911315918,9009100,0.0,0.0
2015-11-30 00:00:00-05:00,47.75580373192262,48.12355858684065,47.282973198294215,47.58943557739258,56241400,0.0,0.0
2015-12-01 00:00:00-05:00,47.64196961864851,48.359969998315385,47.54565192427066,48.35121536254883,39952800,0.0,0.0
2015-12-02 00:00:00-05:00,48.43877451087119,48.99916471863138,48.21111724153953,48.34245681762695,47274900,0.0,0.0
2015-12-03 00:00:00-05:00,48.587637940300255,48.83280786101918,47.22168408160271,47.458099365234375,38627800,0.0,0.0
2015-12-04 00:00:00-05:00,47.38804707712317,49.23558606879876,47.37053446343554,48.95539093017578,43963700,0.0,0.0
2015-12-07 00:00:00-05:00,48.85031956979838,49.00792975596438,48.41251423937937,48.86783218383789,30709800,0.0,0.0
2015-12-08 00:00:00-05:00,48.57011997541341,49.12175223626274,48.14982729754232,48.85031509399414,32878000,0.0,0.0
2015-12-09 00:00:00-05:00,48.48254740049355,48.92035260489798,47.729521914487755,48.14105987548828,36373200,0.0,0.0
2015-12-10 00:00:00-05:00,48.500072799276175,48.736488072821444,48.16733982093215,48.39500045776367,31775800,0.0,0.0
2015-12-11 00:00:00-05:00,47.90465513997825,48.24614273965933,47.29172705174048,47.33551025390625,39549500,0.0,0.0
2015-12-14 00:00:00-05:00,47.571931173214054,48.34246618814734,47.0027828792797,48.28117370605469,46768900,0.0,0.0
2015-12-15 00:00:00-05:00,48.736470591459295,48.946618539295514,48.237372973060126,48.33369064331055,39843000,0.0,0.0
2015-12-16 00:00:00-05:00,48.631411333675715,49.25309403000909,47.94843282513092,49.14802169799805,37503300,0.0,0.0
2015-12-17 00:00:00-05:00,49.349413940152935,49.72592676528967,48.622655539013394,48.77151107788086,41280900,0.0,0.0
2015-12-18 00:00:00-05:00,48.832801792380266,49.03419182225611,47.30923793393404,47.39680099487305,84684200,0.0,0.0
2015-12-21 00:00:00-05:00,48.05350733695901,48.465042019143546,47.484359150280056,48.009727478027344,37246300,0.0,0.0
2015-12-22 00:00:00-05:00,48.149828915104216,48.5788762435117,47.72077824650733,48.46504592895508,28322200,0.0,0.0
2015-12-23 00:00:00-05:00,48.77150315032457,48.92911329988818,48.54384256087099,48.8765754699707,27279800,0.0,0.0
2015-12-24 00:00:00-05:00,48.91161506073225,48.99917479613199,48.53510218617174,48.74524688720703,9558500,0.0,0.0
2015-12-28 00:00:00-05:00,48.46503775485519,48.99040603637695,48.14106281903951,48.99040603637695,22458300,0.0,0.0
2015-12-29 00:00:00-05:00,49.28812030697194,49.778460093624275,49.08673027456983,49.515777587890625,27731400,0.0,0.0
2015-12-30 00:00:00-05:00,49.44572728023347,49.717164404519295,49.28811711894986,49.30562973022461,21704500,0.0,0.0
2015-12-31 00:00:00-05:00,49.069219641987104,49.20055923005852,48.52633865601911,48.57887649536133,27334100,0.0,0.0
2016-01-04 00:00:00-05:00,47.56316679195464,47.98345947265625,46.74884867928611,47.98345947265625,53778000,0.0,0.0
2016-01-05 00:00:00-05:00,48.09728591916491,48.500065954947125,47.755798352297866,48.20235824584961,34079700,0.0,0.0
2016-01-06 00:00:00-05:00,47.56317463655104,47.63322509831605,46.96775907230785,47.326759338378906,39518900,0.0,0.0
2016-01-07 00:00:00-05:00,46.14468276635109,46.8364159941383,45.59304711151665,45.680606842041016,56564900,0.0,0.0
2016-01-08 00:00:00-05:00,45.85571966489891,46.65252506396537,45.66308763162485,45.82069778442383,48754000,0.0,0.0
2016-01-11 00:00:00-05:00,45.97831867765858,46.27602646409604,45.05892806489844,45.79444122314453,36943800,0.0,0.0
2016-01-12 00:00:00-05:00,46.197220508408336,46.49492828933495,45.58429567137401,46.2147331237793,36095500,0.0,0.0
2016-01-13 00:00:00-05:00,47.107852540873054,47.3442678183948,44.91882590477124,45.21653366088867,66883600,0.0,0.0
2016-01-14 00:00:00-05:00,45.53174164235824,46.77510683007054,45.15522889617749,46.50366973876953,52381900,0.0,0.0
2016-01-15 00:00:00-05:00,44.92757976005476,45.50548260535982,44.07823643430745,44.64738464355469,71820700,0.0,0.0
2016-01-19 00:00:00-05:00,45.076422535919264,45.251545282188296,43.833057383767404,44.2708625793457,43564500,0.0,0.0
2016-01-20 00:00:00-05:00,43.76301003743265,44.98886600763297,42.99247190358706,44.47225570678711,63273000,0.0,0.0
2016-01-21 00:00:00-05:00,44.656142671492674,45.16399844634179,44.043214555022516,44.20082473754883,40191200,0.0,0.0
2016-01-22 00:00:00-05:00,45.015144354341,45.82070790662401,44.88380141793073,45.785682678222656,37555800,0.0,0.0
2016-01-25 00:00:00-05:00,45.479217099121584,46.10090321475714,45.22529254279738,45.347877502441406,34707700,0.0,0.0
2016-01-26 00:00:00-05:00,45.34787719389672,45.91702212268435,45.13772916437278,45.680606842041016,28900800,0.0,0.0
2016-01-27 00:00:00-05:00,45.5405037602204,45.706871904357214,44.67365117624444,44.84877395629883,36775200,0.0,0.0
2016-01-28 00:00:00-05:00,45.409170560817415,45.715632963832086,44.87504750968641,45.584293365478516,62513800,0.0,0.0
2016-01-29 00:00:00-05:00,47.92217204675943,48.23739242553711,47.282976652100096,48.23739242553711,83611700,0.0,0.0
2016-02-01 00:00:00-05:00,48.0534995168213,48.23737689852388,47.72076663074859,47.90464401245117,44208500,0.0,0.0
2016-02-02 00:00:00-05:00,47.43183063539207,47.51063573302922,46.100905293370886,46.40736770629883,56313800,0.0,0.0
2016-02-03 00:00:00-05:00,46.62624839734811,46.74883330471384,44.88378243356722,45.67183303833008,57559800,0.0,0.0
2016-02-04 00:00:00-05:00,45.619309446430215,46.24099549083929,44.980114129954856,45.5317497253418,46987100,0.0,0.0
2016-02-05 00:00:00-05:00,45.47921339425498,45.53175123276095,43.39526256969188,43.92062759399414,62009000,0.0,0.0
2016-02-08 00:00:00-05:00,43.38650095500354,43.404013566370345,42.19567010357356,43.263916015625,59290500,0.0,0.0
2016-02-09 00:00:00-05:00,42.92242059407172,43.99066631074443,42.61595496148786,43.15007781982422,46740500,0.0,0.0
2016-02-10 00:00:00-05:00,43.68420622262582,44.122011461722394,43.36023128094725,43.52659606933594,38237000,0.0,0.0
2016-02-11 00:00:00-05:00,42.62471769440939,43.87684092630995,42.47586217849264,43.50908279418945,48878600,0.0,0.0
2016-02-12 00:00:00-05:00,43.99942396182825,44.375936712696806,43.56161874827772,44.218326568603516,34243300,0.0,0.0
2016-02-16 00:00:00-05:00,44.888570193561854,45.056129455566406,44.20950892516826,45.056129455566406,37291200,0.36,0.0
2016-02-17 00:00:00-05:00,45.40890336843083,46.537731082280146,45.37362666133004,46.22906494140625,40789000,0.0,0.0
2016-02-18 00:00:00-05:00,46.14969833576356,46.69647385026388,45.94685894789258,46.02622985839844,27176000,0.0,0.0
2016-02-19 00:00:00-05:00,45.83220277743924,46.10558878152346,45.44416582066761,45.69991683959961,33559100,0.0,0.0
2016-02-22 00:00:00-05:00,46.1055955602136,46.74056277252624,46.1055955602136,46.43190002441406,25008300,0.0,0.0
2016-02-23 00:00:00-05:00,46.15851424812679,46.18497009599772,44.95913313679009,45.13551330566406,28895300,0.0,0.0
2016-02-24 00:00:00-05:00,44.703369957749594,45.41770793442167,44.27124219337726,45.29424285888672,33014500,0.0,0.0
2016-02-25 00:00:00-05:00,45.62055253851472,45.94685363769531,44.63282838295173,45.94685363769531,26939500,0.0,0.0
2016-02-26 00:00:00-05:00,46.387794969125736,46.45834836539523,45.06494906661259,45.241329193115234,35975900,0.0,0.0
2016-02-29 00:00:00-05:00,45.285422957296504,45.549994826644834,44.67691505897168,44.870933532714844,31654000,0.0,0.0
2016-03-01 00:00:00-05:00,44.95031143022364,46.378984272304564,44.90621386900832,46.37016677856445,33024500,0.0,0.0
2016-03-02 00:00:00-05:00,46.22023539470889,46.705278216267,45.999761079076016,46.69646072387695,29289900,0.0,0.0
2016-03-03 00:00:00-05:00,46.714095115419646,46.714095115419646,45.6646353088432,46.16731643676758,24427800,0.0,0.0
2016-03-04 00:00:00-05:00,46.21142100842083,46.25551520167698,45.6029097033035,45.88511657714844,33034200,0.0,0.0
2016-03-07 00:00:00-05:00,45.470627476313375,45.68228095125351,44.6063684979366,45.00321960449219,38407800,0.0,0.0
2016-03-08 00:00:00-05:00,44.800388226862246,45.97331340931419,44.62400807017084,45.55000305175781,33835100,0.0,0.0
2016-03-09 00:00:00-05:00,45.76164238123515,46.60826283424511,45.735186543381914,46.59944534301758,28251600,0.0,0.0
2016-03-10 00:00:00-05:00,46.678826336158785,46.68764382929709,45.11786764531228,45.90275573730469,38387800,0.0,0.0
2016-03-11 00:00:00-05:00,46.740555515382354,46.80228805541992,46.19378014754768,46.80228805541992,32275700,0.0,0.0
2016-03-14 00:00:00-04:00,46.48481941682281,47.260890208863444,46.414269361640315,46.8904914855957,24083600,0.0,0.0
2016-03-15 00:00:00-04:00,46.520066827317216,47.260860443115234,46.51124933753739,47.260860443115234,21104800,0.0,0.0
2016-03-16 00:00:00-04:00,47.13741619325519,48.15159617378844,47.093321996566196,47.931121826171875,31691700,0.0,0.0
2016-03-17 00:00:00-04:00,47.807666598732226,48.50436648842181,47.622468915905046,48.20452117919922,28223900,0.0,0.0
2016-03-18 00:00:00-04:00,48.43380147707785,48.47789903648846,47.13741464335494,47.172691345214844,67625500,0.0,0.0
2016-03-21 00:00:00-04:00,46.961038757068806,47.56072928638671,46.67883184493941,47.49899673461914,23925700,0.0,0.0
2016-03-22 00:00:00-04:00,47.27852065654495,47.842934460297585,47.14623469946533,47.6841926574707,23124100,0.0,0.0
2016-03-23 00:00:00-04:00,47.71946958571419,47.83411719144436,47.393168484666994,47.596004486083984,20129000,0.0,0.0
2016-03-24 00:00:00-04:00,47.48135046283067,47.91348161730168,47.384341222183835,47.80765151977539,19950000,0.0,0.0
2016-03-28 00:00:00-04:00,47.8076589093536,47.878212318609826,47.03159159256546,47.21678924560547,17025100,0.0,0.0
2016-03-29 00:00:00-04:00,47.32260852294836,48.38088594548476,47.13741089915156,48.248600006103516,23924300,0.0,0.0
2016-03-30 00:00:00-04:00,48.44263133828775,49.068777773906646,48.416175489061395,48.548458099365234,23008300,0.0,0.0
2016-03-31 00:00:00-04:00,48.46026507493978,49.024678899135395,48.38089417065153,48.70719528198242,26360500,0.0,0.0
2016-04-01 00:00:00-04:00,48.548443507991635,49.04230718487455,48.125133226736736,49.00703048706055,24399200,0.0,0.0
2016-04-04 00:00:00-04:00,48.883567810058594,49.08640378619591,48.504351700358455,48.883567810058594,18928800,0.0,0.0
2016-04-05 00:00:00-04:00,48.67191448283231,48.76892373148809,48.02812980850114,48.1163215637207,19272300,0.0,0.0
2016-04-06 00:00:00-04:00,47.939928124072544,48.68072184164298,47.807642210010826,48.61016845703125,21188700,0.0,0.0
2016-04-07 00:00:00-04:00,48.38970736187019,48.424984063788436,47.825293587863946,48.02812957763672,19225100,0.0,0.0
2016-04-08 00:00:00-04:00,48.21332942284298,48.7512873771149,47.90466667736153,47.992855072021484,22167200,0.0,0.0
2016-04-11 00:00:00-04:00,48.05458911610726,48.636641245069036,47.88702646293078,47.89584732055664,21414200,0.0,0.0
2016-04-12 00:00:00-04:00,47.948745230945185,48.31032291375733,47.41078745218725,48.1956787109375,24944300,0.0,0.0
2016-04-13 00:00:00-04:00,48.61018660330343,48.89239351875762,48.40735059308147,48.81302261352539,20818000,0.0,0.0
2016-04-14 00:00:00-04:00,48.69837328679634,49.0158568746055,48.56608733715204,48.82183837890625,20877100,0.0,0.0
2016-04-15 00:00:00-04:00,48.76893621048186,49.31571177606616,48.60137687894683,49.07760238647461,28793800,0.0,0.0
2016-04-18 00:00:00-04:00,48.93649288027551,49.90657876726206,48.68955929705361,49.79193115234375,23786000,0.0,0.0
2016-04-19 00:00:00-04:00,49.94185861093717,50.06532372821714,49.104055275458904,49.730201721191406,29596800,0.0,0.0
2016-04-20 00:00:00-04:00,49.64200227522582,49.82719990996793,48.936485073228695,49.02467346191406,36195700,0.0,0.0
2016-04-21 00:00:00-04:00,49.209864758211566,49.58908083622248,48.87474286886382,49.19222640991211,38909100,0.0,0.0
2016-04-22 00:00:00-04:00,45.77929375228117,46.23788080250769,44.77393125778024,45.66464614868164,126834100,0.0,0.0
2016-04-25 00:00:00-04:00,45.66464167571617,45.97330775299235,45.53235909760174,45.95566940307617,33226900,0.0,0.0
2016-04-26 00:00:00-04:00,46.087955073743146,46.167325971606175,45.056136765695186,45.36479949951172,33532600,0.0,0.0
2016-04-27 00:00:00-04:00,45.40009182301093,45.417730180179674,44.57992671761368,44.923866271972656,43369300,0.0,0.0
2016-04-28 00:00:00-04:00,44.64164721513567,44.77393317604667,43.706838087159944,44.006683349609375,43134800,0.0,0.0
2016-04-29 00:00:00-04:00,43.52163753459562,44.315346580208356,43.52163753459562,43.980224609375,48411700,0.0,0.0
2016-05-02 00:00:00-04:00,44.094869808853595,44.756292855986395,43.900851305159726,44.63282775878906,33114500,0.0,0.0
2016-05-03 00:00:00-04:00,44.3947198240453,44.45645237927117,43.74211420057933,43.900856018066406,26460200,0.0,0.0
2016-05-04 00:00:00-04:00,43.9537687625785,44.147787276877565,43.61864679174515,43.980224609375,24257600,0.0,0.0
2016-05-05 00:00:00-04:00,43.9802291116293,44.35944532066776,43.85676399504415,44.041961669921875,25390700,0.0,0.0
2016-05-06 00:00:00-04:00,44.024326933365394,44.438819885253906,43.7950350357462,44.438819885253906,24787300,0.0,0.0
2016-05-09 00:00:00-04:00,44.52700344282,44.61519184158106,44.09487221487861,44.1566047668457,17951600,0.0,0.0
2016-05-10 00:00:00-04:00,44.38589210697213,45.064950058064596,44.262423660784144,44.99440002441406,22891000,0.0,0.0
2016-05-11 00:00:00-04:00,45.09141598768727,45.66464729168999,44.97676838121806,45.0208625793457,24039100,0.0,0.0
2016-05-12 00:00:00-04:00,45.15313912605772,45.691096977927934,44.90620561250539,45.4265251159668,24102800,0.0,0.0
2016-05-13 00:00:00-04:00,45.36479003654346,45.770465298871514,45.01203318064745,45.04730987548828,22592300,0.0,0.0
2016-05-16 00:00:00-04:00,44.80038743561465,45.82338828935096,44.756293238263495,45.708744049072266,20032000,0.0,0.0
2016-05-17 00:00:00-04:00,45.93075553091335,45.93963469663691,44.72298573041795,44.85619354248047,27803500,0.36,0.0
2016-05-18 00:00:00-04:00,44.829556320560215,45.415679549550475,44.669704222862705,45.12261962890625,24907500,0.0,0.0
2016-05-19 00:00:00-04:00,44.82067305148247,44.953880862236105,44.243429041778896,44.687461853027344,23842400,0.0,0.0
2016-05-20 00:00:00-04:00,44.82956307890937,45.486733289372026,44.75851957350121,44.95389175415039,23905800,0.0,0.0
2016-05-23 00:00:00-04:00,44.93611730968541,45.00716418268288,44.385517594760465,44.4299201965332,26118700,0.0,0.0
2016-05-24 00:00:00-04:00,45.024925971511905,45.92187072445213,44.75850697275649,45.815303802490234,34757900,0.0,0.0
2016-05-25 00:00:00-04:00,46.10837401912441,46.614574634226706,45.99292790599955,46.285987854003906,24040200,0.0,0.0
2016-05-26 00:00:00-04:00,46.11724951329624,46.16165211829229,45.611052363397675,46.08172607421875,24335200,0.0,0.0
2016-05-27 00:00:00-04:00,46.10837628616398,46.46360397338867,45.97516844423145,46.46360397338867,17721400,0.0,0.0
2016-05-31 00:00:00-04:00,46.410308126076,47.06747817993164,46.250459430074834,47.06747817993164,37653100,0.0,0.0
2016-06-01 00:00:00-04:00,46.57016595006621,47.02308137228447,46.57016595006621,46.93427276611328,25324800,0.0,0.0
2016-06-02 00:00:00-04:00,46.747768907490574,46.83657749301689,46.03731716178577,46.60567855834961,22840800,0.0,0.0
2016-06-03 00:00:00-04:00,46.516878780576874,46.55239883122498,45.82418528356495,45.992919921875,23368300,0.0,0.0
2016-06-06 00:00:00-04:00,46.170536001890035,46.49023679969182,46.08172740163812,46.294864654541016,18243300,0.0,0.0
2016-06-07 00:00:00-04:00,46.3925548557157,46.82770516283144,46.26822280883789,46.26822280883789,20866800,0.0,0.0
2016-06-08 00:00:00-04:00,46.19717358395436,46.570159515230216,46.063962386955005,46.214935302734375,21149400,0.0,0.0
2016-06-09 00:00:00-04:00,46.179415369919596,46.179415369919596,45.726503363611066,45.841949462890625,20305700,0.0,0.0
2016-06-10 00:00:00-04:00,45.33575990144582,46.22382573061304,45.32688073374316,45.717628479003906,25833200,0.0,0.0
2016-06-13 00:00:00-04:00,44.03030750334822,45.04270205409651,43.56851284397659,44.52762222290039,83217800,0.0,0.0
2016-06-14 00:00:00-04:00,44.31448748942627,44.4920979501435,44.021424131378545,44.252323150634766,42577100,0.0,0.0
2016-06-15 00:00:00-04:00,44.207905319583325,44.5098477647989,44.12797927856445,44.12797927856445,33757600,0.0,0.0
2016-06-16 00:00:00-04:00,43.977010016926926,44.820673035539166,43.968127463592275,44.74962615966797,31188600,0.0,0.0
2016-06-17 00:00:00-04:00,44.76738361534299,44.78514533261931,44.243424812645856,44.51872634887695,45710500,0.0,0.0
2016-06-20 00:00:00-04:00,44.97165133388905,45.14038600313267,44.429930656700456,44.4654541015625,35607900,0.0,0.0
2016-06-21 00:00:00-04:00,44.580884878038376,45.67320494096873,44.545361448097374,45.46006774902344,34097800,0.0,0.0
2016-06-22 00:00:00-04:00,45.36239675016726,45.699859270833024,45.24694726272806,45.282470703125,28816800,0.0,0.0
2016-06-23 00:00:00-04:00,45.5400087705088,46.23270233168442,45.42456266673107,46.099491119384766,29028800,0.0,0.0
2016-06-24 00:00:00-04:00,44.23456142702256,45.23807340334398,43.97702151619924,44.252323150634766,133503000,0.0,0.0
2016-06-27 00:00:00-04:00,43.6040241469147,43.64843014170137,42.66267668098854,43.0090217590332,50216300,0.0,0.0
2016-06-28 00:00:00-04:00,43.44416935968849,43.9326081704667,43.22215295031714,43.90596389770508,38140700,0.0,0.0
2016-06-29 00:00:00-04:00,44.3233644236453,45.04269894902684,44.2256766425525,44.88284683227539,31304000,0.0,0.0
2016-06-30 00:00:00-04:00,45.0426986901613,45.55777509518739,44.84732312909855,45.442325592041016,28527800,0.0,0.0
2016-07-01 00:00:00-04:00,45.40680027512374,45.9307591746192,45.35351511345068,45.433441162109375,21400400,0.0,0.0
2016-07-05 00:00:00-04:00,45.14038647069268,45.540013372572396,45.0604604127763,45.442325592041016,24806400,0.0,0.0
2016-07-06 00:00:00-04:00,45.09597326703417,45.77090506778701,44.74962820061964,45.628814697265625,28167500,0.0,0.0
2016-07-07 00:00:00-04:00,45.66433474911973,45.83306939315877,45.353513122260956,45.628814697265625,19585200,0.0,0.0
2016-07-08 00:00:00-04:00,45.939649258384065,46.49913173195321,45.779797123078595,46.44584655761719,28391000,0.0,0.0
2016-07-11 00:00:00-04:00,46.62345071899318,46.916514035323765,46.596809831218366,46.70337677001953,22269200,0.0,0.0
2016-07-12 00:00:00-04:00,47.01419676988615,47.42270956507503,46.88098894798476,47.25397491455078,27317600,0.0,0.0
2016-07-13 00:00:00-04:00,47.56479172952355,47.83121071503382,47.227325874436566,47.5203857421875,25356800,0.0,0.0
2016-07-14 00:00:00-04:00,47.81345654996675,47.94666775761373,47.582560962773954,47.72465133666992,24545500,0.0,0.0
2016-07-15 00:00:00-04:00,47.911149133692675,47.95555174480486,47.25397897104533,47.68913269042969,32024400,0.0,0.0
2016-07-18 00:00:00-04:00,47.689125481627045,48.257486948433076,47.55591428072495,47.920021057128906,31433900,0.0,0.0
2016-07-19 00:00:00-04:00,47.69799959148638,47.86673421310354,47.00530955070368,47.14739990234375,53336500,0.0,0.0
2016-07-20 00:00:00-04:00,49.864889727595475,50.477653832636115,49.314286561986115,49.65175247192383,89893300,0.0,0.0
2016-07-21 00:00:00-04:00,49.713913975397425,49.93593038474863,49.51853845110387,49.55406188964844,32776700,0.0,0.0
2016-07-22 00:00:00-04:00,49.802730373404906,50.29116587295113,49.536307930286874,50.23788070678711,32157200,0.0,0.0
2016-07-25 00:00:00-04:00,50.14907494172824,50.388853105319406,49.96257855602262,50.37997055053711,25610600,0.0,0.0
2016-07-26 00:00:00-04:00,50.19347090811321,50.87728186464136,50.18458835450676,50.4066047668457,28079000,0.0,0.0
2016-07-27 00:00:00-04:00,50.27340289158447,50.44213416532415,49.829370014446575,49.900413513183594,32327500,0.0,0.0
2016-07-28 00:00:00-04:00,49.73168935102912,50.060272778541716,49.483031988338766,49.918182373046875,37550400,0.0,0.0
2016-07-29 00:00:00-04:00,49.9625818805346,50.406614793537834,49.77608887012179,50.3355712890625,30558700,0.0,0.0
2016-08-01 00:00:00-04:00,50.26451965568856,50.3977308721053,49.85601022730675,50.246761322021484,26003400,0.0,0.0
2016-08-02 00:00:00-04:00,50.48653609124849,50.530942088522046,50.00698316509252,50.246761322021484,35122000,0.0,0.0
2016-08-03 00:00:00-04:00,50.33555405764375,50.71742250311731,50.16682282803726,50.59309387207031,22075600,0.0,0.0
2016-08-04 00:00:00-04:00,50.44212846993764,51.08153682488569,50.326678986360555,50.966087341308594,26587700,0.0,0.0
2016-08-05 00:00:00-04:00,51.196988030492996,51.69430264533407,51.01937421617758,51.472286224365234,29335200,0.0,0.0
2016-08-08 00:00:00-04:00,51.56109619140625,51.58773707856377,51.3124354896961,51.56109619140625,19473500,0.0,0.0
2016-08-09 00:00:00-04:00,51.658784342581455,51.95184767350334,51.5255765093732,51.685428619384766,16920700,0.0,0.0
2016-08-10 00:00:00-04:00,51.64988709423082,51.79197743253225,51.34794470187769,51.52555847167969,15756900,0.0,0.0
2016-08-11 00:00:00-04:00,51.534460399433726,51.90744981954438,51.534460399433726,51.77423858642578,18162300,0.0,0.0
2016-08-12 00:00:00-04:00,51.53445104171405,51.67654141697842,51.17034424336775,51.454524993896484,21655200,0.0,0.0
2016-08-15 00:00:00-04:00,51.51668830186008,51.951841973078025,51.47228569566274,51.614376068115234,19283900,0.0,0.0
2016-08-16 00:00:00-04:00,51.480336436685334,51.4892709437306,51.17651206490423,51.32842254638672,20523500,0.36,0.0
2016-08-17 00:00:00-04:00,51.417781264797235,51.54288480806475,51.140763841264956,51.43565368652344,18856400,0.0,0.0
2016-08-18 00:00:00-04:00,51.31054520328503,51.56075569116943,51.176507157562185,51.47139358520508,14214300,0.0,0.0
2016-08-19 00:00:00-04:00,51.31947875352884,51.58755823098996,51.1139510405148,51.489261627197266,17271000,0.0,0.0
2016-08-22 00:00:00-04:00,51.47140664941487,51.60544813797523,51.167582229652474,51.533958435058594,15221900,0.0,0.0
2016-08-23 00:00:00-04:00,51.73949059077932,51.98969773801723,51.69480782121536,51.730552673339844,18732400,0.0,0.0
2016-08-24 00:00:00-04:00,51.65011914712507,51.86458481238362,51.57863286458295,51.78416061401367,18151500,0.0,0.0
2016-08-25 00:00:00-04:00,51.72161322120283,52.087989398418955,51.63225109943281,51.98075485229492,18552600,0.0,0.0
2016-08-26 00:00:00-04:00,52.079044386839755,52.45435842951013,51.55181987108046,51.85564422607422,20971200,0.0,0.0
2016-08-29 00:00:00-04:00,51.989694961661726,52.36500566247623,51.91820526123047,51.91820526123047,16417200,0.0,0.0
2016-08-30 00:00:00-04:00,51.810976886211556,51.998632246639986,51.48034552610194,51.730552673339844,16930200,0.0,0.0
2016-08-31 00:00:00-04:00,51.51608071440915,51.650118771506875,51.20331843021561,51.34629440307617,20860300,0.0,0.0
2016-09-01 00:00:00-04:00,50.94418090001239,51.667998786437586,50.94418090001239,51.46247100830078,26075400,0.0,0.0
2016-09-02 00:00:00-04:00,51.533958435058594,51.99863127756676,51.310558226669094,51.533958435058594,18900500,0.0,0.0
2016-09-06 00:00:00-04:00,51.63224188758012,51.65011430874546,51.122889815223274,51.48033142089844,16278400,0.0,0.0
2016-09-07 00:00:00-04:00,51.35523387699972,51.68586518511839,51.30161660724419,51.52501678466797,17493400,0.0,0.0
2016-09-08 00:00:00-04:00,51.49822465926185,51.64120067756415,51.09610354253127,51.31950378417969,20146100,0.0,0.0
2016-09-09 00:00:00-04:00,50.747587712251935,51.39991585457132,50.22929763793945,50.22929763793945,35113900,0.0,0.0
2016-09-12 00:00:00-04:00,50.041635632549365,51.12289158435113,49.69313192980465,50.979915618896484,29303000,0.0,0.0
2016-09-13 00:00:00-04:00,50.48844041433295,50.622481885154116,50.08631941068564,50.5152473449707,30130200,0.0,0.0
2016-09-14 00:00:00-04:00,50.39015589176228,50.60462161481824,50.06845901158684,50.27398681640625,24062500,0.0,0.0
2016-09-15 00:00:00-04:00,50.17567280929254,51.2479907542778,50.023758941503075,51.10501480102539,26847000,0.0,0.0
2016-09-16 00:00:00-04:00,51.49821104720468,51.49821104720468,50.71184144998742,51.15864181518555,44607000,0.0,0.0
2016-09-19 00:00:00-04:00,51.17651266882348,51.60544059719679,50.80119860098674,50.87268829345703,20937100,0.0,0.0
2016-09-20 00:00:00-04:00,51.24800279308995,51.24800279308995,50.71184369464669,50.76546096801758,17384000,0.0,0.0
2016-09-21 00:00:00-04:00,51.39097209001208,51.694796448596726,51.006726945064635,51.61437225341797,33707300,0.0,0.0
2016-09-22 00:00:00-04:00,51.757346522388545,51.828836208563,51.49820493204578,51.66798782348633,19822200,0.0,0.0
2016-09-23 00:00:00-04:00,51.71268698230672,51.748431839086585,51.27482441761344,51.31950378417969,19955300,0.0,0.0
2016-09-26 00:00:00-04:00,51.00672699157842,51.0603408492025,50.7833268279688,50.84587860107422,21688700,0.0,0.0
2016-09-27 00:00:00-04:00,50.87268750209301,51.88245723522317,50.64928732982273,51.78416061401367,28065100,0.0,0.0
2016-09-28 00:00:00-04:00,51.72160617490446,51.882454563360916,51.5339474491613,51.85564422607422,20536400,0.0,0.0
2016-09-29 00:00:00-04:00,51.65905496429433,51.980748335889146,51.12289252733769,51.29267883300781,25463500,0.0,0.0
2016-09-30 00:00:00-04:00,51.44458665782366,51.62330746093659,51.23905892732934,51.47139358520508,29910800,0.0,0.0
2016-10-03 00:00:00-04:00,51.301619996586425,51.426723558798365,50.98886109105658,51.31055450439453,19189500,0.0,0.0
2016-10-04 00:00:00-04:00,51.17649945874906,51.47138584203029,50.90841999881651,51.14969253540039,20085900,0.0,0.0
2016-10-05 00:00:00-04:00,51.19438603967145,51.79309688552104,51.16757570009069,51.507144927978516,16726400,0.0,0.0
2016-10-06 00:00:00-04:00,51.59651184082031,51.703742982661225,51.18545288093317,51.59651184082031,16212600,0.0,0.0
2016-10-07 00:00:00-04:00,51.69480295273086,51.81097200678654,51.31055435062208,51.650123596191406,20089000,0.0,0.0
2016-10-10 00:00:00-04:00,51.74842063618531,52.17734859823454,51.712675787143766,51.86458969116211,18196500,0.0,0.0
2016-10-11 00:00:00-04:00,51.73053587481053,51.84670490208299,50.836935314779076,51.10501480102539,26497400,0.0,0.0
2016-10-12 00:00:00-04:00,51.03354263305664,51.17651862582363,50.39908687820416,51.03354263305664,22177500,0.0,0.0
2016-10-13 00:00:00-04:00,50.66716062079241,51.20331967990117,50.3275913986549,50.86375045776367,25313700,0.0,0.0
2016-10-14 00:00:00-04:00,51.042474955538026,51.59650988650006,51.042474955538026,51.31055450439453,27402500,0.0,0.0
2016-10-17 00:00:00-04:00,51.25693184886096,51.34629054688179,50.819066047400916,51.13182830810547,23830000,0.0,0.0
2016-10-18 00:00:00-04:00,51.40884773793907,51.784161808595435,51.30161660724419,51.52501678466797,19149500,0.0,0.0
2016-10-19 00:00:00-04:00,51.3552339478246,51.68586525639925,51.29268217076497,51.40884780883789,22878400,0.0,0.0
2016-10-20 00:00:00-04:00,51.38204199778461,51.39991442145049,50.63141724789911,51.15864181518555,49455600,0.0,0.0
2016-10-21 00:00:00-04:00,53.86624533849501,54.018159219456585,53.16030342555941,53.31221389770508,80032200,0.0,0.0
2016-10-24 00:00:00-04:00,53.56242182225272,54.509639739990234,53.55348731561699,54.509639739990234,54067000,0.0,0.0
2016-10-25 00:00:00-04:00,54.375610181089165,54.84028303062704,54.33093082049867,54.50071716308594,35137200,0.0,0.0
2016-10-26 00:00:00-04:00,54.339856873948015,54.688360582808826,54.0360325159229,54.17900848388672,29911600,0.0,0.0
2016-10-27 00:00:00-04:00,54.16114450142572,54.35773776631601,53.69647168093187,53.705406188964844,28479900,0.0,0.0
2016-10-28 00:00:00-04:00,53.624977670293255,54.08071594611565,53.240732497069494,53.499874114990234,33574700,0.0,0.0
2016-10-31 00:00:00-04:00,53.75901368543173,53.991348349011254,53.54454803466797,53.54454803466797,26434700,0.0,0.0
2016-11-01 00:00:00-04:00,53.58923842502145,53.63391778105557,52.945844789917665,53.43732452392578,24533000,0.0,0.0
2016-11-02 00:00:00-04:00,53.45520085741558,53.553497493169154,52.99052802128198,53.10669708251953,22147000,0.0,0.0
2016-11-03 00:00:00-04:00,53.19605099381005,53.29434762068058,52.82074031901306,52.910099029541016,21600400,0.0,0.0
2016-11-04 00:00:00-04:00,52.40968112387689,52.9726470966226,52.29351208127803,52.463294982910156,28697000,0.0,0.0
2016-11-07 00:00:00-05:00,53.41945195910572,54.080718016645434,53.41945195910572,53.991355895996094,31664800,0.0,0.0
2016-11-08 00:00:00-05:00,54.1075160916755,54.31304382230201,53.75007789403557,54.03602981567383,22935400,0.0,0.0
2016-11-09 00:00:00-05:00,53.61604148402569,54.14326602830459,52.901161612668574,53.76795196533203,49632500,0.0,0.0
2016-11-10 00:00:00-05:00,54.04496123178962,54.05389914628867,51.49820101005767,52.45435333251953,57822400,0.0,0.0
2016-11-11 00:00:00-05:00,52.034372865982405,52.829677012565355,51.83777960410656,52.740318298339844,38767800,0.0,0.0
2016-11-14 00:00:00-05:00,52.740311447349356,52.79392871420962,51.18544479656169,51.93606948852539,41328400,0.0,0.0
2016-11-15 00:00:00-05:00,52.47586061740024,53.51944005162195,52.46686231995073,52.96166229248047,35904100,0.39,0.0
2016-11-16 00:00:00-05:00,53.02463064977657,53.67237071907937,52.90768025092044,53.66337585449219,27332500,0.0,0.0
2016-11-17 00:00:00-05:00,54.347096104947425,54.83290113270859,53.95125687779632,54.554012298583984,32132700,0.0,0.0
2016-11-18 00:00:00-05:00,54.679965734485755,55.003835781109096,54.24814014960287,54.293121337890625,27686300,0.0,0.0
2016-11-21 00:00:00-05:00,54.428067822634006,54.85089853861996,54.35609517657484,54.75193786621094,19652600,0.0,0.0
2016-11-22 00:00:00-05:00,54.85989115016428,55.11178853733573,54.70695443133719,54.98583984375,23206700,0.0,0.0
2016-11-23 00:00:00-05:00,54.886887925285414,54.96785544576159,54.20316486603276,54.338111877441406,21848900,0.0,0.0
2016-11-25 00:00:00-05:00,54.24814282969171,54.45505905151367,54.09520609558867,54.45505905151367,8409600,0.0,0.0
2016-11-28 00:00:00-05:00,54.2841321989323,54.895886033339494,54.16717835157194,54.527034759521484,20732600,0.0,0.0
2016-11-29 00:00:00-05:00,54.56302677485027,55.246749903018106,54.44607291529754,54.958866119384766,22366700,0.0,0.0
2016-11-30 00:00:00-05:00,54.75194280169235,55.039826548190284,54.17617530869648,54.212158203125,34655400,0.0,0.0
2016-12-01 00:00:00-05:00,54.077211101372455,54.113197425299525,53.02463343349653,53.258541107177734,34542100,0.0,0.0
2016-12-02 00:00:00-05:00,53.15057587221595,53.501433886894134,52.89867508251963,53.30351257324219,25515700,0.0,0.0
2016-12-05 00:00:00-05:00,53.70836222768401,54.5090390952014,53.5824135202334,54.17617416381836,23552700,0.0,0.0
2016-12-06 00:00:00-05:00,54.36509509443056,54.3920831215852,53.79832250126967,53.93326950073242,19907000,0.0,0.0
2016-12-07 00:00:00-05:00,53.98725053170904,55.21975650700605,53.798327460521634,55.210758209228516,30809000,0.0,0.0
2016-12-08 00:00:00-05:00,55.147778482607265,55.399679318175444,54.73394605310597,54.88688278198242,21220800,0.0,0.0
2016-12-09 00:00:00-05:00,55.03982341220958,55.768531034426005,54.99484222285308,55.75053787231445,27349400,0.0,0.0
2016-12-12 00:00:00-05:00,55.615593923627195,56.04741954246131,55.52563153997861,55.93046569824219,20198100,0.0,0.0
2016-12-13 00:00:00-05:00,56.227346449197015,57.055011341643656,55.9934421979801,56.65917205810547,35718900,0.0,0.0
2016-12-14 00:00:00-05:00,56.67715063294883,57.08198810955298,56.254319998290725,56.38926696777344,30352700,0.0,0.0
2016-12-15 00:00:00-05:00,56.40727194535067,56.812109506784076,56.04741557255549,56.29931640625,27669900,0.0,0.0
2016-12-16 00:00:00-05:00,56.632174737475154,56.632174737475154,55.885474051867114,56.04740905761719,42453100,0.0,0.0
2016-12-19 00:00:00-05:00,56.28131847287722,57.369878932119306,56.15536635078586,57.23493194580078,34338200,0.0,0.0
2016-12-20 00:00:00-05:00,57.297911248033465,57.39687192231601,56.70415063418292,57.162967681884766,26028400,0.0,0.0
2016-12-21 00:00:00-05:00,57.06400700760222,57.30690954488354,56.78511814661003,57.162967681884766,17096300,0.0,0.0
2016-12-22 00:00:00-05:00,57.432862270151205,57.666766526971315,57.04601784276624,57.171966552734375,22176600,0.0,0.0
2016-12-23 00:00:00-05:00,57.082000904489526,57.16296841795923,56.49723514811445,56.8930778503418,12403800,0.0,0.0
2016-12-27 00:00:00-05:00,56.866083726519605,57.63977250078702,56.866083726519605,56.92905807495117,11763200,0.0,0.0
2016-12-28 00:00:00-05:00,57.037026027648466,57.037026027648466,56.524232862869596,56.668174743652344,14653300,0.0,0.0
2016-12-29 00:00:00-05:00,56.551202404311454,56.857079229952596,56.43424859196055,56.587188720703125,10250600,0.0,0.0
2016-12-30 00:00:00-05:00,56.64117150024343,56.668162956669505,55.804508419768084,55.90346908569336,25579900,0.0,0.0
2017-01-03 00:00:00-05:00,56.488239457637356,56.53322064627557,55.8944788448166,56.29931640625,20694100,0.0,0.0
2017-01-04 00:00:00-05:00,56.20934406336726,56.45224657199237,55.885474051867114,56.04740905761719,21340000,0.0,0.0
2017-01-05 00:00:00-05:00,55.94844839500944,56.371279069117335,55.80450654899208,56.04740905761719,24876000,0.0,0.0
2017-01-06 00:00:00-05:00,56.04741711142768,56.81211106665217,55.81351286497989,56.53322219848633,19922900,0.0,0.0
2017-01-09 00:00:00-05:00,56.46124609331832,56.74913324094463,56.26332818362127,56.35329055786133,20382700,0.0,0.0
2017-01-10 00:00:00-05:00,56.434257300285,56.740134173125746,56.02941975801862,56.335296630859375,18593000,0.0,0.0
2017-01-11 00:00:00-05:00,56.32629561228267,56.8840698141067,56.164360613068574,56.84808349609375,21517300,0.0,0.0
2017-01-12 00:00:00-05:00,56.73115064194102,57.037027575887876,55.73255231547203,56.32631301879883,20968200,0.0,0.0
2017-01-13 00:00:00-05:00,56.33529969106816,56.560209067673014,56.09239715251354,56.40727233886719,19422300,0.0,0.0
2017-01-17 00:00:00-05:00,56.38927667410774,56.40726983525888,55.804510948151744,56.254329681396484,20664000,0.0,0.0
2017-01-18 00:00:00-05:00,56.38028889287543,56.4072803555585,55.88548888039193,56.227352142333984,19670100,0.0,0.0
2017-01-19 00:00:00-05:00,55.993433010263374,56.65916276115206,55.95744669079795,56.04740905761719,18451700,0.0,0.0
2017-01-20 00:00:00-05:00,56.38027478753546,56.51522177165382,56.1103842511431,56.44325256347656,30213500,0.0,0.0
2017-01-23 00:00:00-05:00,56.407273883042905,56.785119998797306,56.29032004309019,56.641178131103516,23097600,0.0,0.0
2017-01-24 00:00:00-05:00,56.857090032739904,57.34289510079782,56.623182363595866,57.14497375488281,24672900,0.0,0.0
2017-01-25 00:00:00-05:00,57.53181242195428,57.66675597286078,57.08199372191061,57.288909912109375,23672700,0.0,0.0
2017-01-26 00:00:00-05:00,57.68476581308067,58.06261196061261,57.171969219959294,57.819705963134766,43554600,0.0,0.0
2017-01-27 00:00:00-05:00,58.827288329618185,59.29510361565924,58.3774696350264,59.17814636230469,44818000,0.0,0.0
2017-01-30 00:00:00-05:00,59.097185420989355,59.18714779193342,58.29650865131598,58.5933837890625,31651400,0.0,0.0
2017-01-31 00:00:00-05:00,58.35049074564796,58.61138645299409,57.81070960037893,58.16156768798828,25270500,0.0,0.0
2017-02-01 00:00:00-05:00,57.90068329228852,58.13459101762154,57.10000628325077,57.19896697998047,39671500,0.0,0.0
2017-02-02 00:00:00-05:00,56.90207366273027,57.046015529978796,56.452254898598014,56.830101013183594,45827000,0.0,0.0
2017-02-03 00:00:00-05:00,57.126974905546106,57.30690307193244,56.740130548961005,57.288909912109375,30301800,0.0,0.0
2017-02-06 00:00:00-05:00,57.126988599785506,57.26193561488527,56.803118509022205,57.25293731689453,19796400,0.0,0.0
2017-02-07 00:00:00-05:00,57.34289566542399,57.37887855716266,56.884078619347775,57.06400680541992,20277200,0.0,0.0
2017-02-08 00:00:00-05:00,57.189952242288385,57.40586673962167,56.875080508515374,56.983036041259766,18096400,0.0,0.0
2017-02-09 00:00:00-05:00,57.144973814936385,57.972642090850556,56.96504563044681,57.630775451660156,22644400,0.0,0.0
2017-02-10 00:00:00-05:00,57.80169919133186,57.846683803882115,57.55879669730575,57.57678985595703,18170700,0.0,0.0
2017-02-13 00:00:00-05:00,57.792707899479865,58.35048558972943,57.6937472308277,58.22453689575195,22920100,0.0,0.0
2017-02-14 00:00:00-05:00,58.296946154581136,58.577522306636574,57.94395412079196,58.44175720214844,23108400,0.39,0.0
2017-02-15 00:00:00-05:00,58.37839645801244,58.441752581057216,58.07066869045195,58.405548095703125,17005200,0.0,0.0
2017-02-16 00:00:00-05:00,58.595613210132036,59.04815889397213,58.32408994300746,58.39649200439453,20546300,0.0,0.0
2017-02-17 00:00:00-05:00,58.35124966548168,58.55037089881333,58.19738576892545,58.48701477050781,21248800,0.0,0.0
2017-02-21 00:00:00-05:00,58.477963902108094,58.78569170563997,58.333145943763455,58.36935043334961,20655900,0.0,0.0
2017-02-22 00:00:00-05:00,58.22454208346084,58.27884536771103,57.971117549892455,58.25169372558594,19292700,0.0,0.0
2017-02-23 00:00:00-05:00,58.30599232870628,58.58657538717363,58.09782515225963,58.48701477050781,20273100,0.0,0.0
2017-02-24 00:00:00-05:00,58.4055529453721,58.649931515479146,58.052567815484224,58.48701477050781,21796800,0.0,0.0
2017-02-27 00:00:00-05:00,58.41460554037783,58.41460554037783,57.97111264416315,58.134029388427734,15871500,0.0,0.0
2017-02-28 00:00:00-05:00,57.99826039045732,58.10686694247604,57.70862795692494,57.90774917602539,23239800,0.0,0.0
2017-03-01 00:00:00-05:00,58.04352436605829,58.82190372859764,57.943963733270614,58.77665328979492,26937500,0.0,0.0
2017-03-02 00:00:00-05:00,58.55038389276164,58.60468718470345,57.81725837768982,57.93492126464844,24539600,0.0,0.0
2017-03-03 00:00:00-05:00,57.91681165031338,58.17928558416803,57.581925280227516,58.15213394165039,18135900,0.0,0.0
2017-03-06 00:00:00-05:00,57.898715137509924,58.432715907368404,57.75390060865916,58.17023849487305,18750300,0.0,0.0
2017-03-07 00:00:00-05:00,58.097826812289355,58.63182749393668,58.097826812289355,58.28789520263672,18521000,0.0,0.0
2017-03-08 00:00:00-05:00,58.161178888837725,58.90335360645377,58.1521260407949,58.82189178466797,21510900,0.0,0.0
2017-03-09 00:00:00-05:00,59.00291964852515,59.01196559210059,58.36030548434684,58.586578369140625,19846800,0.0,0.0
2017-03-10 00:00:00-05:00,58.93051013558037,59.06627524628986,58.60467663199775,58.76759338378906,19538200,0.0,0.0
2017-03-13 00:00:00-04:00,58.840000212714216,59.0029169585503,58.44175774393709,58.5684700012207,20100000,0.0,0.0
2017-03-14 00:00:00-04:00,58.40556168467435,58.42366738421373,58.061629351738524,58.29695510864258,14280200,0.0,0.0
2017-03-15 00:00:00-04:00,58.42365595011102,58.758535367737856,58.15212575257055,58.604671478271484,24833800,0.0,0.0
2017-03-16 00:00:00-04:00,58.6046799502012,58.613732799507844,58.19739150031239,58.50511932373047,20674300,0.0,0.0
2017-03-17 00:00:00-04:00,58.749495658746476,59.04817062137264,58.541321564503505,58.71329116821289,49219700,0.0,0.0
2017-03-20 00:00:00-04:00,58.7494945915013,58.993866266538085,58.577524990915926,58.76759338378906,14598100,0.0,0.0
2017-03-21 00:00:00-04:00,59.002917550387565,59.28349370785846,58.04351585737381,58.11592483520508,26640500,0.0,0.0
2017-03-22 00:00:00-04:00,58.03446366973456,58.95765386919918,58.03446366973456,58.85809326171875,20680000,0.0,0.0
2017-03-23 00:00:00-04:00,58.776647300321535,59.04817062137264,58.622776489228684,58.71329116821289,19269200,0.0,0.0
2017-03-24 00:00:00-04:00,59.156779412356755,59.23823433063704,58.61372590792165,58.81284713745117,22617100,0.0,0.0
2017-03-27 00:00:00-04:00,58.49606127262711,59.03006884941964,58.24263675698326,58.92145538330078,18614700,0.0,0.0
2017-03-28 00:00:00-04:00,58.794743893976644,59.256342499390094,58.51416773446075,59.09342575073242,20080400,0.0,0.0
2017-03-29 00:00:00-04:00,58.939551802769806,59.283484033391744,58.785681023663486,59.25633239746094,13618400,0.0,0.0
2017-03-30 00:00:00-04:00,59.21107537964364,59.717931239121576,59.156772107495655,59.47355270385742,15122800,0.0,0.0
2017-03-31 00:00:00-04:00,59.41926082935732,59.908011088337325,59.23823837864227,59.60932922363281,21040300,0.0,0.0
2017-04-03 00:00:00-04:00,59.56408091811072,59.681747255245874,59.00292849904081,59.32876205444336,20400900,0.0,0.0
2017-04-04 00:00:00-04:00,59.183930198375485,59.56406695546865,59.084369585046346,59.49166488647461,12997400,0.0,0.0
2017-04-05 00:00:00-04:00,60.00758335604046,60.05283379852601,59.229203930150696,59.33781051635742,21448600,0.0,0.0
2017-04-06 00:00:00-04:00,59.37399857692207,59.79033982116218,59.26539202078108,59.49166488647461,18103500,0.0,0.0
2017-04-07 00:00:00-04:00,59.600275033482305,59.69983565280989,59.229191102143346,59.4464111328125,14108500,0.0,0.0
2017-04-10 00:00:00-04:00,59.383058855180046,59.57312725750843,59.15678596117473,59.31064987182617,17952700,0.0,0.0
2017-04-11 00:00:00-04:00,59.373998860125816,59.383051708280696,58.69518025980738,59.2653923034668,18791500,0.0,0.0
2017-04-12 00:00:00-04:00,59.211074752812316,59.29253656547102,58.93049864261919,59.03911209106445,17108500,0.0,0.0
2017-04-13 00:00:00-04:00,59.09341733979762,59.60931915290043,58.785682678222656,58.785682678222656,17896500,0.0,0.0
2017-04-17 00:00:00-04:00,58.86714984825068,59.274438246321786,58.83999820908593,59.2653923034668,16689300,0.0,0.0
2017-04-18 00:00:00-04:00,59.12963378837593,59.473566098270844,58.97576987910458,59.183937072753906,15155600,0.0,0.0
2017-04-19 00:00:00-04:00,59.41926724715662,59.50977502963956,58.731395670744135,58.86716079711914,26992800,0.0,0.0
2017-04-20 00:00:00-04:00,59.247292365850825,59.50976974545544,58.95766334444238,59.28349685668945,22299500,0.0,0.0
2017-04-21 00:00:00-04:00,59.43734095458493,60.36958384075613,59.2382197739856,60.098060607910156,32522600,0.0,0.0
2017-04-24 00:00:00-04:00,61.07558772585616,61.23850449945639,60.73164847864384,61.1208381652832,29770000,0.0,0.0
2017-04-25 00:00:00-04:00,61.45572093902257,61.58243321042935,61.184190697264675,61.473819732666016,30242700,0.0,0.0
2017-04-26 00:00:00-04:00,61.618629743026254,61.826796916888505,61.202288490001756,61.392356872558594,26190800,0.0,0.0
2017-04-27 00:00:00-04:00,61.68197801960005,61.890145166966576,61.16607621681029,61.790584564208984,34971000,0.0,0.0
2017-04-28 00:00:00-04:00,62.369869393928454,62.57803660805473,61.265656467619664,61.96257400512695,39548800,0.0,0.0
2017-05-01 00:00:00-04:00,62.16166426234996,62.94909609694591,61.99874756916797,62.822383880615234,31954400,0.0,0.0
2017-05-02 00:00:00-04:00,63.0939386030015,63.0939386030015,62.568983784484736,62.72285461425781,23906100,0.0,0.0
2017-05-03 00:00:00-04:00,62.79527373284461,62.79527373284461,62.188863815217346,62.52375030517578,28928000,0.0,0.0
2017-05-04 00:00:00-04:00,62.47846770909981,62.52372504808073,62.12548256201001,62.27934646606445,21749400,0.0,0.0
2017-05-05 00:00:00-04:00,62.360797632218635,62.47845702603007,61.989706850868394,62.4513053894043,19128800,0.0,0.0
2017-05-08 00:00:00-04:00,62.42417007634296,62.49657906314573,61.92636692370026,62.39701843261719,18566100,0.0,0.0
2017-05-09 00:00:00-04:00,62.32460917299885,62.70474599409781,62.16169240605629,62.487525939941406,22858400,0.0,0.0
2017-05-10 00:00:00-04:00,62.44227401042062,62.958175999580725,62.37891786807821,62.731903076171875,17977800,0.0,0.0
2017-05-11 00:00:00-04:00,61.87206622049373,62.20695261946812,61.654846156313724,61.96257400512695,28789400,0.0,0.0
2017-05-12 00:00:00-04:00,62.098345190754806,62.098345190754806,61.58244317220157,61.89017105102539,18714100,0.0,0.0
2017-05-15 00:00:00-04:00,61.672951183711845,61.9806859689257,61.157049163334584,61.935428619384766,31530300,0.0,0.0
2017-05-16 00:00:00-04:00,62.108372670380405,63.209810020106254,62.04465338386342,63.18250274658203,34956000,0.39,0.0
2017-05-17 00:00:00-04:00,62.70914956856808,62.900307416066,61.38014243009617,61.4256591796875,30548800,0.0,0.0
2017-05-18 00:00:00-04:00,61.35284059759704,62.017340753304524,61.11616597952514,61.63502502441406,25201300,0.0,0.0
2017-05-19 00:00:00-04:00,61.44385835453048,61.99002459537242,61.3801390755136,61.61681365966797,26961100,0.0,0.0
2017-05-22 00:00:00-04:00,61.79888892607641,62.3541601044954,61.44388039494073,62.30864334106445,16237600,0.0,0.0
2017-05-23 00:00:00-04:00,62.554421206659775,62.58172848609063,62.24492250171675,62.518009185791016,15425800,0.0,0.0
2017-05-24 00:00:00-04:00,62.69093659070499,62.700034383202734,62.30861401452711,62.59990310668945,14593900,0.0,0.0
2017-05-25 00:00:00-04:00,62.78197042144398,63.61032105212927,62.72735588059545,63.373653411865234,21854100,0.0,0.0
2017-05-26 00:00:00-04:00,63.537521558357845,63.9198373398349,63.28263742582398,63.683162689208984,19827900,0.0,0.0
2017-05-30 00:00:00-04:00,63.528405293130156,64.09278106689453,63.51019581452547,64.09278106689453,17072800,0.0,0.0
2017-05-31 00:00:00-04:00,64.20200091349278,64.39315874202664,63.54659867573084,63.57390594482422,30436400,0.0,0.0
2017-06-01 00:00:00-04:00,63.93802358332275,64.27482946396557,63.218902018629656,63.810585021972656,21603600,0.0,0.0
2017-06-02 00:00:00-04:00,64.1200866772903,65.41268182945693,63.93802662037039,65.3216552734375,34770300,0.0,0.0
2017-06-05 00:00:00-04:00,65.51281375908758,66.35026919438745,65.36716571214093,65.79499816894531,33316800,0.0,0.0
2017-06-06 00:00:00-04:00,65.81322543877094,66.10451466652835,65.78591121392365,66.01348114013672,31511100,0.0,0.0
2017-06-07 00:00:00-04:00,66.12268854094131,66.24102235111695,65.49459359450748,65.8951187133789,22301800,0.0,0.0
2017-06-08 00:00:00-04:00,66.00435956224426,66.0134573556991,65.0849754470274,65.49459838867188,24588300,0.0,0.0
2017-06-09 00:00:00-04:00,65.57654635592836,65.61295837505693,62.436077418693856,64.0108642578125,49187400,0.0,0.0
2017-06-12 00:00:00-04:00,63.036870487472186,63.66496571541392,62.01735470289594,63.519317626953125,47761700,0.0,0.0
2017-06-13 00:00:00-04:00,63.73775312047167,64.46597933374174,63.68313858518437,64.31123352050781,25258600,0.0,0.0
2017-06-14 00:00:00-04:00,64.5479057032364,64.72085404023373,63.200689341789925,63.9653205871582,25510700,0.0,0.0
2017-06-15 00:00:00-04:00,63.055033032707634,63.9106976474919,62.627207670194196,63.62851333618164,26068700,0.0,0.0
2017-06-16 00:00:00-04:00,63.473801530741284,63.74688125227445,63.00955697578777,63.719573974609375,48345100,0.0,0.0
2017-06-19 00:00:00-04:00,64.17469924071003,64.57522440868767,64.03815593845574,64.51150512695312,23798300,0.0,0.0
2017-06-20 00:00:00-04:00,64.46599262384525,64.51150937588818,63.601229894080205,63.63764190673828,21512200,0.0,0.0
2017-06-21 00:00:00-04:00,63.91070605388322,64.2839238842746,63.66493370926616,63.9653205871582,19891100,0.0,0.0
2017-06-22 00:00:00-04:00,64.2111111046288,64.25662090868929,63.45557751944045,63.956233978271484,22965700,0.0,0.0
2017-06-23 00:00:00-04:00,63.801491165332095,64.8574187907672,63.646745306567894,64.82100677490234,27617300,0.0,0.0
2017-06-26 00:00:00-04:00,64.99392586824482,65.2761101527266,64.12005880947194,64.20198059082031,19607000,0.0,0.0
2017-06-27 00:00:00-04:00,63.81968770411164,63.883406982733426,62.973127605347585,63.00043487548828,25215100,0.0,0.0
2017-06-28 00:00:00-04:00,63.00043007108236,63.57390353494544,62.61811442850698,63.537498474121094,25806200,0.0,0.0
2017-06-29 00:00:00-04:00,63.15516049586448,63.25529175092955,61.98089964136541,62.34501266479492,28918700,0.0,0.0
2017-06-30 00:00:00-04:00,62.60901258619993,63.15517880726209,62.57260057881175,62.74555587768555,24161100,0.0,0.0
2017-07-03 00:00:00-04:00,63.10967271137731,63.355445094574605,61.917201970274355,62.05374526977539,16165500,0.0,0.0
2017-07-05 00:00:00-04:00,62.13570051788836,63.20983094974932,62.09928849283908,62.88212966918945,21176300,0.0,0.0
2017-07-06 00:00:00-04:00,62.14477912208879,62.60902361698075,62.00824275142779,62.41786575317383,21117600,0.0,0.0
2017-07-07 00:00:00-04:00,62.53618264116124,63.573900446237374,62.53618264116124,63.227996826171875,16878300,0.0,0.0
2017-07-10 00:00:00-04:00,63.228020952361156,63.94714267850171,62.99134630891283,63.70137023925781,15014500,0.0,0.0
2017-07-11 00:00:00-04:00,63.71956158722369,64.33855189186625,63.49199172441217,63.71045684814453,17460000,0.0,0.0
2017-07-12 00:00:00-04:00,64.34767536216559,64.88473706119326,64.22023675748501,64.76640319824219,17750900,0.0,0.0
2017-07-13 00:00:00-04:00,65.0849771293554,65.57652883896279,64.91202182091557,65.33074951171875,20269800,0.0,0.0
2017-07-14 00:00:00-04:00,65.75857801941456,66.6961646347412,65.50370091368075,66.25012969970703,25868100,0.0,0.0
2017-07-17 00:00:00-04:00,66.26834765488414,66.8600237496661,66.19552363110505,66.76899719238281,21803900,0.0,0.0
2017-07-18 00:00:00-04:00,66.53232305402317,66.8054096726689,66.14090954944879,66.7234878540039,26435300,0.0,0.0
2017-07-19 00:00:00-04:00,66.9055522592862,67.39710408886276,66.86003550020449,67.2332534790039,22416200,0.0,0.0
2017-07-20 00:00:00-04:00,67.52453921648916,67.63377526575215,66.70528620922178,67.56095123291016,42361000,0.0,0.0
2017-07-21 00:00:00-04:00,66.86004928782987,67.62468793981286,66.60517205213014,67.16954803466797,46717100,0.0,0.0
2017-07-24 00:00:00-04:00,66.93285511028446,67.13311772518816,66.5687418963579,66.99657440185547,21394800,0.0,0.0
2017-07-25 00:00:00-04:00,67.17863714208569,67.6428747369698,66.90555048460382,67.53364562988281,22018700,0.0,0.0
2017-07-26 00:00:00-04:00,67.67017152537252,67.706583537052,67.18772452416144,67.40619659423828,16252200,0.0,0.0
2017-07-27 00:00:00-04:00,67.14224348476245,67.74302457267066,65.8314382822222,66.59607696533203,36844200,0.0,0.0
2017-07-28 00:00:00-04:00,66.14998771433198,66.73256584601158,66.03165391863678,66.4867935180664,18306700,0.0,0.0
2017-07-31 00:00:00-04:00,66.7234879967608,66.85092656709982,65.91333982322797,66.17731475830078,23600100,0.0,0.0
2017-08-01 00:00:00-04:00,66.54141929507094,66.83270841014706,65.98614833431951,66.06807708740234,22132300,0.0,0.0
2017-08-02 00:00:00-04:00,66.04078396521359,66.04988176037592,65.03037311165117,65.77680206298828,26499200,0.0,0.0
2017-08-03 00:00:00-04:00,65.71306300531819,65.94063282379359,65.4035644408542,65.67665100097656,18214400,0.0,0.0
2017-08-04 00:00:00-04:00,65.9042034868911,66.4867815133819,65.75855550782947,66.1590805053711,22579000,0.0,0.0
2017-08-07 00:00:00-04:00,66.26835669291228,66.35938326261025,65.7768048826847,65.90424346923828,18705700,0.0,0.0
2017-08-08 00:00:00-04:00,65.62205455384476,66.56874619320767,65.3125628162035,66.2592544555664,22044600,0.0,0.0
2017-08-09 00:00:00-04:00,65.76769394158497,66.00436855639138,65.58564081935323,65.96795654296875,22213400,0.0,0.0
2017-08-10 00:00:00-04:00,65.44909437677133,65.71307625280602,64.94843789724325,65.00305938720703,24734500,0.0,0.0
2017-08-11 00:00:00-04:00,65.18512150201433,66.17732291405956,64.88472757281671,65.99526977539062,21443700,0.0,0.0
2017-08-14 00:00:00-04:00,66.5050103077193,67.10579804134213,66.40487901878217,66.98745727539062,20096600,0.0,0.0
2017-08-15 00:00:00-04:00,67.34435352367521,67.34435352367521,66.84103665992691,67.0057601928711,19181400,0.39,0.0
2017-08-16 00:00:00-04:00,67.11558948993107,67.81108981627021,66.96001916145153,67.39928436279297,18150400,0.0,0.0
2017-08-17 00:00:00-04:00,67.33523183730368,67.60062023624529,66.25537872314453,66.25537872314453,22977500,0.0,0.0
2017-08-18 00:00:00-04:00,66.13639320982836,66.65801664551995,65.82525259080089,66.33772277832031,18761500,0.0,0.0
2017-08-21 00:00:00-04:00,66.31940658266583,66.32855982853572,65.61475327018407,66.02656555175781,17734800,0.0,0.0
2017-08-22 00:00:00-04:00,66.20962226675844,67.02408701657245,66.20962226675844,66.95088195800781,14343700,0.0,0.0
2017-08-23 00:00:00-04:00,66.76782393286223,66.94170071073799,66.37431810737814,66.5481948852539,13766500,0.0,0.0
2017-08-24 00:00:00-04:00,66.56650422961584,66.67632226058251,65.95336926595444,66.520751953125,17098300,0.0,0.0
2017-08-25 00:00:00-04:00,66.67633074642634,67.12474221164803,66.32858407693168,66.63972473144531,12794300,0.0,0.0
2017-08-28 00:00:00-04:00,66.85935587006192,66.8868086366606,66.39264487411677,66.64888000488281,14569700,0.0,0.0
2017-08-29 00:00:00-04:00,66.11811325759989,66.95088454059197,65.9350901313016,66.8502197265625,11478400,0.0,0.0
2017-08-30 00:00:00-04:00,66.81359231634555,67.9117446863607,66.64886876265503,67.72872161865234,16897800,0.0,0.0
2017-08-31 00:00:00-04:00,67.74703102584434,68.59810168054773,67.53655516543195,68.42422485351562,27652800,0.0,0.0
2017-09-01 00:00:00-04:00,68.36929631996178,68.39674907670276,67.39010843220673,67.6646499633789,21736200,0.0,0.0
2017-09-05 00:00:00-04:00,67.11556686534863,67.61889067826961,66.78612680275081,67.36265563964844,21556000,0.0,0.0
2017-09-06 00:00:00-04:00,67.48161170563927,67.7561532032757,67.12471194784007,67.17047119140625,16535800,0.0,0.0
2017-09-07 00:00:00-04:00,67.42672660998586,68.26864388417465,67.35351459086968,68.03070831298828,17471200,0.0,0.0
2017-09-08 00:00:00-04:00,68.02154959599186,68.1222143583798,67.5731312973979,67.70125579833984,14703800,0.0,0.0
2017-09-11 00:00:00-04:00,68.00324961551263,68.5797854883756,68.00324961551263,68.4150619506836,17910400,0.0,0.0
2017-09-12 00:00:00-04:00,68.41509284412514,68.85435115506696,68.05819284827804,68.34188079833984,14394900,0.0,0.0
2017-09-13 00:00:00-04:00,68.57066909649609,68.84521080083668,68.2229223219655,68.826904296875,13380800,0.0,0.0
2017-09-14 00:00:00-04:00,68.63470769581153,69.08311916449678,68.19544249452959,68.42422485351562,15733900,0.0,0.0
2017-09-15 00:00:00-04:00,68.479152935622,68.99162330205465,67.78365245125975,68.91841125488281,38578400,0.0,0.0
2017-09-18 00:00:00-04:00,68.8451714343636,69.52236507412145,68.67129465558031,68.78111267089844,23307000,0.0,0.0
2017-09-19 00:00:00-04:00,68.82685550181263,69.28442003006444,68.64383248326415,69.03733825683594,16093300,0.0,0.0
2017-09-20 00:00:00-04:00,68.95500291208292,69.13803299187923,68.00326744279307,68.57980346679688,21587900,0.0,0.0
2017-09-21 00:00:00-04:00,68.73535319213099,68.8543174719217,67.82022401314576,67.91173553466797,19186100,0.0,0.0
2017-09-22 00:00:00-04:00,67.71041273919793,68.18628386949996,67.5822951999356,68.09477233886719,14111400,0.0,0.0
2017-09-25 00:00:00-04:00,67.80194109241694,67.94836516326498,66.73124125640553,67.04238891601562,24149200,0.0,0.0
2017-09-26 00:00:00-04:00,67.41758837926679,67.54570595031683,66.79530004193055,67.04238891601562,18019600,0.0,0.0
2017-09-27 00:00:00-04:00,67.30776367440319,67.8751393793039,66.96001006752076,67.5822982788086,19565100,0.0,0.0
2017-09-28 00:00:00-04:00,67.29859167311267,67.69209744680145,67.08810891802678,67.6005859375,10883800,0.0,0.0
2017-09-29 00:00:00-04:00,67.6646594773186,68.21373563498422,67.60974697423453,68.16797637939453,17079100,0.0,0.0
2017-10-02 00:00:00-04:00,68.36932833173867,68.6438699914563,67.99412884413464,68.27781677246094,15304800,0.0,0.0
2017-10-03 00:00:00-04:00,68.33269598612293,68.52487228113456,67.89343787806253,67.9574966430664,12190400,0.0,0.0
2017-10-04 00:00:00-04:00,67.80192242160562,68.37845831445249,67.45417582192748,68.35100555419922,13317700,0.0,0.0
2017-10-05 00:00:00-04:00,68.83603000977956,69.65964781141284,68.5980944266671,69.52237701416016,21195300,0.0,0.0
2017-10-06 00:00:00-04:00,69.24781803513025,69.57726507307655,69.12885376438115,69.54981231689453,13959800,0.0,0.0
2017-10-09 00:00:00-04:00,69.52236736643619,70.05314398515237,69.4217025945458,69.8152084350586,11386500,0.0,0.0
2017-10-10 00:00:00-04:00,69.85181444137163,70.12634901589662,69.67793765685519,69.8152084350586,13944500,0.0,0.0
2017-10-11 00:00:00-04:00,69.87928331158611,69.97079485752613,69.50407689678357,69.93418884277344,15388900,0.0,0.0
2017-10-12 00:00:00-04:00,69.99823975560047,70.73034600460169,69.88842870556813,70.57477569580078,16876500,0.0,0.0
2017-10-13 00:00:00-04:00,71.00489503813426,71.26113716466507,70.73036037539163,70.91338348388672,15335700,0.0,0.0
2017-10-16 00:00:00-04:00,70.84931636063918,71.2062162675258,70.78525758201552,71.05979919433594,12380100,0.0,0.0
2017-10-17 00:00:00-04:00,70.89504890627748,71.03231966070673,70.69371939736531,71.0048599243164,16824000,0.0,0.0
2017-10-18 00:00:00-04:00,71.07809888922402,71.24282246065434,70.80356425809566,71.023193359375,13300700,0.0,0.0
2017-10-19 00:00:00-04:00,70.986574293132,71.31602137541681,70.78524474485994,71.29772186279297,15092800,0.0,0.0
2017-10-20 00:00:00-04:00,71.672934070562,72.26776957479606,71.58142252726826,72.12134552001953,22866400,0.0,0.0
2017-10-23 00:00:00-04:00,72.2860578582472,72.60635170094675,72.07558203956556,72.13964080810547,20627200,0.0,0.0
2017-10-24 00:00:00-04:00,72.20370500978392,72.47823961766348,71.80104587330136,72.16709899902344,17517200,0.0,0.0
2017-10-25 00:00:00-04:00,71.91085935915478,72.38672350519,71.38923595709136,71.95661163330078,20410800,0.0,0.0
2017-10-26 00:00:00-04:00,72.47823654917401,72.67956610889165,72.06643116384782,72.0755844116211,32120700,0.0,0.0
2017-10-27 00:00:00-04:00,77.20944512524447,78.884126081662,76.51394505031135,76.69696807861328,71066700,0.0,0.0
2017-10-30 00:00:00-04:00,76.59631059720316,77.17284645671461,76.05638772508851,76.77018737792969,31756700,0.0,0.0
2017-10-31 00:00:00-04:00,77.20031343526804,77.20031343526804,76.05640173427354,76.1204605102539,27086600,0.0,0.0
2017-11-01 00:00:00-04:00,76.57802519065172,76.65123721516727,75.84591890926205,76.1204605102539,22307400,0.0,0.0
2017-11-02 00:00:00-04:00,76.2760463631773,77.29184071912583,76.06557047717534,76.91664123535156,23992900,0.0,0.0
2017-11-03 00:00:00-04:00,76.94409500996973,77.36505376935798,76.32180663046438,76.9990005493164,17633500,0.0,0.0
2017-11-06 00:00:00-05:00,77.05386795752047,77.51143251066935,76.94405693316857,77.30095672607422,19860900,0.0,0.0
2017-11-07 00:00:00-05:00,77.57555350667295,77.69452485434462,76.80684779196328,77.11798858642578,17939700,0.0,0.0
2017-11-08 00:00:00-05:00,76.99898626035264,77.42909819044282,76.71529838386044,77.38333892822266,18034200,0.0,0.0
2017-11-09 00:00:00-05:00,76.97153831030984,77.117955391183,75.86423251777528,76.95323181152344,21178400,0.0,0.0
2017-11-10 00:00:00-05:00,76.67867245266751,76.96236025546992,76.16620236195833,76.75188446044922,19397800,0.0,0.0
2017-11-13 00:00:00-05:00,76.55971140356412,76.8159464597195,76.37668137639484,76.80679321289062,14196900,0.0,0.0
2017-11-14 00:00:00-05:00,76.41331719163495,76.9623935235812,75.93745289911736,76.91664123535156,18801300,0.0,0.0
2017-11-15 00:00:00-05:00,76.76944992426284,76.97179055501698,76.05206551845832,76.31878662109375,19383100,0.42,0.0
2017-11-16 00:00:00-05:00,76.42917754718351,76.72348938761492,76.28202513544171,76.52114868164062,20962800,0.0,0.0
2017-11-17 00:00:00-05:00,76.44755785240396,76.44755785240396,75.6381952204715,75.78535461425781,22079000,0.0,0.0
2017-11-20 00:00:00-05:00,75.78536073095984,75.9601037540021,75.64740054238682,75.90492248535156,16315000,0.0,0.0
2017-11-21 00:00:00-05:00,76.09806346615169,77.10975981444216,76.09806346615169,76.99939727783203,21237500,0.0,0.0
2017-11-22 00:00:00-05:00,77.1005653899241,77.16494587340478,76.37398163810136,76.43836212158203,20553100,0.0,0.0
2017-11-24 00:00:00-05:00,76.34637033638742,76.73265313269768,76.13483050967778,76.57630157470703,7425600,0.0,0.0
2017-11-27 00:00:00-05:00,76.62229354820411,77.23851467968701,76.6131013496794,77.13734436035156,18265200,0.0,0.0
2017-11-28 00:00:00-05:00,77.32130134458636,78.2318273756663,77.27531227539224,78.06627655029297,21926000,0.0,0.0
2017-11-29 00:00:00-05:00,77.90991300823849,78.103054438765,76.50273471658413,76.64988708496094,27381100,0.0,0.0
2017-11-30 00:00:00-05:00,76.80623891559726,77.7351561400147,76.64988032823875,77.41325378417969,33054600,0.0,0.0
2017-12-01 00:00:00-05:00,76.88902596835317,78.00189262775271,76.53953291549144,77.49604797363281,29532100,0.0,0.0
2017-12-04 00:00:00-05:00,77.64319832556843,77.6523975421506,74.22181951941894,74.57131958007812,39094900,0.0,0.0
2017-12-05 00:00:00-05:00,74.81042824671732,76.04286339742072,74.47933370179831,75.04035949707031,26152300,0.0,0.0
2017-12-06 00:00:00-05:00,75.00359150240826,76.46595117567259,74.89322195431525,76.13484954833984,26162100,0.0,0.0
2017-12-07 00:00:00-05:00,75.91410734594216,76.1532378264491,75.41745497117172,75.86811828613281,23184500,0.0,0.0
2017-12-08 00:00:00-05:00,76.91660779461333,77.79035085214026,76.64069447403561,77.40406799316406,24489100,0.0,0.0
2017-12-11 00:00:00-05:00,77.52362455096456,78.51692927935038,77.36727297805527,78.38816833496094,22857900,0.0,0.0
2017-12-12 00:00:00-05:00,78.46175327839957,79.14235496742693,78.25022041536248,78.7100830078125,23924100,0.0,0.0
2017-12-13 00:00:00-05:00,78.85727336611819,79.09640399410208,78.33303003892829,78.49858093261719,22062700,0.0,0.0
2017-12-14 00:00:00-05:00,78.5721276114763,78.97680896289891,77.74437349126946,77.89153289794922,19306000,0.0,0.0
2017-12-15 00:00:00-05:00,78.4157834075802,80.09887542445843,78.0662832921939,79.87814331054688,53936700,0.0,0.0
2017-12-18 00:00:00-05:00,80.12647122478222,80.47596431513551,79.30791626338976,79.44586944580078,22283800,0.0,0.0
2017-12-19 00:00:00-05:00,79.41826405384558,79.41826405384558,78.42495922335338,78.94001007080078,23524800,0.0,0.0
2017-12-20 00:00:00-05:00,79.28027459202369,79.37225268515932,77.90988661101127,78.65486145019531,23674900,0.0,0.0
2017-12-21 00:00:00-05:00,79.14234911864868,79.18833116432774,78.5445263892547,78.6364974975586,17990700,0.0,0.0
2017-12-22 00:00:00-05:00,78.5445434599462,78.75607635332464,78.10307222041506,78.64571380615234,14145800,0.0,0.0
2017-12-26 00:00:00-05:00,78.46176148116625,78.66410216570932,78.20423952518307,78.54454040527344,9891200,0.0,0.0
2017-12-27 00:00:00-05:00,78.77448485705662,79.07799593446582,78.37900263960022,78.82966613769531,14678000,0.0,0.0
2017-12-28 00:00:00-05:00,79.00439511396286,79.03198574691288,78.68249270130207,78.8388442993164,10594300,0.0,0.0
2017-12-29 00:00:00-05:00,78.75607360426734,79.1423635567285,78.636511843355,78.67330169677734,18717400,0.0,0.0
2018-01-02 00:00:00-05:00,79.21592006079612,79.38147085889692,78.6364957759161,79.05036926269531,22483800,0.0,0.0
2018-01-03 00:00:00-05:00,79.15155276127561,79.56543333390027,79.06878085691875,79.41827392578125,26061400,0.0,0.0
2018-01-04 00:00:00-05:00,79.63901033797488,80.62312314498602,79.62061891943647,80.11727142333984,21912000,0.0,0.0
2018-01-05 00:00:00-05:00,80.62314988468876,81.31294408828691,80.41160990812755,81.11060333251953,23407100,0.0,0.0
2018-01-08 00:00:00-05:00,81.11974154454894,81.4692415325989,80.56790795235067,81.19332122802734,22113000,0.0,0.0
2018-01-09 00:00:00-05:00,81.53361983438693,81.60719951590971,80.80703626747497,81.13813781738281,19484300,0.0,0.0
2018-01-10 00:00:00-05:00,80.80708405196984,81.11059515502119,80.39321037831712,80.77029418945312,18652200,0.0,0.0
2018-01-11 00:00:00-05:00,81.05537383136951,81.05537383136951,80.23681902045526,81.00939178466797,17808900,0.0,0.0
2018-01-12 00:00:00-05:00,81.55202685617006,82.5729223276381,81.34968620172472,82.4073715209961,24271500,0.0,0.0
2018-01-16 00:00:00-05:00,82.86724006569965,83.50185270639079,80.94501774381847,81.25772094726562,36599700,0.0,0.0
2018-01-17 00:00:00-05:00,81.92912336927127,83.03279081420175,81.62561236598411,82.9040298461914,25621200,0.0,0.0
2018-01-18 00:00:00-05:00,82.59131994598062,83.3914763227422,82.46255898841102,82.86723327636719,24159700,0.0,0.0
2018-01-19 00:00:00-05:00,82.90400659840735,83.336278448488,82.46254255100827,82.7752456665039,36875000,0.0,0.0
2018-01-22 00:00:00-05:00,82.77526157388553,84.26521880831598,82.53613107570501,84.25601959228516,23601600,0.0,0.0
2018-01-23 00:00:00-05:00,84.52273559570312,84.89062702822089,84.19163400813169,84.52273559570312,23412800,0.0,0.0
2018-01-24 00:00:00-05:00,85.12057549994422,85.92993120150392,84.22844087628869,84.44917297363281,33277500,0.0,0.0
2018-01-25 00:00:00-05:00,85.04698147319905,85.75516671568646,84.5503290751013,84.91822052001953,26383200,0.0,0.0
2018-01-26 00:00:00-05:00,85.64481668553067,86.50935363769531,85.14816421499522,86.50935363769531,29172200,0.0,0.0
2018-01-29 00:00:00-05:00,87.50265825507105,87.78777083236298,86.19665010605726,86.3805923461914,31569900,0.0,0.0
2018-01-30 00:00:00-05:00,85.81037719583716,86.14147888023756,84.70670257552,85.29532623291016,38635100,0.0,0.0
2018-01-31 00:00:00-05:00,86.22425410645064,87.74180238211373,86.0035219806835,87.38311004638672,48756300,0.0,0.0
2018-02-01 00:00:00-05:00,87.18075923993204,88.35800646355781,86.06789250456873,86.69330596923828,47227900,0.0,0.0
2018-02-02 00:00:00-05:00,86.12305802621047,86.4265689940653,84.15484686845686,84.41236877441406,47867800,0.0,0.0
2018-02-05 00:00:00-05:00,83.29029236017959,85.75515559959206,80.93579864501953,80.93579864501953,51031500,0.0,0.0
2018-02-06 00:00:00-05:00,79.91493700091026,84.13648010663182,78.40658795239018,83.99851989746094,67998600,0.0,0.0
2018-02-07 00:00:00-05:00,83.22594359827781,84.40319090435028,82.03949707411019,82.41658782958984,41107600,0.0,0.0
2018-02-08 00:00:00-05:00,82.5085341293745,82.66488570520217,77.95589789804686,78.18582916259766,55628700,0.0,0.0
2018-02-09 00:00:00-05:00,79.3722908438483,81.79116569361648,77.10056838334353,81.10137176513672,63499100,0.0,0.0
2018-02-12 00:00:00-05:00,81.6164130157809,82.57292807439941,80.87143784251744,81.97510528564453,35720300,0.0,0.0
2018-02-13 00:00:00-05:00,81.79115770643202,82.77526333428399,80.75187081511324,82.61891174316406,26407700,0.0,0.0
2018-02-14 00:00:00-05:00,81.78726678093133,84.07889560579135,81.69486364362217,83.91256713867188,34960900,0.42,0.0
2018-02-15 00:00:00-05:00,84.28219993700782,85.67751079358638,83.73701640656893,85.6220703125,27823900,0.0,0.0
2018-02-16 00:00:00-05:00,85.4280171224445,86.39826787036398,84.82739309268452,85.01219940185547,30596900,0.0,0.0
2018-02-20 00:00:00-05:00,84.53169097217695,85.99167759976208,84.09738843077885,85.67750549316406,30911700,0.0,0.0
2018-02-21 00:00:00-05:00,85.91776474979562,86.26889954702081,84.54093170166016,84.54093170166016,26922500,0.0,0.0
2018-02-22 00:00:00-05:00,85.05839724126503,85.68674850866587,84.42080354422218,84.76270294189453,24392800,0.0,0.0
2018-02-23 00:00:00-05:00,86.4906579916455,86.92496050765173,85.3448435376494,86.91571807861328,26329200,0.0,0.0
2018-02-26 00:00:00-05:00,87.22989341350915,88.2001369230107,87.0912851836068,88.17241668701172,30199800,0.0,0.0
2018-02-27 00:00:00-05:00,88.46812849709934,88.56053165205499,87.04509735107422,87.04509735107422,25869100,0.0,0.0
2018-02-28 00:00:00-05:00,87.6364947750868,88.440417108482,86.51840027341207,86.64776611328125,31167300,0.0,0.0
2018-03-01 00:00:00-05:00,86.85104942563119,87.38699759927515,84.86434985085366,85.79763793945312,37135600,0.0,0.0
2018-03-02 00:00:00-05:00,84.62408160342589,86.07483263679295,83.95876777030598,85.98242950439453,32830400,0.0,0.0
2018-03-05 00:00:00-05:00,85.3263564611165,87.10976452415015,85.25243818045402,86.52761840820312,23901600,0.0,0.0
2018-03-06 00:00:00-05:00,87.17445698721748,87.31306523476196,85.8807988098912,86.23193359375,22175800,0.0,0.0
2018-03-07 00:00:00-05:00,86.08408222439178,86.80483658691256,85.40952590695882,86.73091125488281,26716100,0.0,0.0
2018-03-08 00:00:00-05:00,87.10977870931482,87.87673827658047,86.64775589287653,87.25762939453125,25887800,0.0,0.0
2018-03-09 00:00:00-05:00,88.05230989320697,89.20736694335938,87.78433581158257,89.20736694335938,36937300,0.0,0.0
2018-03-12 00:00:00-04:00,89.17040214250625,89.82647368533773,88.74534200418903,89.41989135742188,26073700,0.0,0.0
2018-03-13 00:00:00-04:00,89.63244146757188,89.85421048279524,86.83258385693125,87.23916625976562,35387800,0.0,0.0
2018-03-14 00:00:00-04:00,87.89522930089198,88.16320339920708,86.39827273268983,86.72168731689453,32132000,0.0,0.0
2018-03-15 00:00:00-04:00,86.42596514924868,87.39621563938248,85.77913618909744,87.02659606933594,27611000,0.0,0.0
2018-03-16 00:00:00-04:00,87.48863633737025,88.13546542740652,86.78635971825351,87.41471099853516,49081300,0.0,0.0
2018-03-19 00:00:00-04:00,86.6200397712735,86.76789046352128,85.11384785602169,85.83460235595703,33344100,0.0,0.0
2018-03-20 00:00:00-04:00,85.98244005235989,86.64774691718975,85.93623495553888,86.05635833740234,23075200,0.0,0.0
2018-03-21 00:00:00-04:00,85.87153659104085,86.9064699443105,85.20622279607512,85.45571899414062,24457100,0.0,0.0
2018-03-22 00:00:00-04:00,84.337638155909,84.78118314242853,82.84993123736358,82.97005462646484,38604700,0.0,0.0
2018-03-23 00:00:00-04:00,82.70208955971007,83.58917257938937,80.46590067364919,80.55830383300781,44068900,0.0,0.0
2018-03-26 00:00:00-04:00,83.7277673666401,86.86028119908245,83.53371864824813,86.65699005126953,56396800,0.0,0.0
2018-03-27 00:00:00-04:00,87.72886043399512,87.91366666854724,81.78724904935825,82.67433166503906,56569000,0.0,0.0
2018-03-28 00:00:00-04:00,82.99778089477907,84.30068865926589,82.11994033778943,82.6004409790039,52501100,0.0,0.0
2018-03-29 00:00:00-04:00,83.33041745783959,85.28015388611503,81.68561771453396,84.3376235961914,45867500,0.0,0.0
2018-04-02 00:00:00-04:00,83.59839403974992,83.97724901305776,80.86322031937621,81.79650115966797,48515400,0.0,0.0
2018-04-03 00:00:00-04:00,82.77600240941828,83.21030494773174,81.21436316737407,82.89612579345703,37213800,0.0,0.0
2018-04-04 00:00:00-04:00,81.17738917766125,85.71445559844452,81.06650823859991,85.3171157836914,35560000,0.0,0.0
2018-04-05 00:00:00-04:00,85.41878218873008,86.00092841058158,84.45777386621495,85.36333465576172,29771900,0.0,0.0
2018-04-06 00:00:00-04:00,84.54093273801065,85.43725812734291,82.68360609713334,83.37664031982422,38026000,0.0,0.0
2018-04-09 00:00:00-04:00,84.12510659467954,86.09332105193137,83.73700916083968,83.8756103515625,31533900,0.0,0.0
2018-04-10 00:00:00-04:00,85.37255237787102,86.19495220481103,84.67951834056831,85.82533264160156,26812000,0.0,0.0
2018-04-11 00:00:00-04:00,85.02143600612344,86.20421322354785,84.53169297546253,84.88282775878906,24872100,0.0,0.0
2018-04-12 00:00:00-04:00,85.4095369833945,87.00813900879277,85.4095369833945,86.4721908569336,26758900,0.0,0.0
2018-04-13 00:00:00-04:00,86.9064953829433,87.02661877834338,85.41878133647961,86.01016998291016,23346100,0.0,0.0
2018-04-16 00:00:00-04:00,86.92496898167836,87.47015954957152,86.32433793396532,87.01737213134766,20288100,0.0,0.0
2018-04-17 00:00:00-04:00,87.78432757016371,89.2073585683427,87.67343956579238,88.77305603027344,26771000,0.0,0.0
2018-04-18 00:00:00-04:00,88.91165333329467,89.37367605313102,88.26481729557942,89.11494445800781,21043300,0.0,0.0
2018-04-19 00:00:00-04:00,89.11496483296135,89.69711105508857,88.09850897699643,88.81002807617188,23552500,0.0,0.0
2018-04-20 00:00:00-04:00,88.62520945550824,88.810015740063,86.90648421949928,87.7843246459961,31154400,0.0,0.0
2018-04-23 00:00:00-04:00,88.46812717283359,88.97635509234529,87.44243595338908,88.10774993896484,22331800,0.0,0.0
2018-04-24 00:00:00-04:00,88.93015234674765,89.14268595051311,85.391062826786,86.04713439941406,34524800,0.0,0.0
2018-04-25 00:00:00-04:00,86.21344750614871,86.21344750614871,83.4228261632135,85.29863739013672,33729300,0.0,0.0
2018-04-26 00:00:00-04:00,86.44448377549493,87.92295558335212,86.02865895303188,87.10055541992188,42529000,0.0,0.0
2018-04-27 00:00:00-04:00,90.18685333906953,90.46406985190922,86.77712971063046,88.54205322265625,48272800,0.0,0.0
2018-04-30 00:00:00-04:00,89.01331331759467,89.07799622685539,86.07484806134876,86.41674041748047,41523600,0.0,0.0
2018-05-01 00:00:00-04:00,86.13028231457206,88.05229869353596,85.74218488706238,87.7843246459961,31408900,0.0,0.0
2018-05-02 00:00:00-04:00,87.77508468463739,87.94141316537622,86.11180692715723,86.40750122070312,27471000,0.0,0.0
2018-05-03 00:00:00-04:00,85.89927377677286,87.71964464450473,85.42800857068147,86.92496490478516,31142500,0.0,0.0
2018-05-04 00:00:00-04:00,86.2319272673005,88.12622339497965,85.86230765093534,87.93217468261719,22531300,0.0,0.0
2018-05-07 00:00:00-04:00,87.94139355236129,89.36442422577764,87.87671066038358,88.9116439819336,24242000,0.0,0.0
2018-05-08 00:00:00-04:00,88.56976906635501,88.8562279953753,87.83977219870397,88.53280639648438,23484600,0.0,0.0
2018-05-09 00:00:00-04:00,88.71762547745155,89.60470846193158,87.83054249297152,89.57698822021484,27327400,0.0,0.0
2018-05-10 00:00:00-04:00,90.05746482524356,90.51024510223311,89.67860987304206,90.4732894897461,22388100,0.0,0.0
2018-05-11 00:00:00-04:00,90.37166129732981,90.4363442064727,89.66938467670109,90.27925109863281,16778300,0.0,0.0
2018-05-14 00:00:00-04:00,90.48253716633529,91.19405617679294,89.91886882554965,90.58418273925781,19454100,0.0,0.0
2018-05-15 00:00:00-04:00,89.8541600136263,90.41782819189721,89.02251786126708,89.92808532714844,24594000,0.0,0.0
2018-05-16 00:00:00-04:00,90.35502317308286,90.39214605339058,89.66826758855363,90.1601333618164,17384700,0.42,0.0
2018-05-17 00:00:00-04:00,89.79817397706762,90.52205227945322,88.93508667488544,89.25990295410156,17246700,0.0,0.0
2018-05-18 00:00:00-04:00,89.10213988359772,89.95594473432259,89.10213988359772,89.42695617675781,17865800,0.0,0.0
2018-05-21 00:00:00-04:00,90.02092212959856,90.95825536316899,89.83531481306385,90.57775115966797,19422500,0.0,0.0
2018-05-22 00:00:00-04:00,90.65200426458883,91.10674718327533,90.206536756155,90.48495483398438,15441200,0.0,0.0
2018-05-23 00:00:00-04:00,89.75178965921067,91.62645619099568,89.38985042316152,91.56149291992188,21251200,0.0,0.0
2018-05-24 00:00:00-04:00,91.62645050106227,91.82134030218118,89.84458774139709,91.23666381835938,26649300,0.0,0.0
2018-05-25 00:00:00-04:00,91.22739264537769,91.85846744612398,90.8190480447579,91.28307342529297,18363900,0.0,0.0
2018-05-29 00:00:00-04:00,90.80049318379521,91.76566693252838,90.23438867048074,90.95826721191406,28671000,0.0,0.0
2018-05-30 00:00:00-04:00,91.23666789242282,92.10903787202263,90.86545325302879,91.83061981201172,22158500,0.0,0.0
2018-05-31 00:00:00-04:00,92.14615029702637,92.79578292272309,91.51507556900758,91.72852325439453,34140900,0.0,0.0
2018-06-01 00:00:00-04:00,92.13688738675268,93.60320943115933,92.03480122666954,93.53824615478516,28655600,0.0,0.0
2018-06-04 00:00:00-04:00,93.97442230236908,94.53125134442237,93.59391809067897,94.35491943359375,27281600,0.0,0.0
2018-06-05 00:00:00-04:00,94.66115440000812,94.96741277531942,94.22496951646723,94.83748626708984,23514400,0.0,0.0
2018-06-06 00:00:00-04:00,95.10663798213281,95.21799953361742,94.56836688174101,95.11591339111328,21122900,0.0,0.0
2018-06-07 00:00:00-04:00,95.26440354358084,95.30152642036862,93.15772453877973,93.62174987792969,28232200,0.0,0.0
2018-06-08 00:00:00-04:00,93.81663136942161,94.61475544857531,93.30620778979997,94.31777954101562,22165100,0.0,0.0
2018-06-11 00:00:00-04:00,93.74239525292857,94.28065923220367,93.42685435980175,93.7795181274414,23490900,0.0,0.0
2018-06-12 00:00:00-04:00,93.82593080692773,94.15074715817448,93.50111445568098,94.02082061767578,18325200,0.0,0.0
2018-06-13 00:00:00-04:00,94.40130147222149,94.67043697679662,93.32475945392096,93.5938949584961,29492900,0.0,0.0
2018-06-14 00:00:00-04:00,94.33635669658648,94.68901341969567,93.73312231509927,94.1229019165039,25691800,0.0,0.0
2018-06-15 00:00:00-04:00,94.20642706287195,94.22498496117649,92.87003181007078,92.92571258544922,65738600,0.0,0.0
2018-06-18 00:00:00-04:00,92.81435350290982,93.83520786796288,92.26679990208967,93.60319519042969,23586000,0.0,0.0
2018-06-19 00:00:00-04:00,92.48025468082483,93.73312172341107,92.3410456582119,93.60319519042969,28653100,0.0,0.0
2018-06-20 00:00:00-04:00,94.07652476966322,95.14377766851176,93.84451203852804,94.5405502319336,26180800,0.0,0.0
2018-06-21 00:00:00-04:00,94.73540693904744,95.08806361804957,93.62174197086608,93.863037109375,23198200,0.0,0.0
2018-06-22 00:00:00-04:00,93.18558502197266,93.51967679879573,92.46169944420303,93.18558502197266,38923100,0.0,0.0
2018-06-25 00:00:00-04:00,92.80507536576353,92.90716151510308,90.29934116307405,91.3109130859375,35433300,0.0,0.0
2018-06-26 00:00:00-04:00,91.70997587684897,92.87932181770438,91.64501260682731,91.9512710571289,26897200,0.0,0.0
2018-06-27 00:00:00-04:00,92.41529623547164,92.8236337545161,90.39214529861948,90.5220718383789,31298400,0.0,0.0
2018-06-28 00:00:00-04:00,90.37357462538111,91.979105451934,90.26221307286839,91.53363800048828,26650700,0.0,0.0
2018-06-29 00:00:00-04:00,91.81205926421747,92.7215520976185,91.2552302407209,91.51508331298828,28053200,0.0,0.0
2018-07-02 00:00:00-04:00,91.04178864686662,92.86076749673566,90.9489849762494,92.81436920166016,19564500,0.0,0.0
2018-07-03 00:00:00-04:00,93.2505442778549,93.38974622867329,91.82134524557391,91.92343139648438,14670300,0.0,0.0
2018-07-05 00:00:00-04:00,92.34105648910352,92.73083613376583,91.90487147130558,92.58235168457031,18977400,0.0,0.0
2018-07-06 00:00:00-04:00,92.7030013671571,94.13220056477317,92.49882904171677,93.88162994384766,19234600,0.0,0.0
2018-07-09 00:00:00-04:00,94.33633487060243,94.89316375527419,93.96511325400012,94.52194213867188,18212000,0.0,0.0
2018-07-10 00:00:00-04:00,94.66115336091181,95.13446111024618,94.53122685410844,94.77252197265625,19293100,0.0,0.0
2018-07-11 00:00:00-04:00,93.87233246911178,94.97670801972511,93.82592710056733,94.64261627197266,19644600,0.0,0.0
2018-07-12 00:00:00-04:00,95.37575863118296,96.89776815449689,95.33864283737478,96.69359588623047,24335900,0.0,0.0
2018-07-13 00:00:00-04:00,96.86067444513115,98.00217308074333,96.60081424697955,97.84440612792969,24635200,0.0,0.0
2018-07-16 00:00:00-04:00,97.81658232752505,98.20636207017489,96.99989287001003,97.3618392944336,21786900,0.0,0.0
2018-07-17 00:00:00-04:00,97.08338836983258,98.83740370004402,96.81425280587615,98.32697296142578,25901700,0.0,0.0
2018-07-18 00:00:00-04:00,98.3177030252555,98.41978917866221,97.1854799278105,97.55670166015625,29493900,0.0,0.0
2018-07-19 00:00:00-04:00,97.3803698148374,97.73302656656561,96.41519614222446,96.88850402832031,40171600,0.0,0.0
2018-07-20 00:00:00-04:00,100.30371600629688,100.41507755286062,98.44761470527939,98.62393951416016,56004000,0.0,0.0
2018-07-23 00:00:00-04:00,98.65178675518554,100.35939654958531,98.49401276380756,100.20162963867188,29707000,0.0,0.0
2018-07-24 00:00:00-04:00,100.75844748583204,100.99046012230863,99.54270353644316,99.91392517089844,26316600,0.0,0.0
2018-07-25 00:00:00-04:00,100.19234243523124,103.15282613001636,99.85824365109718,102.85585021972656,30702100,0.0,0.0
2018-07-26 00:00:00-04:00,102.7723531346654,103.01364834755962,101.62157201853856,101.73294067382812,31372100,0.0,0.0
2018-07-27 00:00:00-04:00,102.25262956826116,102.25262956826116,98.50330377477187,99.93250274658203,37005300,0.0,0.0
2018-07-30 00:00:00-04:00,99.47777141622036,99.7933053019624,97.22260760062328,97.7887191772461,34668300,0.0,0.0
2018-07-31 00:00:00-04:00,98.828128987014,99.04158378917822,97.79799201926023,98.4476318359375,27655200,0.0,0.0
2018-08-01 00:00:00-04:00,98.40122704173035,98.79100668574907,97.8351154766464,98.63323974609375,23628700,0.0,0.0
2018-08-02 00:00:00-04:00,97.81654549256709,100.31299706841747,97.29683228427572,99.83041381835938,26104300,0.0,0.0
2018-08-03 00:00:00-04:00,100.04388659507107,100.27589931251747,99.13439362727607,100.26661682128906,18659600,0.0,0.0
2018-08-06 00:00:00-04:00,100.3408375065956,100.6192484496533,99.82112433471853,100.35011291503906,20265900,0.0,0.0
2018-08-07 00:00:00-04:00,100.74918950260502,101.25033776894207,100.38725026810583,101.0461654663086,16080200,0.0,0.0
2018-08-08 00:00:00-04:00,101.46379735068922,101.85357699385962,100.93480866911058,101.6122817993164,15487500,0.0,0.0
2018-08-09 00:00:00-04:00,101.81645790562924,102.2340850364162,101.71437174569016,101.77933502197266,13677200,0.0,0.0
2018-08-10 00:00:00-04:00,101.54731135392441,101.79788902145596,100.58213772438039,101.15753173828125,18183700,0.0,0.0
2018-08-13 00:00:00-04:00,101.38027634618854,101.69581732784579,100.32229890736458,100.42438507080078,18472500,0.0,0.0
2018-08-14 00:00:00-04:00,100.74918770924316,101.85357037357572,100.26660443198952,101.67723846435547,16788300,0.0,0.0
2018-08-15 00:00:00-04:00,101.07166459312221,101.53747557378071,99.51585762357358,100.29842376708984,29982800,0.42,0.0
2018-08-16 00:00:00-04:00,100.89468207750905,101.41638820905453,99.96305992391325,100.2798080444336,21384300,0.0,0.0
2018-08-17 00:00:00-04:00,100.01893424337949,100.52201095495214,99.39474923572344,100.22389221191406,18061500,0.0,0.0
2018-08-20 00:00:00-04:00,100.15873016148643,100.52206234318842,99.19916018890348,99.56249237060547,17914200,0.0,0.0
2018-08-21 00:00:00-04:00,99.60902676875041,100.00962453008918,98.6121914706812,98.73330688476562,22881900,0.0,0.0
2018-08-22 00:00:00-04:00,98.61220187225227,100.00031686752256,98.54698860690971,99.73946380615234,18000600,0.0,0.0
2018-08-23 00:00:00-04:00,99.8233303032137,100.78290012956434,99.56247719792002,100.20529174804688,18167700,0.0,0.0
2018-08-24 00:00:00-04:00,100.30776662941695,101.13690986890228,100.20528761260742,100.98785400390625,17234000,0.0,0.0
2018-08-27 00:00:00-04:00,101.79835216028835,102.14305492457841,101.09032442327387,102.10578918457031,19662300,0.0,0.0
2018-08-28 00:00:00-04:00,102.42253855335933,102.94424466815975,102.28279381326271,102.72065734863281,19151500,0.0,0.0
2018-08-29 00:00:00-04:00,102.89765935562043,104.36962399740587,102.72996709126876,104.36030578613281,20818000,0.0,0.0
2018-08-30 00:00:00-04:00,104.03423667474098,104.90996371036017,103.8199675752038,104.29508972167969,22798700,0.0,0.0
2018-08-31 00:00:00-04:00,104.05287891613271,105.06834363532333,103.89449775073722,104.64911651611328,23222700,0.0,0.0
2018-09-04 00:00:00-04:00,103.27032983255114,104.30443114714971,102.68341034631169,104.07152557373047,22634600,0.0,0.0
2018-09-05 00:00:00-04:00,103.4193776062373,103.80133899447654,100.70835371851682,101.07168579101562,32872400,0.0,0.0
2018-09-06 00:00:00-04:00,100.8480802747873,101.53747855625244,100.15868199332218,101.30457305908203,23477600,0.0,0.0
2018-09-07 00:00:00-04:00,100.82948847780744,101.28598143194849,99.89786614249918,100.81085205078125,22498600,0.0,0.0
2018-09-10 00:00:00-04:00,101.39776388338817,102.14306453827149,100.95058917662922,101.90084075927734,20727900,0.0,0.0
2018-09-11 00:00:00-04:00,101.45365172408125,103.95971042907189,101.44433351258995,103.6336441040039,24301800,0.0,0.0
2018-09-12 00:00:00-04:00,103.81067246873516,104.20195212622812,102.9535816644037,104.07152557373047,18891100,0.0,0.0
2018-09-13 00:00:00-04:00,104.4534859762806,105.95339832069308,104.4534859762806,105.18946838378906,26055600,0.0,0.0
2018-09-14 00:00:00-04:00,105.60868563371923,105.95338838192852,104.75159497665663,105.61800384521484,19122300,0.0,0.0
2018-09-17 00:00:00-04:00,105.91612410366685,105.92543520757799,104.21125386982355,104.47210693359375,20736500,0.0,0.0
2018-09-18 00:00:00-04:00,104.51869684805547,105.9254412519041,104.08083327700739,105.46894836425781,22170900,0.0,0.0
2018-09-19 00:00:00-04:00,105.31987501213203,105.5714098368452,103.44731271184627,104.06217956542969,21728400,0.0,0.0
2018-09-20 00:00:00-04:00,104.602520388078,106.01858985395492,104.27645409913004,105.80431365966797,23714500,0.0,0.0
2018-09-21 00:00:00-04:00,106.20491981757561,107.40671318422632,105.7484269769403,106.4471435546875,71229700,0.0,0.0
2018-09-24 00:00:00-04:00,105.30126448998425,107.0434007010916,104.5466527225342,106.8291244506836,27334500,0.0,0.0
2018-09-25 00:00:00-04:00,106.95023423139527,107.22971663415822,105.97202805244117,106.62416076660156,22668000,0.0,0.0
2018-09-26 00:00:00-04:00,106.64278741372216,107.19244106415965,105.96270012469806,106.18629455566406,19352000,0.0,0.0
2018-09-27 00:00:00-04:00,106.93157915899005,107.0526945760084,106.39123665707874,106.58688354492188,19091300,0.0,0.0
2018-09-28 00:00:00-04:00,106.38192170320718,106.73593551524198,105.90679247853818,106.54961395263672,21647800,0.0,0.0
2018-10-01 00:00:00-04:00,106.90364596428724,107.77005488255469,106.88501664793999,107.70484161376953,18883100,0.0,0.0
2018-10-02 00:00:00-04:00,107.41605091482982,107.91912068743747,106.61485519147116,107.27630615234375,20787200,0.0,0.0
2018-10-03 00:00:00-04:00,107.5278350596829,108.23586993791932,107.07134216147747,107.29492950439453,16648000,0.0,0.0
2018-10-04 00:00:00-04:00,106.77321157843052,106.91295631775922,103.99697453768518,105.0776596069336,34821700,0.0,0.0
2018-10-05 00:00:00-04:00,104.92859486481096,105.43167165317763,103.07466887065956,104.46278381347656,29068900,0.0,0.0
2018-10-08 00:00:00-04:00,104.02491282012511,104.36960840087909,101.86354302137234,103.27029418945312,29640600,0.0,0.0
2018-10-09 00:00:00-04:00,103.54048867904079,105.34783798554479,103.22374054904613,104.58390808105469,26198600,0.0,0.0
2018-10-10 00:00:00-04:00,103.63364361843985,103.8758673620895,98.55630585952149,98.90100860595703,61376300,0.0,0.0
2018-10-11 00:00:00-04:00,98.14640042688714,101.48160971334948,97.07503344174032,98.6681137084961,63904300,0.0,0.0
2018-10-12 00:00:00-04:00,101.55612897191689,103.63364231266301,99.79536373927236,102.07783508300781,47742100,0.0,0.0
2018-10-15 00:00:00-04:00,101.46296825969172,101.99399258252079,99.6369826540455,100.24253845214844,32068100,0.0,0.0
2018-10-16 00:00:00-04:00,102.04988960260663,103.79202555522936,101.50022884650546,103.4100570678711,31610200,0.0,0.0
2018-10-17 00:00:00-04:00,104.04355185397839,104.1646601628959,102.05919942669286,103.13987731933594,26548200,0.0,0.0
2018-10-18 00:00:00-04:00,102.571595270802,102.97219307171095,100.45681615939797,101.08100128173828,32506200,0.0,0.0
2018-10-19 00:00:00-04:00,101.48157629557181,103.27960689018722,100.81080737418205,101.23004150390625,32785500,0.0,0.0
2018-10-22 00:00:00-04:00,101.84494266712382,102.98152293352692,100.83878894528694,102.13374328613281,26545600,0.0,0.0
2018-10-23 00:00:00-04:00,100.40091412557543,101.5188649495755,97.92280294831062,100.7083511352539,43770400,0.0,0.0
2018-10-24 00:00:00-04:00,100.99716045710731,101.07168482707127,94.64349058555548,95.32357788085938,63897800,0.0,0.0
2018-10-25 00:00:00-04:00,99.26435254676485,101.79835906989412,98.89170222910319,100.89469146728516,61646800,0.0,0.0
2018-10-26 00:00:00-04:00,98.46313676373249,101.3138979629816,97.59672797270609,99.64629364013672,55523100,0.0,0.0
2018-10-29 00:00:00-04:00,100.71768283933653,101.26733655962657,94.68076748259956,96.74897003173828,55162000,0.0,0.0
2018-10-30 00:00:00-04:00,96.57195561799315,97.24271759646787,93.26469413770623,96.63716888427734,65350900,0.0,0.0
2018-10-31 00:00:00-04:00,98.23021333462547,100.74558956838509,98.18362939752551,99.50653076171875,51062400,0.0,0.0
2018-11-01 00:00:00-04:00,99.73014378160126,99.98167860893372,98.3140742783815,98.67740631103516,33384200,0.0,0.0
2018-11-02 00:00:00-04:00,99.19912740286708,99.98168657936364,97.80169420965511,98.90100860595703,37680200,0.0,0.0
2018-11-05 00:00:00-05:00,99.09665035645342,100.37296814918133,98.65878681003531,100.15869903564453,27922100,0.0,0.0
2018-11-06 00:00:00-05:00,100.03756155519284,101.39772873734286,99.01277884071942,100.35431671142578,24340200,0.0,0.0
2018-11-07 00:00:00-05:00,101.95672820114208,104.56526590101265,101.91946246300942,104.30441284179688,37901700,0.0,0.0
2018-11-08 00:00:00-05:00,104.1553562270817,104.53731760162061,103.32621310596923,104.10877227783203,25644100,0.0,0.0
2018-11-09 00:00:00-05:00,103.27031025562287,103.8292821043221,101.32322344264949,102.07783508300781,32039200,0.0,0.0
2018-11-12 00:00:00-05:00,101.93812531960194,102.44120228835433,98.84513911401376,99.56249237060547,33621800,0.0,0.0
2018-11-13 00:00:00-05:00,100.19596034135141,101.30458581422434,99.34818081320657,99.62767028808594,35374600,0.0,0.0
2018-11-14 00:00:00-05:00,101.14343131866259,101.29313825333169,97.74703554557746,98.21485900878906,39495100,0.46,0.0
2018-11-15 00:00:00-05:00,98.23356556746855,100.86273819815426,97.22307234544822,100.3761978149414,38505200,0.0,0.0
2018-11-16 00:00:00-05:00,100.18905814192404,101.87321804986729,99.9270781876941,101.3211898803711,33502100,0.0,0.0
2018-11-19 00:00:00-05:00,101.30248012996041,101.57381856991371,96.88623304561455,97.88737487792969,44773900,0.0,0.0
2018-11-20 00:00:00-05:00,95.24884662815442,96.34355166556425,92.95650769634763,95.16463470458984,64052500,0.0,0.0
2018-11-21 00:00:00-05:00,96.9330133026488,97.70960190994444,95.66053300152458,96.47454833984375,28130600,0.0,0.0
2018-11-23 00:00:00-05:00,95.595027392398,97.12948750188845,95.43596915702334,96.4371109008789,13823100,0.0,0.0
2018-11-26 00:00:00-05:00,98.0464447476345,99.76803170920223,97.84995974474381,99.61833190917969,32336200,0.0,0.0
2018-11-27 00:00:00-05:00,99.43117066146141,100.4229610075447,98.57973588505854,100.24518585205078,29124500,0.0,0.0
2018-11-28 00:00:00-05:00,100.94691344670973,104.16554010973319,100.91884519020476,103.96905517578125,46788500,0.0,0.0
2018-11-29 00:00:00-05:00,103.2299279880268,103.96908992283072,102.01358411791004,103.09893798828125,28123200,0.0,0.0
2018-11-30 00:00:00-05:00,103.5760929352627,103.82872155665649,102.32232970985662,103.75386810302734,33665600,0.0,0.0
2018-12-03 00:00:00-05:00,105.72807459368657,106.12104448515083,103.6041597759384,104.87663269042969,34732800,0.0,0.0
2018-12-04 00:00:00-05:00,104.73630983861113,105.391259773024,101.24634397501964,101.53639221191406,45197000,0.0,0.0
2018-12-06 00:00:00-05:00,99.01015177131833,102.21006236233555,98.2429216213361,102.16328430175781,49107400,0.0,0.0
2018-12-07 00:00:00-05:00,101.40540937707884,102.4065512836734,97.58797541545907,98.07450866699219,45044900,0.0,0.0
2018-12-10 00:00:00-05:00,98.05578112738414,101.0311380436939,97.20433916823795,100.66622924804688,40801500,0.0,0.0
2018-12-11 00:00:00-05:00,102.7340141338596,103.81000216602375,100.52588727301165,101.60187530517578,42381900,0.0,0.0
2018-12-12 00:00:00-05:00,103.75389010043203,104.10943337292369,102.02294466417617,102.06037139892578,36183000,0.0,0.0
2018-12-13 00:00:00-05:00,102.52820148555887,103.73518698997287,101.63933253939558,102.40656280517578,31333400,0.0,0.0
2018-12-14 00:00:00-05:00,101.28377167394228,102.2287769927059,98.71074283234098,99.20663452148438,47043100,0.0,0.0
2018-12-17 00:00:00-05:00,98.62652578689186,98.9914274425576,95.16462858349503,96.26869201660156,56957300,0.0,0.0
2018-12-18 00:00:00-05:00,97.0733694838605,97.78446315305398,95.92252061317132,97.27921295166016,49319200,0.0,0.0
2018-12-19 00:00:00-05:00,96.979792814628,100.00192799878101,94.82780230668003,97.01721954345703,68198200,0.0,0.0
2018-12-20 00:00:00-05:00,96.41839772654423,97.59730745867058,92.42318221908424,94.97750091552734,70334200,0.0,0.0
2018-12-21 00:00:00-05:00,95.08977787557288,96.37161650965814,91.18813259029545,91.90858459472656,111242100,0.0,0.0
2018-12-24 00:00:00-05:00,91.39398257104341,91.66532100814912,87.93209215802052,88.07243347167969,43935200,0.0,0.0
2018-12-26 00:00:00-05:00,89.017434450094,94.21027695616014,87.91337095954383,94.08863830566406,51634800,0.0,0.0
2018-12-27 00:00:00-05:00,92.90974095781414,94.67811304548806,90.1963634928987,94.66875457763672,49498500,0.0,0.0
2018-12-28 00:00:00-05:00,95.52020065207348,95.81961455075107,93.11558810107603,93.92960357666016,38196300,0.0,0.0
2018-12-31 00:00:00-05:00,94.77166566681844,95.81023419069409,93.97636731082483,95.03364562988281,33173800,0.0,0.0
2019-01-02 00:00:00-05:00,93.14362960626289,95.20204944152336,92.57288456187912,94.61259460449219,35329300,0.0,0.0
2019-01-03 00:00:00-05:00,93.65825524159352,93.74246717635123,90.94487774656791,91.13201141357422,42579100,0.0,0.0
2019-01-04 00:00:00-05:00,93.302704723217,95.91316028290775,92.56354285749075,95.3704833984375,44060600,0.0,0.0
2019-01-07 00:00:00-05:00,95.09913366082307,96.62423527042971,94.48161052713881,95.49210357666016,35656100,0.0,0.0
2019-01-08 00:00:00-05:00,96.40906254649745,97.27921449519026,95.16465039026868,96.18450927734375,31514400,0.0,0.0
2019-01-09 00:00:00-05:00,97.17626406418891,98.13062053009219,96.59616055688764,97.55987548828125,32280800,0.0,0.0
2019-01-10 00:00:00-05:00,96.5774858794917,97.07337765451936,95.79153867614166,96.93302917480469,30067600,0.0,0.0
2019-01-11 00:00:00-05:00,96.54941101662592,96.78332275403345,95.09915538933136,96.18450927734375,28314200,0.0,0.0
2019-01-14 00:00:00-05:00,95.34241674065944,96.24999533966209,94.74360331958081,95.4827651977539,28437100,0.0,0.0
2019-01-15 00:00:00-05:00,95.91316398131302,98.28970792089758,95.32370187639646,98.25228118896484,31587600,0.0,0.0
2019-01-16 00:00:00-05:00,98.48617666816745,99.4218233969287,98.20547979417185,98.59844970703125,29853900,0.0,0.0
2019-01-17 00:00:00-05:00,98.24290562305485,99.7680072071823,98.01835240895919,99.29083251953125,28393000,0.0,0.0
2019-01-18 00:00:00-05:00,100.54461458216487,100.956301500677,99.09436617649412,100.77852630615234,37427600,0.0,0.0
2019-01-22 00:00:00-05:00,99.88029985007604,100.20777481534334,98.11192789921378,98.87915802001953,32371300,0.0,0.0
2019-01-23 00:00:00-05:00,99.29086717664015,100.15166074647864,98.56105648386007,99.8428955078125,25874300,0.0,0.0
2019-01-24 00:00:00-05:00,99.9832148063459,100.11420478358741,98.56102771284047,99.36568450927734,23164800,0.0,0.0
2019-01-25 00:00:00-05:00,100.3387493775169,100.9375626900766,99.36567596000296,100.27325439453125,31225600,0.0,0.0
2019-01-28 00:00:00-05:00,99.42185090131699,99.62769438073657,97.92481714883823,98.31778717041016,29476700,0.0,0.0
2019-01-29 00:00:00-05:00,98.1306174700258,98.21482937997754,95.5950159209531,96.31546783447266,31490500,0.0,0.0
2019-01-30 00:00:00-05:00,97.88734766597172,99.5340805053711,97.61600930144847,99.5340805053711,49471900,0.0,0.0
2019-01-31 00:00:00-05:00,97.12014740108845,98.44876423560315,96.54004377520414,97.70960235595703,55636400,0.0,0.0
2019-02-01 00:00:00-05:00,97.10144904558128,97.40085581400545,95.76347348765621,96.16580200195312,35535700,0.0,0.0
2019-02-04 00:00:00-05:00,96.24997096924396,98.99141586847057,96.15640059592688,98.93527221679688,31315100,0.0,0.0
2019-02-05 00:00:00-05:00,99.23469181697888,100.36682352554445,99.1411285698546,100.3200454711914,27325400,0.0,0.0
2019-02-06 00:00:00-05:00,100.11421310957806,100.11421310957806,98.73881109573868,99.20663452148438,20609800,0.0,0.0
2019-02-07 00:00:00-05:00,98.42067523720858,98.79492819346916,97.57859180878714,98.49552154541016,29760700,0.0,0.0
2019-02-08 00:00:00-05:00,97.67216997762922,98.97271847315882,97.55053846209418,98.86979675292969,21461100,0.0,0.0
2019-02-11 00:00:00-05:00,99.36567577148396,99.72122608280394,98.21483433857392,98.47681427001953,18914100,0.0,0.0
2019-02-12 00:00:00-05:00,99.30952606100254,100.24517262810332,98.69200303869277,100.01126098632812,25056600,0.0,0.0
2019-02-13 00:00:00-05:00,100.58200742153458,100.84398732197421,99.84284576619886,99.93640899658203,18394900,0.0,0.0
2019-02-14 00:00:00-05:00,99.46859463866956,100.38553151096735,98.8604300173565,100.0206298828125,21784700,0.0,0.0
2019-02-15 00:00:00-05:00,100.96564332268883,101.33054498087621,100.45103475938963,101.25569152832031,26606900,0.0,0.0
2019-02-19 00:00:00-05:00,100.85337248550329,101.667387796007,100.84401401846243,101.20891571044922,18038500,0.0,0.0
2019-02-20 00:00:00-05:00,101.34984646401715,101.42501958888596,99.87460794075946,100.68270111083984,21607700,0.46,0.0
2019-02-21 00:00:00-05:00,100.44782225535421,102.87210253267051,100.41963411683524,102.80632781982422,29063200,0.0,0.0
2019-02-22 00:00:00-05:00,103.40768616347147,104.48826957682799,103.19156517945707,104.27215576171875,27763200,0.0,0.0
2019-02-25 00:00:00-05:00,105.01448105206244,105.4091293064607,104.54465965332957,104.854736328125,23750600,0.0,0.0
2019-02-26 00:00:00-05:00,104.54462649591098,106.40511463023273,104.46005494313088,105.57823181152344,21536700,0.0,0.0
2019-02-27 00:00:00-05:00,104.94868716311721,105.57824600182698,104.18757176141166,105.39971160888672,21487100,0.0,0.0
2019-02-28 00:00:00-05:00,105.2775716523064,106.06686809935508,104.98628470192965,105.26817321777344,29083900,0.0,0.0
2019-03-01 00:00:00-05:00,106.07626327675757,106.19841424631532,104.92989804170614,105.73799133300781,23501200,0.0,0.0
2019-03-04 00:00:00-05:00,106.19842972621002,106.41455073190467,104.11242866089601,105.48430633544922,26608000,0.0,0.0
2019-03-05 00:00:00-05:00,105.4748904461263,105.60643984733515,104.51645807033258,104.95808410644531,19538300,0.0,0.0
2019-03-06 00:00:00-05:00,105.11783325412598,105.86015186027751,104.70438816490108,105.00507354736328,17687000,0.0,0.0
2019-03-07 00:00:00-05:00,104.67618333336524,104.81713115210955,103.23853135376181,103.72714233398438,25339000,0.0,0.0
2019-03-08 00:00:00-05:00,102.5713811843263,104.02782279267677,102.23310930275639,103.83989715576172,22818400,0.0,0.0
2019-03-11 00:00:00-04:00,104.29092848874126,106.13262709484117,104.28153722450332,106.0198745727539,26491600,0.0,0.0
2019-03-12 00:00:00-04:00,106.01050514886828,107.10988555348314,105.85076758626393,106.76222229003906,26132700,0.0,0.0
2019-03-13 00:00:00-04:00,107.24143327191099,108.05892511226205,106.91255971622006,107.58910369873047,35513800,0.0,0.0
2019-03-14 00:00:00-04:00,107.626659563531,108.24681992461454,107.42933548641788,107.67363739013672,30763400,0.0,0.0
2019-03-15 00:00:00-04:00,108.37838299765271,110.17310395301489,107.67365098942447,108.91398620605469,54681100,0.0,0.0
2019-03-18 00:00:00-04:00,109.1582842646279,110.51137196643006,109.045531735414,110.47378540039062,31207600,0.0,0.0
2019-03-19 00:00:00-04:00,110.96239571068507,111.29127636919853,109.92879024238336,110.54895782470703,37588700,0.0,0.0
2019-03-20 00:00:00-04:00,110.3046602433457,111.58257493825623,109.66570289589042,110.42681121826172,28113300,0.0,0.0
2019-03-21 00:00:00-04:00,110.06972825234787,113.52761313940422,110.0227432570649,112.96382904052734,29854400,0.0,0.0
2019-03-22 00:00:00-04:00,112.2872743657956,112.37183874642021,109.9757547663162,109.98515319824219,33624500,0.0,0.0
2019-03-25 00:00:00-04:00,109.52475215046488,110.88723838338427,109.2992399070146,110.55836486816406,27067100,0.0,0.0
2019-03-26 00:00:00-04:00,111.46039635486747,111.5449607391156,109.7972251089539,110.79325103759766,26097700,0.0,0.0
2019-03-27 00:00:00-04:00,110.76507269878586,111.07515649297636,108.54751547732783,109.7220687866211,22733400,0.0,0.0
2019-03-28 00:00:00-04:00,110.35162572389173,110.4831751101902,109.12068908223623,109.87240600585938,18334800,0.0,0.0
2019-03-29 00:00:00-04:00,110.94360787339667,111.17851853690169,109.900603953922,110.82145690917969,25399800,0.0,0.0
2019-04-01 00:00:00-04:00,111.7704984898254,111.9208447658488,110.97180361293991,111.83627319335938,22789100,0.0,0.0
2019-04-02 00:00:00-04:00,111.87388217826647,112.26853764745155,111.36647414837691,111.99604034423828,18142300,0.0,0.0
2019-04-03 00:00:00-04:00,112.62555110456188,113.1611470450934,111.95840578698075,112.72891235351562,22860700,0.0,0.0
2019-04-04 00:00:00-04:00,112.85108000859908,112.9732381403075,111.23489351535545,112.15574645996094,20112800,0.0,0.0
2019-04-05 00:00:00-04:00,112.18397185732114,112.97327566758756,112.16518215253454,112.65379333496094,15826200,0.0,0.0
2019-04-08 00:00:00-04:00,112.5786007576444,112.77592488394492,111.47922041015335,112.69136047363281,15116200,0.0,0.0
2019-04-09 00:00:00-04:00,111.46982005559761,112.32489842374908,111.42284221809051,112.0805892944336,17612000,0.0,0.0
2019-04-10 00:00:00-04:00,112.53160705565573,113.08599278440897,112.32488452327162,112.93565368652344,16477200,0.0,0.0
2019-04-11 00:00:00-04:00,113.26453144232804,113.55581838405448,112.6819503899703,113.06720733642578,14209100,0.0,0.0
2019-04-12 00:00:00-04:00,113.35849333413681,113.67797557596433,113.10479296263375,113.6497802734375,19745100,0.0,0.0
2019-04-15 00:00:00-04:00,113.64038263306553,114.24175334628188,113.2927122771199,113.74374389648438,15792600,0.0,0.0
2019-04-16 00:00:00-04:00,114.29813594508431,114.30753437925357,112.85108534592526,113.48064422607422,14071800,0.0,0.0
2019-04-17 00:00:00-04:00,113.92227860343665,114.49546122225212,113.26453158294588,114.4202880859375,19300900,0.0,0.0
2019-04-18 00:00:00-04:00,114.81495020829745,116.06466962060502,113.97866873218486,115.9237289428711,27991000,0.0,0.0
2019-04-22 00:00:00-04:00,115.21896922569216,116.51567333196847,115.1719842317872,116.2901611328125,15648700,0.0,0.0
2019-04-23 00:00:00-04:00,116.60965710337997,118.00033144734353,116.35595672985738,117.86878204345703,24025500,0.0,0.0
2019-04-24 00:00:00-04:00,118.19767245771351,118.25404873346923,117.00432204890764,117.46475219726562,31257000,0.0,0.0
2019-04-25 00:00:00-04:00,122.20992139664241,123.44085098045554,121.05416494575493,121.35484313964844,38033900,0.0,0.0
2019-04-26 00:00:00-04:00,121.87167461010536,122.64218862819722,121.23272435513243,122.05020904541016,23654900,0.0,0.0
2019-04-29 00:00:00-04:00,122.05959040494422,122.32268923420278,121.54279835035042,121.93744659423828,16324200,0.0,0.0
2019-04-30 00:00:00-04:00,121.97499007305169,122.81127132071435,121.58034194539356,122.71731567382812,24166500,0.0,0.0
2019-05-01 00:00:00-04:00,122.6515612573132,122.76431379392501,119.99237067900941,120.16150665283203,26821700,0.0,0.0
2019-05-02 00:00:00-04:00,120.2554874268302,120.27427712831305,117.94395985463353,118.59231567382812,27350200,0.0,0.0
2019-05-03 00:00:00-04:00,119.67287560650988,121.61792822715579,119.56951435261418,121.11991882324219,24911100,0.0,0.0
2019-05-06 00:00:00-04:00,118.76144091001109,120.80046385929943,118.49834209963903,120.41520690917969,24239800,0.0,0.0
2019-05-07 00:00:00-04:00,118.82719788455266,119.50374167823449,116.72240054668997,117.94393157958984,36017700,0.0,0.0
2019-05-08 00:00:00-04:00,117.86878797785063,118.74265601561079,117.22043219112062,117.93456268310547,28419000,0.0,0.0
2019-05-09 00:00:00-04:00,116.78817375219683,118.19763758145014,116.11162996713065,117.92514038085938,27235800,0.0,0.0
2019-05-10 00:00:00-04:00,117.37077860990028,120.20849654284365,116.34656429097183,119.45677947998047,30915100,0.0,0.0
2019-05-13 00:00:00-04:00,116.61905292538538,117.97214067094319,115.61363555025692,115.90492248535156,33944900,0.0,0.0
2019-05-14 00:00:00-04:00,116.39355154836042,118.28222833899515,116.23380683039936,117.20164489746094,25266300,0.0,0.0
2019-05-15 00:00:00-04:00,117.19220137694683,119.50284463137494,116.66404879659433,118.85208892822266,24722700,0.46,0.0
2019-05-16 00:00:00-04:00,119.54058368569899,122.02099645719915,119.26707773925698,121.5965805053711,30112200,0.0,0.0
2019-05-17 00:00:00-04:00,121.0118317330277,123.03955015772495,120.64401518393481,120.78549194335938,25770500,0.0,0.0
2019-05-20 00:00:00-04:00,119.32366531910581,120.33280449761011,118.6068985424366,119.04073333740234,23706900,0.0,0.0
2019-05-21 00:00:00-04:00,120.181905575469,120.27621623344382,119.38025418952009,119.68205261230469,15293300,0.0,0.0
2019-05-22 00:00:00-04:00,119.41799136313176,120.94585007268154,119.32367350065476,120.40826416015625,15396500,0.0,0.0
2019-05-23 00:00:00-04:00,119.02187286572372,119.10675750130748,117.64491700503977,119.00301361083984,23603800,0.0,0.0
2019-05-24 00:00:00-04:00,119.69145139071684,120.17243776659787,118.80491563091745,119.05955505371094,14123400,0.0,0.0
2019-05-28 00:00:00-04:00,119.75749735384237,120.7194775243704,118.8803946121367,118.98413848876953,23128400,0.0,0.0
2019-05-29 00:00:00-04:00,118.24850256738999,118.25793579164933,116.98472394342744,117.83353424072266,22763100,0.0,0.0
2019-05-30 00:00:00-04:00,118.13533003286577,118.60689049916843,117.68262881922088,118.57859802246094,16829600,0.0,0.0
2019-05-31 00:00:00-04:00,117.16389906189409,117.53171559484292,116.30565568805305,116.64517974853516,26646800,0.0,0.0
2019-06-03 00:00:00-04:00,116.80552217523817,117.29594907331234,112.24082046721445,113.02360534667969,37983600,0.0,0.0
2019-06-04 00:00:00-04:00,114.38169805533683,116.26793979687059,113.78753449711253,116.15476989746094,29382600,0.0,0.0
2019-06-05 00:00:00-04:00,117.84294639238365,118.71062303602017,117.14503898365604,118.67289733886719,24926100,0.0,0.0
2019-06-06 00:00:00-04:00,119.24820888329099,120.69118270883583,118.45598358576275,120.54971313476562,21459000,0.0,0.0
2019-06-07 00:00:00-04:00,121.84178969499521,124.72773730669587,120.96467978681957,123.92607879638672,33885600,0.0,0.0
2019-06-10 00:00:00-04:00,124.86920274520845,126.45365335749047,124.49196013750861,125.0578384399414,26477100,0.0,0.0
2019-06-11 00:00:00-04:00,126.26503492975873,126.60455904077563,123.81291475120523,124.5862808227539,23913700,0.0,0.0
2019-06-12 00:00:00-04:00,123.92607162795045,124.46365741007185,123.27533034189874,124.0109634399414,17092500,0.0,0.0
2019-06-13 00:00:00-04:00,124.47309016958411,125.43507750016029,124.07698112543689,124.79376220703125,17200800,0.0,0.0
2019-06-14 00:00:00-04:00,124.73718653154094,126.18016060573328,124.15245607793983,124.9163818359375,17821700,0.0,0.0
2019-06-17 00:00:00-04:00,125.08615996642575,126.123584573977,124.99184209715457,125.29364776611328,14517800,0.0,0.0
2019-06-18 00:00:00-04:00,126.55737782193921,127.54765750386655,125.97264755242516,127.47220611572266,25934500,0.0,0.0
2019-06-19 00:00:00-04:00,127.32128274359073,128.19837800598046,126.19896691168074,127.97203826904297,23744400,0.0,0.0
2019-06-20 00:00:00-04:00,129.63196082607152,129.83002254094734,128.00036574887366,129.160400390625,33042600,0.0,0.0
2019-06-21 00:00:00-04:00,128.81145892398112,129.89604224199178,128.69828901695627,129.1792755126953,36727900,0.0,0.0
2019-06-24 00:00:00-04:00,129.20754323305147,130.52790653163552,129.20754323305147,129.94317626953125,20628800,0.0,0.0
2019-06-25 00:00:00-04:00,129.44335874692433,129.76401643682027,125.18044774817903,125.84062957763672,33327400,0.0,0.0
2019-06-26 00:00:00-04:00,126.70829536768395,128.0192328088685,126.00095471112647,126.31217193603516,23657700,0.0,0.0
2019-06-27 00:00:00-04:00,126.51023492157603,127.04782073357877,125.91606415902196,126.51966094970703,16557500,0.0,0.0
2019-06-28 00:00:00-04:00,126.91582727594418,126.94411976078115,125.58602292505658,126.34052276611328,30043000,0.0,0.0
2019-07-01 00:00:00-04:00,128.8586229198593,128.92463390459372,127.29303865361554,127.962646484375,22613500,0.0,0.0
2019-07-02 00:00:00-04:00,128.3776052214973,128.8208731713169,127.6419721113461,128.8114471435547,15237800,0.0,0.0
2019-07-03 00:00:00-04:00,129.0189399602624,129.90547589480042,128.53793909869498,129.6414031982422,13629300,0.0,0.0
2019-07-05 00:00:00-04:00,128.2078692560517,129.5188068521493,128.00038148767214,129.26416015625,18141100,0.0,0.0
2019-07-08 00:00:00-04:00,128.64170098190075,129.30189720660832,127.67028748551462,129.16986083984375,16779700,0.0,0.0
2019-07-09 00:00:00-04:00,128.26447642038622,129.17930508730254,128.07585506853357,128.6983184814453,19953100,0.0,0.0
2019-07-10 00:00:00-04:00,129.33021367539038,130.6977365257329,129.22646976862578,130.00926208496094,24204400,0.0,0.0
2019-07-11 00:00:00-04:00,130.33933276029182,131.30132030892395,130.02810107129656,130.5279541015625,22327900,0.0,0.0
2019-07-12 00:00:00-04:00,130.9523214177587,131.21639407552817,130.1600890535697,130.9994659423828,18936800,0.0,0.0
2019-07-15 00:00:00-04:00,131.50875920442434,131.60306264455315,130.58450490223115,130.9994659423828,16651500,0.0,0.0
2019-07-16 00:00:00-04:00,131.0560919895843,131.14096942026552,128.75487459633675,129.28302001953125,22726100,0.0,0.0
2019-07-17 00:00:00-04:00,129.86774472105847,130.0846584980588,128.47192982206073,128.5190887451172,20211000,0.0,0.0
2019-07-18 00:00:00-04:00,127.84001206789978,128.84914372026026,127.01006125782413,128.6605224609375,30381800,0.0,0.0
2019-07-19 00:00:00-04:00,132.24440771145558,132.6688092189023,128.6888380513432,128.8491668701172,48992400,0.0,0.0
2019-07-22 00:00:00-04:00,129.5942556121764,131.2730097832395,129.51880420786208,130.5562286376953,25074900,0.0,0.0
2019-07-23 00:00:00-04:00,131.81056225367956,132.0274904063989,130.17896724433493,131.36729431152344,18034600,0.0,0.0
2019-07-24 00:00:00-04:00,130.99948597156595,132.73483934765318,130.95234143973366,132.71597290039062,20738300,0.0,0.0
2019-07-25 00:00:00-04:00,132.44243473151045,132.61220394299596,131.39558455601656,132.21609497070312,18356900,0.0,0.0
2019-07-26 00:00:00-04:00,132.3858462208731,133.6213320182255,132.31983525604463,133.30067443847656,19037600,0.0,0.0
2019-07-29 00:00:00-04:00,133.45161455582243,133.46104058461356,131.4427623252704,133.0083465576172,16605900,0.0,0.0
2019-07-30 00:00:00-04:00,132.1689122310709,133.1874841437279,131.84825470047818,132.36697387695312,16846500,0.0,0.0
2019-07-31 00:00:00-04:00,132.34815728682352,132.49906008425108,127.3967725744344,128.5190887451172,38598800,0.0,0.0
2019-08-01 00:00:00-04:00,129.20755434962808,132.92345274076433,129.14152898357796,130.20726013183594,40557500,0.0,0.0
2019-08-02 00:00:00-04:00,130.23558234327487,130.4525105462165,127.56654804481562,129.11326599121094,30791600,0.0,0.0
2019-08-05 00:00:00-04:00,125.71799292724394,126.31214918593857,123.34132471982568,124.68999481201172,42749600,0.0,0.0
2019-08-06 00:00:00-04:00,126.18955380824953,127.96261095629673,125.63311604346025,127.0289306640625,32696700,0.0,0.0
2019-08-07 00:00:00-04:00,126.18011783742486,127.93432299453184,124.33160924057348,127.58537292480469,33414500,0.0,0.0
2019-08-08 00:00:00-04:00,128.83032591187458,131.0843843784918,128.1984222193159,130.9900665283203,27496500,0.0,0.0
2019-08-09 00:00:00-04:00,130.72596967933129,131.45217669708933,128.69826579299587,129.87716674804688,23466700,0.0,0.0
2019-08-12 00:00:00-04:00,129.27358367740547,130.01864282763896,127.54767077016326,128.06637573242188,20484300,0.0,0.0
2019-08-13 00:00:00-04:00,128.31162169690901,130.90520458372646,127.3213417164926,130.71658325195312,25154600,0.0,0.0
2019-08-14 00:00:00-04:00,129.03219694238862,129.56210098275454,126.48675162674311,126.78009033203125,32527300,0.46,0.0
2019-08-15 00:00:00-04:00,127.16807543092283,127.34786741626806,125.14307650956779,126.49622344970703,28074400,0.0,0.0
2019-08-16 00:00:00-04:00,127.63176350712365,129.1268585007604,127.48035819259715,128.81459045410156,24449100,0.0,0.0
2019-08-19 00:00:00-04:00,130.44217221042098,131.1045524674143,129.5337546873968,130.97207641601562,24355700,0.0,0.0
2019-08-20 00:00:00-04:00,130.78281008619717,131.25594084277455,129.86493526333263,129.88385009765625,21170800,0.0,0.0
2019-08-21 00:00:00-04:00,131.10452575731034,131.99401382354478,130.58407907613025,131.3316192626953,14970300,0.0,0.0
2019-08-22 00:00:00-04:00,131.20863031382734,131.71960519902063,128.96598061637593,130.37591552734375,18697000,0.0,0.0
2019-08-23 00:00:00-04:00,129.81757425982,130.9152406995583,125.66348823587919,126.2217788696289,38508600,0.0,0.0
2019-08-26 00:00:00-04:00,127.7357942531179,128.27515558531167,126.70435865506512,128.1710662841797,20312600,0.0,0.0
2019-08-27 00:00:00-04:00,129.06063624585883,129.37290434813033,127.42360750256408,128.44557189941406,23102100,0.0,0.0
2019-08-28 00:00:00-04:00,127.63175662569438,128.464456933083,126.37322708930843,128.27520751953125,17393300,0.0,0.0
2019-08-29 00:00:00-04:00,129.87437380079524,131.00042714796504,129.55264839840464,130.69761657714844,20168700,0.0,0.0
2019-08-30 00:00:00-04:00,131.67225459059952,131.70064127459696,128.9470318552338,130.4515838623047,23940100,0.0,0.0
2019-09-03 00:00:00-04:00,129.26876126636014,129.82705198746444,128.40765998809974,128.72938537597656,18869300,0.0,0.0
2019-09-04 00:00:00-04:00,129.92167979125622,130.29072112187868,129.1457385921619,130.23394775390625,17995900,0.0,0.0
2019-09-05 00:00:00-04:00,131.63442250588605,132.8361785137353,131.30322524395183,132.52391052246094,26101800,0.0,0.0
2019-09-06 00:00:00-04:00,132.50498567363243,132.64691911131047,130.77332553994347,131.62496948242188,20824500,0.0,0.0
2019-09-09 00:00:00-04:00,132.08862108005547,132.24002636446158,129.12683281242505,130.12986755371094,25773900,0.0,0.0
2019-09-10 00:00:00-04:00,129.44859775716185,129.53375784110435,127.28165047368921,128.7672882080078,28903400,0.0,0.0
2019-09-11 00:00:00-04:00,128.6063622049261,128.94701681195542,127.83042109604825,128.80506896972656,24726100,0.0,0.0
2019-09-12 00:00:00-04:00,130.44213553824756,130.98149701059072,129.5147890003621,130.12986755371094,27010000,0.0,0.0
2019-09-13 00:00:00-04:00,130.3758849191292,130.64083693647956,129.23091679532268,129.94061279296875,23363100,0.0,0.0
2019-09-16 00:00:00-04:00,128.53069921365244,129.35394208501495,128.3698364938922,129.0038299560547,16731400,0.0,0.0
2019-09-17 00:00:00-04:00,129.59998094212014,130.12988507006756,129.098449065165,130.00686645507812,17814200,0.0,0.0
2019-09-18 00:00:00-04:00,129.9784745995527,131.2180748007653,129.19307585584306,131.07614135742188,23982100,0.0,0.0
2019-09-19 00:00:00-04:00,132.7604798895748,134.7192335174894,132.5428438062073,133.48910522460938,35772100,0.0,0.0
2019-09-20 00:00:00-04:00,133.43232404235206,134.03793080267528,130.82064759573402,131.9467010498047,39167300,0.0,0.0
2019-09-23 00:00:00-04:00,131.7480018777286,132.12651519064434,131.00046154778065,131.662841796875,17139300,0.0,0.0
2019-09-24 00:00:00-04:00,132.81726115740835,133.1295291766946,129.52427526854157,129.99740600585938,29773200,0.0,0.0
2019-09-25 00:00:00-04:00,130.11094018819685,132.43874954390984,128.7199347998079,131.87098693847656,21382000,0.0,0.0
2019-09-26 00:00:00-04:00,131.9467033158957,132.64692757150533,131.00044183421406,132.04132080078125,17456600,0.0,0.0
2019-09-27 00:00:00-04:00,132.6185181656452,132.81723939583287,129.30660354706455,130.3285675048828,22477700,0.0,0.0
2019-09-30 00:00:00-04:00,130.63141403217585,131.73853834833454,130.3759193626605,131.55874633789062,17280900,0.0,0.0
2019-10-01 00:00:00-04:00,132.15485377623224,132.71314446589233,129.63779530714615,129.70404052734375,21466600,0.0,0.0
2019-10-02 00:00:00-04:00,128.92808616813656,129.0416328896669,126.4015705424885,127.4140625,30521700,0.0,0.0
2019-10-03 00:00:00-04:00,127.69801317852978,129.40128712164014,126.06098448486621,128.95654296875,24132900,0.0,0.0
2019-10-04 00:00:00-04:00,129.40124311299635,130.820635176393,129.08897512639277,130.69761657714844,22897700,0.0,0.0
2019-10-07 00:00:00-04:00,129.7702720420011,130.75437742528794,129.6567253082222,129.7513427734375,15303700,0.0,0.0
2019-10-08 00:00:00-04:00,129.7135198142711,130.3569706622819,128.33197176000724,128.37928771972656,25550500,0.0,0.0
2019-10-09 00:00:00-04:00,130.07313531533518,131.24649054353102,129.60946189976303,130.81121826171875,19749900,0.0,0.0
2019-10-10 00:00:00-04:00,131.0477494378589,132.16433098440177,130.82064149877064,131.62496948242188,17654600,0.0,0.0
2019-10-11 00:00:00-04:00,132.59015497201733,133.45125639072117,132.00347747034434,132.17379760742188,25446000,0.0,0.0
2019-10-14 00:00:00-04:00,132.18327254253708,132.75102078482652,132.02240981861482,132.05079650878906,13304300,0.0,0.0
2019-10-15 00:00:00-04:00,132.53338562580973,134.17041400568684,132.29682024680068,133.96224975585938,19695700,0.0,0.0
2019-10-16 00:00:00-04:00,133.2241630921818,133.41342696149533,132.03187868505913,132.86459350585938,20751600,0.0,0.0
2019-10-17 00:00:00-04:00,133.37554222971096,133.82028624544105,131.5492646475538,132.18325805664062,21460600,0.0,0.0
2019-10-18 00:00:00-04:00,132.24950858402207,132.47661655322608,129.2214745219951,130.0258026123047,32273500,0.0,0.0
2019-10-21 00:00:00-04:00,131.00989606891406,131.05721202960976,129.64727725818096,130.990966796875,20078200,0.0,0.0
2019-10-22 00:00:00-04:00,131.50192624549086,132.48603158626617,128.93755192095026,129.04164123535156,27431000,0.0,0.0
2019-10-23 00:00:00-04:00,129.5242744928379,130.06363602197183,128.32251838438262,129.86492919921875,29844600,0.0,0.0
2019-10-24 00:00:00-04:00,131.89939883307514,132.87404708892518,131.21808935186658,132.4198455810547,37029300,0.0,0.0
2019-10-25 00:00:00-04:00,131.85202545710405,133.55529841849926,131.7195494733733,133.16732788085938,25959700,0.0,0.0
2019-10-28 00:00:00-04:00,136.64017414251862,137.84193046028693,135.7980018660054,136.44146728515625,35280100,0.0,0.0
2019-10-29 00:00:00-04:00,136.33733718681492,136.7347652215847,134.98417594668706,135.15451049804688,20589500,0.0,0.0
2019-10-30 00:00:00-04:00,135.80743054115874,137.20789327099118,135.11664937220178,136.83885192871094,18496600,0.0,0.0
2019-10-31 00:00:00-04:00,137.11330650464726,137.14169319887608,135.30595773724932,135.66552734375,24605100,0.0,0.0
2019-11-01 00:00:00-04:00,136.50772490747477,136.65913026393608,135.28705351317797,135.9967498779297,33128400,0.0,0.0
2019-11-04 00:00:00-05:00,137.04705656052994,137.2079192849661,136.41306307993875,136.7821044921875,16912000,0.0,0.0
2019-11-05 00:00:00-05:00,137.17956399176896,137.22687996597492,136.17652886935866,136.6969757080078,18250200,0.0,0.0
2019-11-06 00:00:00-05:00,136.61175914564606,136.7537070245888,135.50463499615046,136.31842041015625,16575800,0.0,0.0
2019-11-07 00:00:00-05:00,136.11021665536822,137.0943364549838,136.04398587511005,136.5076446533203,17786700,0.0,0.0
2019-11-08 00:00:00-05:00,136.2427399192445,138.14473495924582,136.0345612139826,138.11634826660156,16732700,0.0,0.0
2019-11-11 00:00:00-05:00,137.52964485568222,138.5516090225391,136.95242475510946,138.25827026367188,14362600,0.0,0.0
2019-11-12 00:00:00-05:00,138.41913233413342,139.63981776605712,138.21095364712016,139.16668701171875,18641600,0.0,0.0
2019-11-13 00:00:00-05:00,138.85443720556756,139.53574673633975,138.41915050137166,139.393798828125,16919200,0.0,0.0
2019-11-14 00:00:00-05:00,139.1193339773399,140.4346365463592,139.1004047093451,140.1034393310547,19729800,0.0,0.0
2019-11-15 00:00:00-05:00,140.9266773590602,141.9297263865115,140.302155923825,141.91079711914062,23485700,0.0,0.0
2019-11-18 00:00:00-05:00,142.00546036046342,142.45966180601263,140.9740244236987,142.2609405517578,21534000,0.0,0.0
2019-11-19 00:00:00-05:00,142.7719160538957,143.19773077049012,142.12845083247115,142.30824279785156,23935700,0.0,0.0
2019-11-20 00:00:00-05:00,142.71651518803137,143.21973905912267,140.95998368129497,142.06137084960938,25696800,0.51,0.0
2019-11-21 00:00:00-05:00,141.85249130041976,142.23229248875066,140.99796398055963,141.92845153808594,18576100,0.0,0.0
2019-11-22 00:00:00-05:00,142.48867469225863,142.7070513485023,141.30182299190173,142.0329132080078,15901800,0.0,0.0
2019-11-25 00:00:00-05:00,142.4221842599477,143.70398971346074,142.34622402312368,143.5900421142578,22420900,0.0,0.0
2019-11-26 00:00:00-05:00,143.7135043560251,144.71995231545992,143.6755314749622,144.3496551513672,24620100,0.0,0.0
2019-11-27 00:00:00-05:00,144.63450485722754,144.79591495830078,143.86542723355166,144.62501525878906,15184400,0.0,0.0
2019-11-29 00:00:00-05:00,144.41614126354276,144.60603466505887,143.63755948300738,143.73251342773438,11977300,0.0,0.0
2019-12-02 00:00:00-05:00,144.14078762498517,144.1597813120595,140.8271063834572,141.99496459960938,27418400,0.0,0.0
2019-12-03 00:00:00-05:00,140.03899571455364,141.88097718200572,139.24142044839056,141.7670440673828,24066000,0.0,0.0
2019-12-04 00:00:00-05:00,142.5551130829279,142.5930859579139,141.66259839745004,142.27976989746094,17574700,0.0,0.0
2019-12-05 00:00:00-05:00,142.46967576024716,142.72603977470254,141.92846445061193,142.35572814941406,17869100,0.0,0.0
2019-12-06 00:00:00-05:00,143.36220062710038,144.19773440045816,142.67857286566638,144.08380126953125,16403500,0.0,0.0
2019-12-09 00:00:00-05:00,143.43818821261524,144.52059662650856,143.2862676838031,143.71353149414062,16687400,0.0,0.0
2019-12-10 00:00:00-05:00,143.64700791362546,144.21670244283945,143.14378402425768,143.49510192871094,16476100,0.0,0.0
2019-12-11 00:00:00-05:00,143.88441066964705,144.19774128258666,142.73554624347213,144.0363311767578,18856600,0.0,0.0
2019-12-12 00:00:00-05:00,143.98886381776003,145.68844381763338,143.39070032398482,145.49855041503906,24612100,0.0,0.0
2019-12-13 00:00:00-05:00,145.27066789318906,147.0651873288227,145.10925777852694,146.72337341308594,23845400,0.0,0.0
2019-12-16 00:00:00-05:00,147.27407108448304,148.02415506952832,146.998727833449,147.6728515625,24144200,0.0,0.0
2019-12-17 00:00:00-05:00,147.5968906136444,147.84376506645128,146.64740915007906,146.8752899169922,25425600,0.0,0.0
2019-12-18 00:00:00-05:00,146.5049702330823,147.62535123386945,146.39102262315123,146.57142639160156,24129200,0.0,0.0
2019-12-19 00:00:00-05:00,146.22011539685346,147.90070129927008,145.98274507965075,147.84373474121094,24958900,0.0,0.0
2019-12-20 00:00:00-05:00,149.4009344234784,150.48334285976168,148.3944717652331,149.45790100097656,53477500,0.0,0.0
2019-12-23 00:00:00-05:00,150.13202481862405,150.13202481862405,149.32497415750106,149.45790100097656,17718200,0.0,0.0
2019-12-24 00:00:00-05:00,149.52430649976858,149.74269762341038,149.1824926626928,149.4293670654297,8989200,0.0,0.0
2019-12-26 00:00:00-05:00,149.60025013137175,150.7111413565533,149.44832966777443,150.6541748046875,14520600,0.0,0.0
2019-12-27 00:00:00-05:00,151.39480203018746,151.48975596266368,150.22694399799698,150.9295654296875,18412800,0.0,0.0
2019-12-30 00:00:00-05:00,150.9580669553203,150.98655024091823,148.8122295206926,149.6287841796875,16348400,0.0,0.0
2019-12-31 00:00:00-05:00,148.850204575692,149.79968598488423,148.54636357054093,149.73321533203125,18369400,0.0,0.0
2020-01-02 00:00:00-05:00,150.7586493016358,152.61013505752078,150.33138558688324,152.5056915283203,22622100,0.0,0.0
2020-01-03 00:00:00-05:00,150.32188716953644,151.86953184497025,150.0750127579454,150.60671997070312,21116200,0.0,0.0
2020-01-06 00:00:00-05:00,149.1445317269712,151.06248810455452,148.6033204049661,150.9960174560547,20813700,0.0,0.0
2020-01-07 00:00:00-05:00,151.27136534760285,151.60367510473966,149.37240277675932,149.6192626953125,21634100,0.0,0.0
2020-01-08 00:00:00-05:00,150.901085184897,152.6766254104449,149.97059738789642,152.0024871826172,27746500,0.0,0.0
2020-01-09 00:00:00-05:00,153.66408835616173,154.02489597609247,152.89501062983652,153.90145874023438,21385000,0.0,0.0
2020-01-10 00:00:00-05:00,154.59454321052573,154.97432991321804,153.03738006085885,153.18930053710938,20725900,0.0,0.0
2020-01-13 00:00:00-05:00,153.58812558453712,155.0598248393225,153.11338482415076,155.03134155273438,21626500,0.0,0.0
2020-01-14 00:00:00-05:00,155.13576394480137,155.33516141166606,153.55013175988464,153.93942260742188,23477400,0.0,0.0
2020-01-15 00:00:00-05:00,154.40466357354921,155.65798599963676,154.35720109299407,154.93637084960938,21417900,0.0,0.0
2020-01-16 00:00:00-05:00,156.0472356229151,157.84175444938765,155.74339469520643,157.77528381347656,23865400,0.0,0.0
2020-01-17 00:00:00-05:00,158.96219753045006,159.0096745049906,157.0727240520678,158.6583709716797,34371700,0.0,0.0
2020-01-21 00:00:00-05:00,158.25953798746136,159.69326403956893,158.02216765967506,158.08863830566406,29517200,0.0,0.0
2020-01-22 00:00:00-05:00,158.94315575783406,159.02862008132692,157.31004684568597,157.32904052734375,24138800,0.0,0.0
2020-01-23 00:00:00-05:00,157.7943071736997,158.37349137414458,156.92078607413185,158.2975311279297,19680800,0.0,0.0
2020-01-24 00:00:00-05:00,159.04759713884232,159.06659082024498,156.14218686539624,156.70237731933594,24918100,0.0,0.0
2020-01-27 00:00:00-05:00,153.00889916761867,155.12625280753838,152.1068948687137,154.08181762695312,32078100,0.0,0.0
2020-01-28 00:00:00-05:00,155.50607513287835,157.38604440058108,154.8319513975017,157.10121154785156,24899900,0.0,0.0
2020-01-29 00:00:00-05:00,159.36097939089882,160.22501107587996,157.3195998597742,159.55087280273438,34754500,0.0,0.0
2020-01-30 00:00:00-05:00,165.25726775212235,165.25726775212235,162.16194860666837,164.05142211914062,51597500,0.0,0.0
2020-01-31 00:00:00-05:00,163.51018671757376,163.69057600096366,161.0130461758437,161.6302032470703,36142700,0.0,0.0
2020-02-03 00:00:00-05:00,161.8200789361987,165.68447449319962,161.79159565835778,165.57054138183594,30107000,0.0,0.0
2020-02-04 00:00:00-05:00,168.1911186016925,171.51430318526613,167.40304737617856,171.02056884765625,36433300,0.0,0.0
2020-02-05 00:00:00-05:00,174.73306955574307,174.8944796632022,169.3969884590293,170.81170654296875,39186300,0.0,0.0
2020-02-06 00:00:00-05:00,171.82763248366683,174.5336599911423,170.9636010212311,174.35325622558594,27751400,0.0,0.0
2020-02-07 00:00:00-05:00,173.61265875335346,176.2522155665568,173.26134082611614,174.60011291503906,33529100,0.0,0.0
2020-02-10 00:00:00-05:00,174.30578959545088,179.30005632732252,173.9924590084795,179.16712951660156,35844300,0.0,0.0
2020-02-11 00:00:00-05:00,181.01861612373997,181.06609308949365,174.22983017110295,175.12234497070312,53159900,0.0,0.0
2020-02-12 00:00:00-05:00,176.20472136915564,176.46108534764494,172.66316057923015,175.37867736816406,47062900,0.0,0.0
2020-02-13 00:00:00-05:00,173.8310214211516,176.8218814332766,173.63162399264098,174.42919921875,35295800,0.0,0.0
2020-02-14 00:00:00-05:00,173.99244218660291,176.0433252005315,173.42274763120017,175.98635864257812,23149500,0.0,0.0
2020-02-18 00:00:00-05:00,176.23323763923193,178.2176502251347,176.12879410902988,177.77139282226562,27792200,0.0,0.0
2020-02-19 00:00:00-05:00,179.0471826033565,179.16142692930302,177.53338717453187,178.3045654296875,29997500,0.51,0.0
2020-02-20 00:00:00-05:00,177.99036715778334,178.27599248114515,172.4207387260117,175.5816192626953,36862400,0.0,0.0
2020-02-21 00:00:00-05:00,174.3915250882964,174.70571148986244,168.75524447726494,170.03102111816406,48572600,0.0,0.0
2020-02-24 00:00:00-05:00,159.72957434916313,166.18463956657936,155.40714713360293,162.70004272460938,68311100,0.0,0.0
2020-02-25 00:00:00-05:00,165.85142145386897,166.4607487234575,159.6153288264737,160.0152130126953,68073300,0.0,0.0
2020-02-26 00:00:00-05:00,161.5766106394394,164.95646434698395,160.14849852836164,162.01455688476562,56206100,0.0,0.0
2020-02-27 00:00:00-05:00,155.49286045756762,159.0250497653848,150.4087700779,150.59918212890625,93174900,0.0,0.0
2020-02-28 00:00:00-05:00,145.10574080749583,155.86419021733548,144.71538660701916,154.2456512451172,97012700,0.0,0.0
2020-03-02 00:00:00-05:00,157.3874286664229,164.63271598057102,154.5312052499782,164.50894165039062,71030800,0.0,0.0
2020-03-03 00:00:00-05:00,165.47060721979446,166.6130941024236,154.48365562186393,156.62582397460938,71677000,0.0,0.0
2020-03-04 00:00:00-05:00,160.41504106949054,162.51911762282631,157.68257731898743,162.37631225585938,49814400,0.0,0.0
2020-03-05 00:00:00-05:00,158.09202553333,162.68101857562968,157.7492780197032,158.30148315429688,47817300,0.0,0.0
2020-03-06 00:00:00-05:00,154.816857162089,155.29289448015368,148.52364323617397,153.8267059326172,72821100,0.0,0.0
2020-03-09 00:00:00-04:00,143.7632670018697,150.18977065923806,142.8111923859633,143.40147399902344,70419300,0.0,0.0
2020-03-10 00:00:00-04:00,150.5801343469339,153.31258402014208,145.2675559078778,153.20785522460938,65354400,0.0,0.0
2020-03-11 00:00:00-04:00,149.59948831217446,150.14216328627552,143.90607167718443,146.26722717285156,56371600,0.0,0.0
2020-03-12 00:00:00-04:00,138.33644333258042,146.11489113015546,131.93850080995347,132.39549255371094,93226400,0.0,0.0
2020-03-13 00:00:00-04:00,140.43103844978467,154.15044033680311,133.98548773594624,151.21804809570312,92727400,0.0,0.0
2020-03-16 00:00:00-04:00,133.29041897444304,142.19232062409446,128.53004686821293,128.92991638183594,87905900,0.0,0.0
2020-03-17 00:00:00-04:00,133.29048477077774,140.43104645492656,128.53011031467852,139.54562377929688,81059800,0.0,0.0
2020-03-18 00:00:00-04:00,131.38630647518264,139.0029039520048,128.54912798276825,133.67127990722656,81593200,0.0,0.0
2020-03-19 00:00:00-04:00,135.9276665733689,142.9539657882571,132.3383420066392,135.87054443359375,85922700,0.0,0.0
2020-03-20 00:00:00-04:00,139.00294444067958,140.0502327097987,129.34890490788624,130.7675018310547,84866200,0.0,0.0
2020-03-23 00:00:00-04:00,130.4437399557186,133.8331378449838,126.1689341603844,129.46310424804688,78975200,0.0,0.0
2020-03-24 00:00:00-04:00,136.86073924483702,142.43038209641236,134.49959803721939,141.2307586669922,82516700,0.0,0.0
2020-03-25 00:00:00-04:00,141.77344860070977,146.9336917873563,137.5176734833681,139.87881469726562,75638200,0.0,0.0
2020-03-26 00:00:00-04:00,141.2878703475674,149.15201614833694,141.25930927065227,148.6283721923828,64568100,0.0,0.0
2020-03-27 00:00:00-04:00,144.47732968943524,147.4668435414475,142.0495364003553,142.52557373046875,57042300,0.0,0.0
2020-03-30 00:00:00-04:00,145.13432144365657,152.90325725781867,142.82077154180504,152.5509796142578,63420300,0.0,0.0
2020-03-31 00:00:00-04:00,151.76069687308703,156.88286325614513,149.0568082917914,150.15170288085938,77927200,0.0,0.0
2020-04-01 00:00:00-04:00,145.66739882638436,150.1897527115172,143.59188338493584,144.82005310058594,57969900,0.0,0.0
2020-04-02 00:00:00-04:00,144.58207393473876,148.02857992428844,143.15396179177512,147.81912231445312,49630700,0.0,0.0
2020-04-03 00:00:00-04:00,147.66679583020962,149.83752504353316,144.89625489063627,146.45765686035156,41243300,0.0,0.0
2020-04-06 00:00:00-04:00,152.63662871229192,158.5204436100187,150.02793870466274,157.34939575195312,67111700,0.0,0.0
2020-04-07 00:00:00-04:00,161.4623720516996,161.85272623097657,155.43573644344502,155.65472412109375,62769000,0.0,0.0
2020-04-08 00:00:00-04:00,157.7302395179861,158.68231437318792,155.66423882549927,157.21612548828125,48318200,0.0,0.0
2020-04-09 00:00:00-04:00,158.38716413076,159.3487544477742,155.5023786522089,157.2256317138672,51385100,0.0,0.0
2020-04-13 00:00:00-04:00,156.47348523081303,157.63501754538458,154.52172915944234,157.577880859375,41905300,0.0,0.0
2020-04-14 00:00:00-04:00,160.90066273393407,165.42301863917777,159.94858780651435,165.3754119873047,52874300,0.0,0.0
2020-04-15 00:00:00-04:00,162.99517507582178,165.25160184597294,161.1291169212521,163.64259338378906,40940800,0.0,0.0
2020-04-16 00:00:00-04:00,165.94666754904043,168.78384684701578,164.613753895638,168.5553436279297,50479600,0.0,0.0
2020-04-17 00:00:00-04:00,170.89745000525429,171.37348747045,167.44141335913017,170.04058837890625,52765600,0.0,0.0
2020-04-20 00:00:00-04:00,168.16497619786358,170.18337012056065,166.6035741104452,166.6702117919922,36669600,0.0,0.0
2020-04-21 00:00:00-04:00,165.18496875685338,165.3468197206917,158.14913695113438,159.77719116210938,56203700,0.0,0.0
2020-04-22 00:00:00-04:00,163.17610127236938,165.66101711012155,162.6334261844166,165.2040252685547,34620200,0.0,0.0
2020-04-23 00:00:00-04:00,165.7657807594686,166.67024911448806,162.71914362952913,163.20469665527344,32790800,0.0,0.0
2020-04-24 00:00:00-04:00,163.81396026372389,166.19414686415578,162.52866821599432,166.18463134765625,34277600,0.0,0.0
2020-04-27 00:00:00-04:00,168.1268352658306,168.42197604134077,164.99451650081429,165.7085723876953,33194400,0.0,0.0
2020-04-28 00:00:00-04:00,167.17478918130797,167.2509568988296,161.2719290846962,161.6717987060547,34392700,0.0,0.0
2020-04-29 00:00:00-04:00,164.91836401953887,169.1646086167517,163.642587537148,168.9265899658203,51286600,0.0,0.0
2020-04-30 00:00:00-04:00,171.37342464141506,171.75424866294946,167.7840994020573,170.6212921142578,53875900,0.0,0.0
2020-05-01 00:00:00-04:00,167.37475277045658,170.07864171625766,165.6705307427977,166.20370483398438,39370500,0.0,0.0
2020-05-04 00:00:00-04:00,166.1275265673795,170.42137841371047,165.4705926725567,170.26904296875,30372900,0.0,0.0
2020-05-05 00:00:00-04:00,171.96375599957568,174.84854165369975,171.27826094042646,172.0970458984375,36839200,0.0,0.0
2020-05-06 00:00:00-04:00,173.35380172275444,175.3721958874202,172.92537091785033,173.791748046875,32139300,0.0,0.0
2020-05-07 00:00:00-04:00,175.34359359711726,175.70538662746563,173.82979832935465,174.80091857910156,28316000,0.0,0.0
2020-05-08 00:00:00-04:00,176.1147268015544,176.13377235815886,174.57237084916505,175.8291015625,30877800,0.0,0.0
2020-05-11 00:00:00-04:00,174.37249152173197,178.52353817638254,174.0868807074852,177.7904510498047,30892700,0.0,0.0
2020-05-12 00:00:00-04:00,177.84754617015983,178.07603478681457,173.56321027780993,173.7631378173828,32038200,0.0,0.0
2020-05-13 00:00:00-04:00,173.80124922811217,175.2293613589471,168.07927065962855,171.13543701171875,44711500,0.0,0.0
2020-05-14 00:00:00-04:00,169.03132804745684,172.03037193059697,167.26046860605703,171.87803649902344,41873900,0.0,0.0
2020-05-15 00:00:00-04:00,170.47849174244934,178.0950892658203,168.5172202045824,174.3820037841797,46610400,0.0,0.0
2020-05-18 00:00:00-04:00,176.84786543647925,177.27629612153746,175.1436582128011,176.04812622070312,35264500,0.0,0.0
2020-05-19 00:00:00-04:00,176.16239718566547,177.6571615787806,174.69620840155065,174.82949829101562,26799100,0.0,0.0
2020-05-20 00:00:00-04:00,176.44296291219172,177.4358864095357,175.61235570357988,177.25448608398438,31261300,0.51,0.0
2020-05-21 00:00:00-04:00,177.00628537270865,178.2187920937245,174.99181189661454,175.12547302246094,29119500,0.0,0.0
2020-05-22 00:00:00-04:00,174.89630791276787,176.10881435595059,174.27572709584703,175.20181274414062,20826900,0.0,0.0
2020-05-26 00:00:00-04:00,177.9036889523315,178.05644865123975,172.9009326408034,173.3496551513672,36073600,0.0,0.0
2020-05-27 00:00:00-04:00,172.04168637143127,173.75065470607606,168.60468023193414,173.57879638671875,39517100,0.0,0.0
2020-05-28 00:00:00-04:00,172.55725432023527,175.81286026389589,172.21355223443322,173.18736267089844,33810200,0.0,0.0
2020-05-29 00:00:00-04:00,174.4571514728531,175.92743829095997,172.2421937941041,174.95361328125,42130400,0.0,0.0
2020-06-01 00:00:00-04:00,174.27573351783732,174.7149140285798,173.2446419269881,174.5526123046875,22622400,0.0,0.0
2020-06-02 00:00:00-04:00,175.90832926371786,176.62437402327166,173.13962868729698,176.5384521484375,30794600,0.0,0.0
2020-06-03 00:00:00-04:00,176.4525023602853,177.52179103698336,175.26863663396563,176.96804809570312,27311000,0.0,0.0
2020-06-04 00:00:00-04:00,175.9560768868558,177.42634912002515,174.0466241036408,174.6385498046875,28761800,0.0,0.0
2020-06-05 00:00:00-04:00,174.35208395269206,179.23073513676752,173.76970042147488,178.7247314453125,39893600,0.0,0.0
2020-06-08 00:00:00-04:00,177.52180899547244,180.0136451993302,176.0897195580362,179.83224487304688,33211600,0.0,0.0
2020-06-09 00:00:00-04:00,179.48856656059746,182.06632497526755,178.78206376690073,181.2070770263672,29783900,0.0,0.0
2020-06-10 00:00:00-04:00,182.4768798509931,189.5323080740531,182.36230276524785,187.92835998535156,43872300,0.0,0.0
2020-06-11 00:00:00-04:00,184.38627533006792,186.8971953252528,177.6459107012866,177.83685302734375,52854700,0.0,0.0
2020-06-12 00:00:00-04:00,181.91356347610142,183.04014821353974,176.7962293435296,179.24034118652344,43373600,0.0,0.0
2020-06-15 00:00:00-04:00,176.22336424283785,182.18086099216418,175.6791633146743,180.38597106933594,32770200,0.0,0.0
2020-06-16 00:00:00-04:00,184.15715975098976,186.72537588920386,182.79190810253792,184.80638122558594,42556700,0.0,0.0
2020-06-17 00:00:00-04:00,186.20025698099536,187.43186198574108,184.92092731873566,185.44602966308594,25687800,0.0,0.0
2020-06-18 00:00:00-04:00,185.21692771071227,187.5942017696125,185.21692771071227,187.43190002441406,23061600,0.0,0.0
2020-06-19 00:00:00-04:00,189.5990954500768,190.26740095716144,185.57014923426544,186.31483459472656,44441100,0.0,0.0
2020-06-22 00:00:00-04:00,186.92586606992526,191.67085720535485,186.39122164361794,191.48947143554688,32818900,0.0,0.0
2020-06-23 00:00:00-04:00,192.94062730432893,194.7164187390897,192.31050447342133,192.76878356933594,30917400,0.0,0.0
2020-06-24 00:00:00-04:00,192.47282147333826,194.04811398849358,187.6609929241231,188.88304138183594,36740600,0.0,0.0
2020-06-25 00:00:00-04:00,188.84488357225186,191.5276624074579,186.6203693269537,191.26988220214844,27803900,0.0,0.0
2020-06-26 00:00:00-04:00,190.68745414699424,190.84021383073977,186.05704095618466,187.44139099121094,54675800,0.0,0.0
2020-06-29 00:00:00-04:00,186.91629636525946,189.54179344468236,184.7872609944306,189.45587158203125,26701600,0.0,0.0
2020-06-30 00:00:00-04:00,188.92122702942044,195.1460314274732,188.78756594278659,194.29632568359375,34310300,0.0,0.0
2020-07-01 00:00:00-04:00,193.9430788064438,197.00775630446134,192.63510858011978,195.4324493408203,32061200,0.0,0.0
2020-07-02 00:00:00-04:00,196.3681166874613,198.6021875092701,195.7189097355974,196.92185974121094,29315800,0.0,0.0
2020-07-06 00:00:00-04:00,199.37550924846306,201.57138280923724,198.66900649142337,201.1608428955078,31897600,0.0,0.0
2020-07-07 00:00:00-04:00,200.92220339812962,204.9511506820538,198.57358419802375,198.82180786132812,33600700,0.0,0.0
2020-07-08 00:00:00-04:00,200.55935767068064,203.60492228255777,199.24183073570933,203.19439697265625,33600000,0.0,0.0
2020-07-09 00:00:00-04:00,206.53592253616213,206.58366176020414,201.895952577815,204.61692810058594,33121700,0.0,0.0
2020-07-10 00:00:00-04:00,203.94864443444519,204.3878249787219,201.52364584152227,203.9963836669922,26177600,0.0,0.0
2020-07-13 00:00:00-04:00,204.76965413059168,206.02989960156552,197.15094377231856,197.6951446533203,38135600,0.0,0.0
2020-07-14 00:00:00-04:00,196.79777290627416,199.39463008308857,192.88338853252554,198.91726684570312,37591800,0.0,0.0
2020-07-15 00:00:00-04:00,200.07243434393845,201.7623039169299,195.74752551635757,198.62124633789062,32179400,0.0,0.0
2020-07-16 00:00:00-04:00,196.100780795123,196.38720160543846,193.1506799551989,194.6877899169922,29940700,0.0,0.0
2020-07-17 00:00:00-04:00,195.2128812655641,195.75706766321048,192.2723226107304,193.6948699951172,31635300,0.0,0.0
2020-07-20 00:00:00-04:00,195.71889626461106,202.6884013378712,193.81898563689114,202.0200958251953,36884800,0.0,0.0
2020-07-21 00:00:00-04:00,203.9868433576055,204.2541655805475,198.61172913665365,199.29913330078125,37990400,0.0,0.0
2020-07-22 00:00:00-04:00,199.7287445152915,202.68840195351845,198.9554185219914,202.16329956054688,49605700,0.0,0.0
2020-07-23 00:00:00-04:00,197.80975607251406,201.3708813021191,192.9979270791903,193.37026977539062,67457000,0.0,0.0
2020-07-24 00:00:00-04:00,191.3462679706825,193.6758027739354,188.56801058313243,192.18643188476562,39827000,0.0,0.0
2020-07-27 00:00:00-04:00,192.34870323124602,194.73551891181646,191.7663196224682,194.62095642089844,30160900,0.0,0.0
2020-07-28 00:00:00-04:00,194.39183650307967,195.43248474859328,192.60650285545827,192.8738250732422,23251400,0.0,0.0
2020-07-29 00:00:00-04:00,193.33205584779677,195.38471135430314,192.86423476448752,194.82142639160156,19632600,0.0,0.0
2020-07-30 00:00:00-04:00,191.89998548207373,195.20334487589957,190.53473387151706,194.66868591308594,25079600,0.0,0.0
2020-07-31 00:00:00-04:00,195.14605568804103,195.81437577226183,190.00008136094036,195.7284393310547,51044000,0.0,0.0
2020-08-03 00:00:00-04:00,201.94370430096453,207.78662439979686,200.9125981832941,206.73641967773438,78983000,0.0,0.0
2020-08-04 00:00:00-04:00,204.47376992715482,205.04661164641544,200.78852510543567,203.63360595703125,49280100,0.0,0.0
2020-08-05 00:00:00-04:00,205.17067863132021,205.2661570897117,201.9914528320211,203.29942321777344,28806400,0.0,0.0
2020-08-06 00:00:00-04:00,202.72659168573307,206.57413774919098,201.9723642716124,206.5550537109375,32656800,0.0,0.0
2020-08-07 00:00:00-04:00,205.12294061058364,205.93444918218864,201.38040089130416,202.8602294921875,27820400,0.0,0.0
2020-08-10 00:00:00-04:00,202.08697097696864,202.28746996623198,197.00783320862936,198.82180786132812,36716500,0.0,0.0
2020-08-11 00:00:00-04:00,197.78115211742505,198.2489587951998,193.94314737486326,194.1722869873047,36446500,0.0,0.0
2020-08-12 00:00:00-04:00,195.99575127842633,200.75984065200336,195.48020549800736,199.7191925048828,28013100,0.0,0.0
2020-08-13 00:00:00-04:00,199.95787598824566,201.7814066937135,198.72627091928837,199.25137329101562,22588900,0.0,0.0
2020-08-14 00:00:00-04:00,199.3086606756937,200.10108526689314,198.11525277954402,199.44232177734375,17958900,0.0,0.0
2020-08-17 00:00:00-04:00,200.11063503817505,201.62864633406465,199.46141358943777,200.7598419189453,20184800,0.0,0.0
2020-08-18 00:00:00-04:00,200.99851073651166,202.74566147426796,199.73827969640456,201.91505432128906,21336200,0.0,0.0
2020-08-19 00:00:00-04:00,202.4031936048161,202.98698512417485,200.25943147075444,200.69009399414062,27627600,0.51,0.0
2020-08-20 00:00:00-04:00,200.53692196431712,205.76233465586125,199.93400040223327,205.36038208007812,26981500,0.0,0.0
2020-08-21 00:00:00-04:00,204.6713675107207,206.9586790324315,203.70476807042115,203.86746215820312,36249300,0.0,0.0
2020-08-24 00:00:00-04:00,205.56136531180084,206.2600107782231,203.3027640605112,204.50863647460938,25460100,0.0,0.0
2020-08-25 00:00:00-04:00,203.9439889498141,207.303173653771,203.9439889498141,207.169189453125,23043700,0.0,0.0
2020-08-26 00:00:00-04:00,208.5186105709494,212.5477162669981,208.0209487114188,211.64810180664062,39600800,0.0,0.0
2020-08-27 00:00:00-04:00,213.31334445111278,221.21844139680744,209.97328995814232,216.8448028564453,57602200,0.0,0.0
2020-08-28 00:00:00-04:00,218.37607674576404,220.73038751877678,216.84483064743944,219.07472229003906,26292900,0.0,0.0
2020-08-31 00:00:00-04:00,217.2467307572346,218.87368573213718,214.6723068095496,215.8398895263672,28774200,0.0,0.0
2020-09-01 00:00:00-04:00,215.82076800431622,217.67741660984777,214.78716935990127,217.50515747070312,25725500,0.0,0.0
2020-09-02 00:00:00-04:00,218.17508170027884,222.85497822455,217.58172518572937,221.69696044921875,34080800,0.0,0.0
2020-09-03 00:00:00-04:00,219.4192157670536,219.4574907062767,205.7240599096668,207.96351623535156,58400300,0.0,0.0
2020-09-04 00:00:00-04:00,205.8580711279521,208.97799749718706,196.37385829268598,205.04458618164062,59664100,0.0,0.0
2020-09-08 00:00:00-04:00,197.6275372649197,201.00586639470475,193.51228780559507,193.95252990722656,52924300,0.0,0.0
2020-09-09 00:00:00-04:00,198.6803023452128,205.60922048804156,197.81896281811265,202.2117462158203,45679000,0.0,0.0
2020-09-10 00:00:00-04:00,204.23109563870372,205.51353258521655,195.34025420679887,196.54611206054688,35461500,0.0,0.0
2020-09-11 00:00:00-04:00,198.2975147945307,199.66608151141432,192.59359823494768,195.2637176513672,33620100,0.0,0.0
2020-09-14 00:00:00-04:00,195.4646832848915,200.211565055295,195.26369966410363,196.58441162109375,30375800,0.0,0.0
2020-09-15 00:00:00-04:00,199.46506793098098,200.76663503832762,198.03908170354327,199.80960083007812,21823900,0.0,0.0
2020-09-16 00:00:00-04:00,201.57052545994566,201.5992353158293,195.84746540395426,196.23985290527344,26328100,0.0,0.0
2020-09-17 00:00:00-04:00,191.4546997677352,195.55080508538697,191.36857019218812,194.1918182373047,34011300,0.0,0.0
2020-09-18 00:00:00-04:00,194.08651546533457,194.89998567612304,187.81793928450222,191.78005981445312,55225300,0.0,0.0
2020-09-21 00:00:00-04:00,188.71758312450748,194.00041619027272,187.94238773071473,193.83770751953125,39839700,0.0,0.0
2020-09-22 00:00:00-04:00,196.2494550642717,199.15884757102415,193.3974968833189,198.508056640625,33517100,0.0,0.0
2020-09-23 00:00:00-04:00,198.96738297890863,199.1588014809056,191.43552930649702,191.97146606445312,30803800,0.0,0.0
2020-09-24 00:00:00-04:00,191.2632721600438,196.73750842133498,190.64119122847163,194.4597625732422,31202500,0.0,0.0
2020-09-25 00:00:00-04:00,194.80429882541895,200.05840681918733,193.8376850143183,198.89083862304688,29437300,0.0,0.0
2020-09-28 00:00:00-04:00,201.81941603230769,203.43680648147486,199.12057205372884,200.4412841796875,32004900,0.0,0.0
2020-09-29 00:00:00-04:00,200.3551475880367,201.04421349026651,197.9242721542855,198.3549346923828,24221900,0.0,0.0
2020-09-30 00:00:00-04:00,198.80474978814112,202.8721459465072,197.66587652728887,201.2930450439453,33829100,0.0,0.0
2020-10-01 00:00:00-04:00,204.3172412725984,204.7957583835063,202.24047876364014,203.3314971923828,27158400,0.0,0.0
2020-10-02 00:00:00-04:00,199.06313182368098,201.92466960079273,196.70882105074978,197.33090209960938,33154800,0.0,0.0
2020-10-05 00:00:00-04:00,198.3166494452693,201.36959120849284,198.08695595539203,201.34088134765625,21331600,0.0,0.0
2020-10-06 00:00:00-04:00,199.84786948820184,201.14942185632785,196.01973305531848,197.06289672851562,28554300,0.0,0.0
2020-10-07 00:00:00-04:00,198.16347981904158,201.0824367654406,197.83809172749062,200.81446838378906,25681100,0.0,0.0
2020-10-08 00:00:00-04:00,201.46525767871398,202.11604850735242,199.36936511507264,201.53225708007812,19925800,0.0,0.0
2020-10-09 00:00:00-04:00,202.1543035469946,206.58537598668465,202.1543035469946,206.5375213623047,26458000,0.0,0.0
2020-10-12 00:00:00-04:00,209.38948476978237,214.24165467688056,207.49456133654485,211.88734436035156,40461400,0.0,0.0
2020-10-13 00:00:00-04:00,213.15066849960917,215.53368902999108,210.95905189784642,213.28465270996094,28950800,0.0,0.0
2020-10-14 00:00:00-04:00,213.41862756429836,214.58621046182856,209.71490986658227,211.37057495117188,23421700,0.0,0.0
2020-10-15 00:00:00-04:00,207.77213221733243,210.8920584755525,206.72895383310072,210.22213745117188,22733100,0.0,0.0
2020-10-16 00:00:00-04:00,210.69107486664674,212.73912748585784,209.89674932549886,210.22213745117188,26057900,0.0,0.0
2020-10-19 00:00:00-04:00,210.94947830769584,212.74870729118058,204.5373520367776,205.015869140625,27625800,0.0,0.0
2020-10-20 00:00:00-04:00,206.5279815053005,208.03051759272938,203.93441242019458,205.42738342285156,22753500,0.0,0.0
2020-10-21 00:00:00-04:00,203.96314342538997,207.59987665183556,203.96314342538997,205.5709686279297,22724900,0.0,0.0
2020-10-22 00:00:00-04:00,204.7382995474917,206.77678686888288,202.60411757728775,205.6570587158203,22351500,0.0,0.0
2020-10-23 00:00:00-04:00,205.791045619415,206.98733826920613,204.00139648834562,206.93948364257812,18879600,0.0,0.0
2020-10-26 00:00:00-04:00,204.66176438764387,207.04477013994912,199.15881787540803,201.05374145507812,37111600,0.0,0.0
2020-10-27 00:00:00-04:00,202.49884428314488,205.44651110092087,201.29298655899265,204.0875244140625,36700300,0.0,0.0
2020-10-28 00:00:00-04:00,198.7473167494799,199.86704515863852,193.41664314674094,193.97171020507812,51195600,0.0,0.0
2020-10-29 00:00:00-04:00,195.3020057826841,198.45064235215534,194.63207005867363,195.924072265625,31432600,0.0,0.0
2020-10-30 00:00:00-04:00,194.7564655227637,195.51251613796734,191.04316804272622,193.77072143554688,36953700,0.0,0.0
2020-11-02 00:00:00-05:00,195.51249748130388,196.4599665343652,191.52166688119192,193.63671875,30842200,0.0,0.0
2020-11-03 00:00:00-05:00,195.12968662953483,199.17793687834458,194.39276626640526,197.560546875,27512000,0.0,0.0
2020-11-04 00:00:00-05:00,204.82446966001,208.93971976294654,203.29320905322973,207.09263610839844,42311800,0.0,0.0
2020-11-05 00:00:00-05:00,212.4998742035629,214.49050715621627,211.64811432218954,213.6961669921875,36080100,0.0,0.0
2020-11-06 00:00:00-05:00,212.7104201487786,214.72019784892188,208.66216949337468,214.10769653320312,25231900,0.0,0.0
2020-11-09 00:00:00-05:00,214.79674276458664,218.31862135822865,208.5186011997939,209.00668334960938,44395000,0.0,0.0
2020-11-10 00:00:00-05:00,205.28387234682293,207.19794108665346,200.70924922688286,201.94381713867188,44045100,0.0,0.0
2020-11-11 00:00:00-05:00,203.26453719365315,208.6717757539252,203.08269831974624,207.2458038330078,29440800,0.0,0.0
2020-11-12 00:00:00-05:00,207.87739570923154,209.6957547666248,205.24555177695154,206.18344116210938,21593900,0.0,0.0
2020-11-13 00:00:00-05:00,207.06392446312853,208.0783784000142,204.95845209936047,207.2074737548828,18621100,0.0,0.0
2020-11-16 00:00:00-05:00,205.63788363079007,208.3845810437646,205.30293050454983,207.896484375,24953300,0.0,0.0
2020-11-17 00:00:00-05:00,206.81507981110704,208.32718087457053,204.88186679385396,205.24554443359375,24154100,0.0,0.0
2020-11-18 00:00:00-05:00,205.0056517579843,206.46415620662827,202.39570259363785,202.53964233398438,28372800,0.56,0.0
2020-11-19 00:00:00-05:00,202.82753970263718,204.41077461046976,201.43619519654735,203.82545471191406,24792700,0.0,0.0
2020-11-20 00:00:00-05:00,203.61434343759902,204.66023830979884,201.50335879752706,201.87757873535156,22843100,0.0,0.0
2020-11-23 00:00:00-05:00,202.41492719145955,203.70070706865718,199.73781746855306,201.60891723632812,25683500,0.0,0.0
2020-11-24 00:00:00-05:00,201.10992980573758,205.58138849058068,200.40946989787446,205.20716857910156,33979700,0.0,0.0
2020-11-25 00:00:00-05:00,206.40663164015768,206.5793417969263,203.86385672272786,205.216796875,21012900,0.0,0.0
2020-11-27 00:00:00-05:00,206.15711338051779,207.51965801723676,205.37987391349907,206.521728515625,14512200,0.0,0.0
2020-11-30 00:00:00-05:00,205.437491689779,206.0707768754735,202.30938234815488,205.40870666503906,33064800,0.0,0.0
2020-12-01 00:00:00-05:00,205.83085273018764,208.52717154607495,204.7177978221333,207.4620819091797,30904500,0.0,0.0
2020-12-02 00:00:00-05:00,206.18588657342275,206.7520114581899,204.19004232609856,206.6560516357422,23724500,0.0,0.0
2020-12-03 00:00:00-05:00,205.92684818002928,207.6252378173083,205.00568348008005,205.5718231201172,25120900,0.0,0.0
2020-12-04 00:00:00-05:00,205.5526461958313,206.66571603517735,204.55471646351504,205.68698120117188,24666000,0.0,0.0
2020-12-07 00:00:00-05:00,205.69654643667639,206.81920626860725,204.3723914418279,205.61978149414062,24620000,0.0,0.0
2020-12-08 00:00:00-05:00,205.31274773858016,208.1721724597082,204.2764429190657,207.27020263671875,23284100,0.0,0.0
2020-12-09 00:00:00-05:00,206.45456855380638,206.5217287203082,202.66438960856496,203.2305145263672,32440600,0.0,0.0
2020-12-10 00:00:00-05:00,203.20174406539516,204.45873883924034,201.84878945662726,202.0023193359375,26733300,0.0,0.0
2020-12-11 00:00:00-05:00,201.5513549081159,204.68905441820556,200.64938507745762,204.6314697265625,30979400,0.0,0.0
2020-12-14 00:00:00-05:00,204.47793178105667,207.46210106509508,204.2668318593756,205.53341674804688,28798400,0.0,0.0
2020-12-15 00:00:00-05:00,206.46419310374057,206.70407807244058,203.6527482984566,205.46627807617188,27000600,0.0,0.0
2020-12-16 00:00:00-05:00,206.06118358324636,211.20431778476424,206.03239855894847,210.40789794921875,35023300,0.0,0.0
2020-12-17 00:00:00-05:00,210.9740110508689,211.95274574604827,209.1029113699491,210.54222106933594,32515800,0.0,0.0
2020-12-18 00:00:00-05:00,209.74578857421875,210.80128814640273,207.2797790521737,209.74578857421875,63354900,0.0,0.0
2020-12-21 00:00:00-05:00,208.74790968617424,214.93693915774554,208.48882981169982,213.583984375,37181900,0.0,0.0
2020-12-22 00:00:00-05:00,213.6798936375532,216.50094263879487,212.87388382045947,214.8793182373047,22612200,0.0,0.0
2020-12-23 00:00:00-05:00,214.08287252760763,214.514662402758,211.8663384792788,212.0774383544922,18699600,0.0,0.0
2020-12-24 00:00:00-05:00,212.4612829501821,214.56267727866629,212.2501830405636,213.7374725341797,10550600,0.0,0.0
2020-12-28 00:00:00-05:00,215.3686881144162,216.88476263524183,213.99655333703302,215.85806274414062,17933500,0.0,0.0
2020-12-29 00:00:00-05:00,217.15345055362997,217.98824549729198,214.53391099007936,215.08084106445312,17403200,0.0,0.0
2020-12-30 00:00:00-05:00,216.11712326944684,216.50094793560592,212.5092592560349,212.71075439453125,20272300,0.0,0.0
2020-12-31 00:00:00-05:00,212.72995237585465,213.97735693650276,210.7916780475065,213.4208221435547,20942100,0.0,0.0
2021-01-04 00:00:00-05:00,213.5264020344553,213.9773869360823,206.11875320777628,208.88223266601562,37130100,0.0,0.0
2021-01-05 00:00:00-05:00,208.469620064535,209.67864963168427,206.97274025893688,209.08372497558594,23823000,0.0,0.0
2021-01-06 00:00:00-05:00,203.5855122977951,207.73073033908946,203.36482229250956,203.6622772216797,35930700,0.0,0.0
2021-01-07 00:00:00-05:00,205.37985754212093,210.46542054850582,205.06322234622965,209.45790100097656,27694500,0.0,0.0
2021-01-08 00:00:00-05:00,209.8321610847662,211.65529553000536,208.2489262362572,210.734130859375,22956200,0.0,0.0
2021-01-11 00:00:00-05:00,209.63063715459433,210.0528369606372,207.96103282381029,208.69029235839844,23031300,0.0,0.0
2021-01-12 00:00:00-05:00,207.74038663598958,208.31611642780615,204.6890568070454,206.23390197753906,23249300,0.0,0.0
2021-01-13 00:00:00-05:00,205.36071303589776,207.9898427294301,205.27434332602658,207.5868377685547,20087100,0.0,0.0
2021-01-14 00:00:00-05:00,207.1742691440808,208.66155895915375,204.13252933258465,204.4011993408203,29480800,0.0,0.0
2021-01-15 00:00:00-05:00,204.8809522010558,205.83088727894048,203.45123255832522,204.046142578125,31746500,0.0,0.0
2021-01-19 00:00:00-05:00,205.1016509122703,208.20096064868125,204.0269709237377,207.6828155517578,30480900,0.0,0.0
2021-01-20 00:00:00-05:00,208.89180945322397,216.65448284404494,208.49839462519878,215.26315307617188,37777300,0.0,0.0
2021-01-21 00:00:00-05:00,215.60856544773637,217.14383480853698,213.42081612551442,215.86764526367188,30709400,0.0,0.0
2021-01-22 00:00:00-05:00,217.8923292406394,220.76135890461012,216.6641193005423,216.80804443359375,30172700,0.0,0.0
2021-01-25 00:00:00-05:00,219.84976447113186,220.48306428239718,215.1480250899788,220.24317932128906,33152100,0.0,0.0
2021-01-26 00:00:00-05:00,222.4789162100641,224.70504110859784,220.770936402289,222.92990112304688,49169600,0.0,0.0
2021-01-27 00:00:00-05:00,228.37043413974956,230.71171320212767,220.82845198964586,223.47677612304688,69870600,0.0,0.0
2021-01-28 00:00:00-05:00,226.07716818506384,232.8227316681534,225.57820339979344,229.26283264160156,49111200,0.0,0.0
2021-01-29 00:00:00-05:00,226.44178833824543,228.38965283762465,221.989524533748,222.57484436035156,42503100,0.0,0.0
2021-02-01 00:00:00-05:00,225.54940574495873,232.68838365200105,223.02581157927415,229.9536895751953,33314200,0.0,0.0
2021-02-02 00:00:00-05:00,231.53690473465016,232.5060344443652,229.03250583272919,229.81932067871094,25916300,0.0,0.0
2021-02-03 00:00:00-05:00,229.87695268863132,235.1736017454573,229.57948305731,233.1681671142578,27158100,0.0,0.0
2021-02-04 00:00:00-05:00,232.84191028192274,233.39844507245968,230.64455613985325,232.21820068359375,25296100,0.0,0.0
2021-02-05 00:00:00-05:00,232.4292977150345,233.43681732954676,230.69253319854138,232.4005126953125,18054800,0.0,0.0
2021-02-08 00:00:00-05:00,233.31205633978672,233.8206111749062,231.0667371083445,232.65957641601562,22211900,0.0,0.0
2021-02-09 00:00:00-05:00,232.08389373842272,234.8569632583783,231.6137285927524,233.9070281982422,23565000,0.0,0.0
2021-02-10 00:00:00-05:00,235.0872579374984,235.97003282257953,231.1435486574617,232.99546813964844,22186700,0.0,0.0
2021-02-11 00:00:00-05:00,234.8761299477972,235.23115495661315,232.35253581551774,234.59786987304688,15751100,0.0,0.0
2021-02-12 00:00:00-05:00,234.0605427220062,235.37512223975358,232.90909785912032,235.07766723632812,16561100,0.0,0.0
2021-02-16 00:00:00-05:00,235.11600274275108,236.17150222991458,233.09137346567442,233.83981323242188,26728500,0.0,0.0
2021-02-17 00:00:00-05:00,232.08949941314134,234.96512230260174,231.7240297448597,234.8593292236328,21653500,0.56,0.0
2021-02-18 00:00:00-05:00,232.5510629355114,234.5995796636201,231.64701593736388,234.46493530273438,16925600,0.0,0.0
2021-02-19 00:00:00-05:00,234.42651669715636,234.53230976349187,230.99306282392587,231.7528533935547,25262600,0.0,0.0
2021-02-22 00:00:00-05:00,228.338596694678,228.82908372572433,223.51060941552996,225.53990173339844,36446900,0.0,0.0
2021-02-23 00:00:00-05:00,221.51978961171824,225.84766286022327,219.98098436441825,224.3473358154297,30228700,0.0,0.0
2021-02-24 00:00:00-05:00,221.21209260362556,226.20357700908812,220.24073047279995,225.5784454345703,26339700,0.0,0.0
2021-02-25 00:00:00-05:00,223.2029132170625,225.61690012530303,219.16356666865607,220.23110961914062,39542200,0.0,0.0
2021-02-26 00:00:00-05:00,222.67394655856364,226.36706254282802,220.7600590313648,223.49143981933594,37819200,0.0,0.0
2021-03-01 00:00:00-05:00,226.87675570412392,228.3867098260675,224.2319439435093,227.87698364257812,25324000,0.0,0.0
2021-03-02 00:00:00-05:00,227.94428610482706,228.22320172977388,224.5204595960881,224.9243927001953,22812500,0.0,0.0
2021-03-03 00:00:00-05:00,223.2798287097905,224.6455116135166,218.56724606158295,218.85577392578125,34029500,0.0,0.0
2021-03-04 00:00:00-05:00,218.0671220058217,223.59718252075484,215.68197229589236,218.0574951171875,44727800,0.0,0.0
2021-03-05 00:00:00-05:00,220.7408002725728,224.3473617295842,217.7978484716733,222.74124145507812,41872800,0.0,0.0
2021-03-08 00:00:00-05:00,222.52003591331203,224.44353542154002,218.4422263479561,218.69227600097656,35267400,0.0,0.0
2021-03-09 00:00:00-05:00,223.9723215843741,226.376696336267,222.80859774739682,224.837890625,33080500,0.0,0.0
2021-03-10 00:00:00-05:00,227.93467679656288,227.93467679656288,223.16439187152451,223.5298614501953,29746800,0.0,0.0
2021-03-11 00:00:00-05:00,225.9727277040274,230.02168593321738,225.3475815614815,228.05972290039062,29907600,0.0,0.0
2021-03-12 00:00:00-05:00,225.05904836070448,226.7998276939092,224.30888474756043,226.7324981689453,22653700,0.0,0.0
2021-03-15 00:00:00-04:00,225.97271669511534,226.19391501778802,222.94319632529994,225.8284454345703,26034900,0.0,0.0
2021-03-16 00:00:00-04:00,227.24224385205463,230.87765695855205,226.9152524388038,228.6175537109375,28092200,0.0,0.0
2021-03-17 00:00:00-04:00,227.11718787736953,229.42539598371647,224.30888048851298,227.97314453125,29562100,0.0,0.0
2021-03-18 00:00:00-04:00,223.66454419174724,225.23220115327058,221.51984612163352,221.89492797851562,34833000,0.0,0.0
2021-03-19 00:00:00-04:00,222.18341777330807,223.5779518905413,220.57729754999687,221.53904724121094,46430700,0.0,0.0
2021-03-22 00:00:00-04:00,221.4621083916309,227.83849894840333,221.33707623409987,226.96331787109375,30127000,0.0,0.0
2021-03-23 00:00:00-04:00,228.4059539788877,231.82978074938532,228.002020843899,228.4925079345703,31638400,0.0,0.0
2021-03-24 00:00:00-04:00,228.75219470524345,228.8964513044981,226.3189688968999,226.45361328125,25620100,0.0,0.0
2021-03-25 00:00:00-04:00,226.29972771990109,227.8769967829049,222.71240512495487,223.45294189453125,34061900,0.0,0.0
2021-03-26 00:00:00-04:00,222.6931811050737,227.65581386207742,222.6931811050737,227.43460083007812,25479900,0.0,0.0
2021-03-29 00:00:00-04:00,227.54037302898925,227.74234693638846,223.0105398608901,226.2420196533203,25227500,0.0,0.0
2021-03-30 00:00:00-04:00,224.59743738772852,224.9052043784386,222.26039233696736,222.98170471191406,24792000,0.0,0.0
2021-03-31 00:00:00-04:00,224.00114974202836,229.9543833600764,223.50103573631569,226.7517547607422,43623500,0.0,0.0
2021-04-01 00:00:00-04:00,229.3484690587783,233.5513108619018,228.9445359159846,233.08006286621094,30338000,0.0,0.0
2021-04-05 00:00:00-04:00,233.47439109086363,240.39900183366075,233.4166884471967,239.5430450439453,36910600,0.0,0.0
2021-04-06 00:00:00-04:00,238.13883504478127,239.86036048740036,237.43676189864294,238.3792724609375,22931900,0.0,0.0
2021-04-07 00:00:00-04:00,238.33117904802756,241.33183326791055,237.73489895949572,240.3412322998047,22719800,0.0,0.0
2021-04-08 00:00:00-04:00,243.1015050665614,244.41909761825963,242.3609535993028,243.56314086914062,23625200,0.0,0.0
2021-04-09 00:00:00-04:00,243.19765015784952,246.1983193023005,242.7841048169457,246.0636749267578,24326800,0.0,0.0
2021-04-12 00:00:00-04:00,244.9673172688886,247.8141033576994,244.88074862698014,246.1214141845703,27148700,0.0,0.0
2021-04-13 00:00:00-04:00,247.41974301703107,249.27591293750018,247.00616833012472,248.60267639160156,23837500,0.0,0.0
2021-04-14 00:00:00-04:00,247.63135037006475,248.9296891266608,245.4000837782856,245.81362915039062,23070900,0.0,0.0
2021-04-15 00:00:00-04:00,248.0640816410756,249.98758095240146,247.87174932010515,249.57403564453125,25627500,0.0,0.0
2021-04-16 00:00:00-04:00,249.54520522242984,251.0166811447849,247.74673791180396,250.76661682128906,24878600,0.0,0.0
2021-04-19 00:00:00-04:00,250.23765794238443,251.47832327916888,247.95831583894045,248.84310913085938,23209300,0.0,0.0
2021-04-20 00:00:00-04:00,247.9583432382006,250.24731248370563,247.01581785761766,248.3815155029297,19722900,0.0,0.0
2021-04-21 00:00:00-04:00,249.035523125519,250.70895857066205,247.41016343558758,250.61277770996094,24030400,0.0,0.0
2021-04-22 00:00:00-04:00,250.25688896426033,251.7668430840579,245.86170033030186,247.33319091796875,25606200,0.0,0.0
2021-04-23 00:00:00-04:00,248.01603848589244,251.5071948907045,247.4293558567117,251.16094970703125,21462600,0.0,0.0
2021-04-26 00:00:00-04:00,251.6514315090625,252.40159510547846,250.2184338396931,251.54562377929688,19763300,0.0,0.0
2021-04-27 00:00:00-04:00,251.57447323158507,253.1229055083856,250.17032688978372,251.94956970214844,31014200,0.0,0.0
2021-04-28 00:00:00-04:00,246.28487770524828,246.72730374874308,243.2746107879085,244.82302856445312,46903100,0.0,0.0
2021-04-29 00:00:00-04:00,245.68861412319575,246.30413341760544,239.47570386310056,242.8514404296875,40589000,0.0,0.0
2021-04-30 00:00:00-04:00,240.18737020905894,243.3996106161242,240.0527258409525,242.53402709960938,30945100,0.0,0.0
2021-05-03 00:00:00-04:00,243.70737597050828,244.62104995508665,241.51458775779273,242.22628784179688,19626600,0.0,0.0
2021-05-04 00:00:00-04:00,241.37033780215654,241.6011630269946,236.35961510876282,238.3119659423828,32756100,0.0,0.0
2021-05-05 00:00:00-04:00,239.53340899269972,239.95658126359143,236.41734895274763,237.04248046875,21901300,0.0,0.0
2021-05-06 00:00:00-04:00,237.0232117765403,240.30278179143735,235.3305375794011,240.17774963378906,26491100,0.0,0.0
2021-05-07 00:00:00-04:00,242.5051899813875,244.57296071817902,241.56267934946032,242.8033447265625,27032900,0.0,0.0
2021-05-10 00:00:00-04:00,241.27418591709014,242.10129139478525,237.66762389373437,237.72532653808594,29299900,0.0,0.0
2021-05-11 00:00:00-04:00,235.1958977580137,237.16748762572186,233.29163741499903,236.81163024902344,33641600,0.0,0.0
2021-05-12 00:00:00-04:00,232.90694515001726,235.0324186454118,228.96377981158372,229.8582000732422,36684400,0.0,0.0
2021-05-13 00:00:00-04:00,232.5511064111282,236.20575861501086,232.1856367881987,233.7340545654297,29624300,0.0,0.0
2021-05-14 00:00:00-04:00,236.18651381020268,239.64880422890522,236.09995985164096,238.658203125,23901100,0.0,0.0
2021-05-17 00:00:00-04:00,237.11939542012004,237.15785895170106,234.2052949545859,235.80178833007812,24970200,0.0,0.0
2021-05-18 00:00:00-04:00,236.85010365399245,236.9847480255134,233.60899717322914,233.78211975097656,20168000,0.0,0.0
2021-05-19 00:00:00-04:00,230.6877638651082,234.46652622846455,230.0033530891012,234.36048889160156,25739800,0.56,0.0
2021-05-20 00:00:00-04:00,235.17029179981682,239.01652537037464,235.0738888489302,237.5994873046875,21800700,0.0,0.0
2021-05-21 00:00:00-04:00,238.6501927760456,239.38280508852012,235.92215439273173,236.33665466308594,21863100,0.0,0.0
2021-05-24 00:00:00-04:00,238.86221483547754,242.1108050297344,238.5923043048418,241.74449157714844,21411500,0.0,0.0
2021-05-25 00:00:00-04:00,242.6988667519636,243.64355376177159,241.78309768160725,242.65066528320312,17704300,0.0,0.0
2021-05-26 00:00:00-04:00,242.37111974560884,243.8267247584653,241.71562680105612,242.42897033691406,17771600,0.0,0.0
2021-05-27 00:00:00-04:00,242.12045448501686,242.41928296900434,240.26963299891423,240.3274688720703,24426200,0.0,0.0
2021-05-28 00:00:00-04:00,241.95659116393372,242.9976810503592,240.5684713153664,240.68414306640625,18270200,0.0,0.0
2021-06-01 00:00:00-04:00,242.17830641523153,242.23614229222227,238.06216293981552,238.48629760742188,23213300,0.0,0.0
2021-06-02 00:00:00-04:00,239.1900357378223,240.28896166127075,236.98253477090591,238.3899383544922,19406700,0.0,0.0
2021-06-03 00:00:00-04:00,236.38484216295458,237.4644843931223,234.24482652171346,236.85719299316406,25307700,0.0,0.0
2021-06-04 00:00:00-04:00,238.8333360851662,242.58318090352876,238.59234344977264,241.75416564941406,25281100,0.0,0.0
2021-06-07 00:00:00-04:00,240.97336560600587,244.9352853461703,240.80949236967595,244.66537475585938,23079200,0.0,0.0
2021-06-08 00:00:00-04:00,245.96675800268207,246.78613895017997,243.41222691926356,243.47007751464844,22455000,0.0,0.0
2021-06-09 00:00:00-04:00,244.6653522763675,246.3233827268109,244.0869787969945,244.45327758789062,17937600,0.0,0.0
2021-06-10 00:00:00-04:00,245.12804601734126,248.1838306630145,244.53038902874928,247.9717559814453,24563600,0.0,0.0
2021-06-11 00:00:00-04:00,248.69476219608634,249.17674748933388,247.36447807983552,248.598388671875,18999700,0.0,0.0
2021-06-14 00:00:00-04:00,248.60801514626368,250.58417255324338,247.54764158862196,250.52633666992188,19150500,0.0,0.0
2021-06-15 00:00:00-04:00,250.41060880971204,250.62268349864868,248.39591397383663,249.05140686035156,18038900,0.0,0.0
2021-06-16 00:00:00-04:00,250.05394507436637,251.19142321885585,245.25337604034561,248.1067352294922,27220000,0.0,0.0
2021-06-17 00:00:00-04:00,246.84389874585116,252.31924336581875,246.78606287731947,251.49986267089844,27565500,0.0,0.0
2021-06-18 00:00:00-04:00,250.27566108833486,252.84944580260748,249.42736235681394,250.08285522460938,37202200,0.0,0.0
2021-06-21 00:00:00-04:00,250.45886261108456,254.0255363833083,248.62732425042375,253.16761779785156,26696100,0.0,0.0
2021-06-22 00:00:00-04:00,253.25434630223117,256.2137429771152,252.94586866318434,255.94383239746094,24694100,0.0,0.0
2021-06-23 00:00:00-04:00,256.4064468673534,257.2161783771382,254.90265557517614,255.71238708496094,19518700,0.0,0.0
2021-06-24 00:00:00-04:00,256.570395632236,258.1995081549481,255.9052536238839,257.081298828125,21446900,0.0,0.0
2021-06-25 00:00:00-04:00,256.63787628931044,257.62111560683655,255.22083848043877,255.47145080566406,25611100,0.0,0.0
2021-06-28 00:00:00-04:00,256.59933308019987,259.21168513568006,256.3294224923796,259.0381774902344,19590000,0.0,0.0
2021-06-29 00:00:00-04:00,259.1827681299934,261.8626051966104,258.3248496012734,261.6216125488281,19937800,0.0,0.0
2021-06-30 00:00:00-04:00,260.937192340073,261.58303613893975,259.88646796346177,261.1396179199219,21656500,0.0,0.0
2021-07-01 00:00:00-04:00,259.8960708022507,262.0457355946611,259.8864511015799,261.81439208984375,16725300,0.0,0.0
2021-07-02 00:00:00-04:00,262.99048840932676,267.98384947958544,262.6820107308886,267.6464538574219,26458000,0.0,0.0
2021-07-06 00:00:00-04:00,268.0127312917453,269.304448300758,264.417110543685,267.65606689453125,31565600,0.0,0.0
2021-07-07 00:00:00-04:00,269.33336558443307,270.5768958300537,267.16443184855945,269.8442687988281,23260000,0.0,0.0
2021-07-08 00:00:00-04:00,266.92342963956736,268.687512155592,264.96657067142803,267.4247131347656,24618600,0.0,0.0
2021-07-09 00:00:00-04:00,265.78600920655407,268.0320480496035,265.40042680055205,267.926025390625,23916700,0.0,0.0
2021-07-12 00:00:00-04:00,269.1020410285344,269.69004898436486,266.61498036204364,267.3283386230469,18931700,0.0,0.0
2021-07-13 00:00:00-04:00,267.5211464403446,272.65912690614584,267.39585495658895,270.85650634765625,26120100,0.0,0.0
2021-07-14 00:00:00-04:00,272.1770600273276,273.43985895218515,270.4418955818897,272.331298828125,23113700,0.0,0.0
2021-07-15 00:00:00-04:00,271.83968514433656,272.33131952060614,269.7478561835057,270.9046325683594,22604200,0.0,0.0
2021-07-16 00:00:00-04:00,271.9071833087747,273.86404237165414,269.3912048461886,270.6347351074219,26186800,0.0,0.0
2021-07-19 00:00:00-04:00,268.88031761183106,270.2684376561935,264.56174806763556,267.0295104980469,32935600,0.0,0.0
2021-07-20 00:00:00-04:00,268.0127562566112,270.8468322958229,266.30653881179984,269.25628662109375,26259700,0.0,0.0
2021-07-21 00:00:00-04:00,268.8513350191112,271.3769327258679,267.29935681688346,271.2612609863281,24364300,0.0,0.0
2021-07-22 00:00:00-04:00,273.61341633682554,276.1004770022266,273.20856515188495,275.83056640625,23384100,0.0,0.0
2021-07-23 00:00:00-04:00,277.01624823364324,279.54184669585493,276.17759845308217,279.2333984375,22768100,0.0,0.0
2021-07-26 00:00:00-04:00,278.5875554157222,279.25269760735625,276.31259849562286,278.6357421875,23176100,0.0,0.0
2021-07-27 00:00:00-04:00,279.0019233878392,279.1465130526099,272.755414525428,276.216064453125,33604100,0.0,0.0
2021-07-28 00:00:00-04:00,278.57784165912227,279.69605103462703,273.60375005831014,275.90765380859375,33566900,0.0,0.0
2021-07-29 00:00:00-04:00,275.92687903313424,278.22113330159044,275.7726402383259,276.1775207519531,18168300,0.0,0.0
2021-07-30 00:00:00-04:00,274.8955392583509,276.3318461969554,273.6809267546416,274.6448974609375,20944800,0.0,0.0
2021-08-02 00:00:00-04:00,276.0425682865481,276.43779970743464,273.5169703746794,274.5580749511719,16267400,0.0,0.0
2021-08-03 00:00:00-04:00,275.13644497004975,276.88122904351155,273.7675940558321,276.7751770019531,17879000,0.0,0.0
2021-08-04 00:00:00-04:00,275.90763514474173,277.2282700106873,274.3941944133545,276.18719482421875,16191300,0.0,0.0
2021-08-05 00:00:00-04:00,276.5439386222891,279.1948582342082,275.79204259999415,279.08880615234375,13900200,0.0,0.0
2021-08-06 00:00:00-04:00,278.11515991153345,279.06948136668063,277.2572119794153,279.0309143066406,16589300,0.0,0.0
2021-08-09 00:00:00-04:00,279.31040968260254,281.0455445501704,277.44030484500314,277.9415588378906,16117600,0.0,0.0
2021-08-10 00:00:00-04:00,278.3946460159266,278.8284444729027,274.9243760322883,276.11968994140625,18616600,0.0,0.0
2021-08-11 00:00:00-04:00,276.86187934340734,278.259647933127,275.56051365953675,276.61126708984375,13955900,0.0,0.0
2021-08-12 00:00:00-04:00,276.3028066609547,279.52246387295446,276.02324704209923,279.36822509765625,14561300,0.0,0.0
2021-08-13 00:00:00-04:00,279.05022137488925,282.34698437046103,278.87668430824215,282.2987976074219,18249000,0.0,0.0
2021-08-16 00:00:00-04:00,282.6265765689088,284.19785354282936,279.5707764553388,283.98577880859375,22507600,0.0,0.0
2021-08-17 00:00:00-04:00,281.8553951223565,282.85790342677996,280.5925664943859,282.5205078125,20075300,0.0,0.0
2021-08-18 00:00:00-04:00,282.0569342270461,284.7419017311571,280.3474209141482,280.7917175292969,21813000,0.56,0.0
2021-08-19 00:00:00-04:00,278.82140335515624,287.3012660466153,278.7731243483728,286.62518310546875,29850500,0.0,0.0
2021-08-20 00:00:00-04:00,289.47431840377976,295.38510649922546,287.87106060757066,293.9556884765625,40817600,0.0,0.0
2021-08-23 00:00:00-04:00,292.8836729551344,294.9601712543379,291.5315365840969,294.2358093261719,22830200,0.0,0.0
2021-08-24 00:00:00-04:00,294.59322134017,295.2016902096625,291.67646727816117,292.2752685546875,18175800,0.0,0.0
2021-08-25 00:00:00-04:00,293.89779358408,294.177888473637,290.1504523062321,291.68609619140625,20006100,0.0,0.0
2021-08-26 00:00:00-04:00,290.70088885576575,292.091665968803,288.730645840929,288.8658447265625,17666100,0.0,0.0
2021-08-27 00:00:00-04:00,288.7693089617846,290.5850477108611,286.6831429186562,289.474365234375,22605700,0.0,0.0
2021-08-30 00:00:00-04:00,290.82646975740784,293.8205048461803,290.76852316321674,293.2120361328125,16348100,0.0,0.0
2021-08-31 00:00:00-04:00,294.01375861015157,294.09101093165754,291.1935625480944,291.5605773925781,26285300,0.0,0.0
2021-09-01 00:00:00-04:00,292.5166638438568,294.7573638587632,291.18383315439763,291.51220703125,18983800,0.0,0.0
2021-09-02 00:00:00-04:00,291.86962381064285,292.9899444977672,289.9186565146118,290.8554992675781,16285600,0.0,0.0
2021-09-03 00:00:00-04:00,290.70099023013097,292.2559695405092,289.9959633122955,290.84588623046875,14747900,0.0,0.0
2021-09-07 00:00:00-04:00,290.72028392327735,290.7975362346447,288.0063433181321,289.91864013671875,17180400,0.0,0.0
2021-09-08 00:00:00-04:00,289.5323380029598,290.33395236601825,287.3013052567986,289.9476318359375,15046800,0.0,0.0
2021-09-09 00:00:00-04:00,290.5367763480211,291.8116605425452,286.8473521522156,287.08880615234375,19927000,0.0,0.0
2021-09-10 00:00:00-04:00,288.21888459953203,289.66760890569856,285.28279508621057,285.60150146484375,19633400,0.0,0.0
2021-09-13 00:00:00-04:00,287.3785010149175,288.3346787710662,284.02711875904106,286.837646484375,23652900,0.0,0.0
2021-09-14 00:00:00-04:00,289.31981339850245,291.08727303017804,287.9097304141614,289.5419616699219,21853400,0.0,0.0
2021-09-15 00:00:00-04:00,292.89338425416526,294.88296295581523,291.5026067865931,294.4000549316406,28356300,0.0,0.0
2021-09-16 00:00:00-04:00,293.37629376819706,294.87329686099383,290.4788456084354,294.786376953125,19550800,0.0,0.0
2021-09-17 00:00:00-04:00,293.7721966512217,294.0909028876039,289.290797316671,289.6191711425781,41372500,0.0,0.0
2021-09-20 00:00:00-04:00,286.20022923488347,288.5085435171126,279.623024933343,284.2396240234375,38278700,0.0,0.0
2021-09-21 00:00:00-04:00,285.58212453468485,287.3688899615911,284.0175073900998,284.7225341796875,22364100,0.0,0.0
2021-09-22 00:00:00-04:00,286.5866462116794,289.9573352540733,284.4425331092927,288.3733825683594,26626300,0.0,0.0
2021-09-23 00:00:00-04:00,288.6340727004144,290.61398340339673,287.35918870442185,289.3197937011719,18604600,0.0,0.0
2021-09-24 00:00:00-04:00,288.0352344625771,289.5515427512901,286.7796563346563,289.116943359375,14999000,0.0,0.0
2021-09-27 00:00:00-04:00,286.0167639204759,286.3354702312346,282.92614093577845,284.1141052246094,23571700,0.0,0.0
2021-09-28 00:00:00-04:00,279.89341673736834,280.8399268648963,273.0844269014528,273.8280944824219,43186200,0.0,0.0
2021-09-29 00:00:00-04:00,275.3541821932033,276.96707861080546,273.33563003576245,274.2917785644531,26353700,0.0,0.0
2021-09-30 00:00:00-04:00,275.9432270985098,277.990751901862,271.99304396857866,272.2828063964844,32343600,0.0,0.0
2021-10-01 00:00:00-04:00,272.4760308196086,280.0673606199404,271.67441643296945,279.2174377441406,30086300,0.0,0.0
2021-10-04 00:00:00-04:00,277.57548742469766,277.91352888902685,270.6699095435266,273.43212890625,31350700,0.0,0.0
2021-10-05 00:00:00-04:00,274.33999347653463,280.47293031117425,274.33999347653463,278.8890075683594,24993000,0.0,0.0
2021-10-06 00:00:00-04:00,276.01088350495075,283.5925446758009,275.7501238068665,283.0903015136719,28002600,0.0,0.0
2021-10-07 00:00:00-04:00,285.0895192542269,286.4996316351916,283.8726113098916,284.77081298828125,20430500,0.0,0.0
2021-10-08 00:00:00-04:00,286.0939760041724,286.4996316351916,283.71807723494913,284.77081298828125,17685700,0.0,0.0
2021-10-11 00:00:00-04:00,282.90681109582425,287.7841696820927,282.7426094213775,284.1720275878906,19298600,0.0,0.0
2021-10-12 00:00:00-04:00,285.24406291153826,285.3406503959171,282.3562828170901,282.8681640625,17974100,0.0,0.0
2021-10-13 00:00:00-04:00,284.82874145878634,287.11772019165227,283.4572700524126,286.1808776855469,23416300,0.0,0.0
2021-10-14 00:00:00-04:00,288.98179053840965,292.90300105132843,287.6489597728075,292.4007873535156,27262900,0.0,0.0
2021-10-15 00:00:00-04:00,292.0047810007027,294.0426679135802,290.2469889567608,293.81085205078125,25384800,0.0,0.0
2021-10-18 00:00:00-04:00,293.192747080356,297.6741176404027,292.3428243514602,296.78558349609375,22729300,0.0,0.0
2021-10-19 00:00:00-04:00,297.80937465142074,298.7268821826882,296.7179978366252,297.6934814453125,17682100,0.0,0.0
2021-10-20 00:00:00-04:00,298.6399155083311,299.11318532497563,295.64588043051015,296.9014587402344,16537100,0.0,0.0
2021-10-21 00:00:00-04:00,296.66968729600904,300.38805498571867,295.8873492891924,300.136962890625,16918100,0.0,0.0
2021-10-22 00:00:00-04:00,299.78924655970684,300.45566188219726,297.2781193491711,298.5916442871094,17449300,0.0,0.0
2021-10-25 00:00:00-04:00,298.7848281449745,298.82346903838294,295.98396759735755,297.5968933105469,17554500,0.0,0.0
2021-10-26 00:00:00-04:00,300.3688067843873,301.7209434280929,298.05085404169654,299.50921630859375,28107300,0.0,0.0
2021-10-27 00:00:00-04:00,305.1978286314873,314.95257525160673,305.1978286314873,312.12274169921875,52588700,0.0,0.0
2021-10-28 00:00:00-04:00,313.2430854710019,313.7646343557651,310.3746108163514,313.2624206542969,26297900,0.0,0.0
2021-10-29 00:00:00-04:00,313.0499822726596,320.6509503867106,312.8278339552936,320.283935546875,34766000,0.0,0.0
2021-11-01 00:00:00-04:00,320.0327737230289,320.1583345181861,315.21336134327663,318.1108093261719,27073200,0.0,0.0
2021-11-02 00:00:00-04:00,319.01864068212325,322.05131669032914,318.71924011753754,321.74224853515625,26487100,0.0,0.0
2021-11-03 00:00:00-04:00,322.4859320437034,323.45174797044365,319.3470302817975,322.58251953125,21500100,0.0,0.0
2021-11-04 00:00:00-04:00,321.5104524364955,325.0356743939293,318.2459901477775,324.9390869140625,23992200,0.0,0.0
2021-11-05 00:00:00-04:00,326.9383432170597,327.20877048468907,322.98815980180524,324.57208251953125,22570100,0.0,0.0
2021-11-08 00:00:00-05:00,325.7697069819661,326.10774845813177,323.0074875225243,325.4703063964844,20897000,0.0,0.0
2021-11-09 00:00:00-05:00,325.5862019162056,327.141180927912,323.09440972505246,324.46588134765625,21307400,0.0,0.0
2021-11-10 00:00:00-05:00,323.1331196630514,323.1910662746907,318.6420804147871,319.4919738769531,25500900,0.0,0.0
2021-11-11 00:00:00-05:00,319.92656727683465,322.36041311749693,319.2118728300362,321.06622314453125,16849800,0.0,0.0
2021-11-12 00:00:00-05:00,322.5052609389951,325.7021092362378,322.3797001550684,325.20953369140625,23831000,0.0,0.0
2021-11-15 00:00:00-05:00,326.0015377948578,326.3299116948135,322.61151423527605,324.581787109375,16723000,0.0,0.0
2021-11-16 00:00:00-05:00,324.2050832986667,329.0245248169212,324.0409110967214,327.9041748046875,20886800,0.0,0.0
2021-11-17 00:00:00-05:00,327.95252064743255,331.09716478629724,327.04299044192896,328.1266784667969,19053400,0.62,0.0
2021-11-18 00:00:00-05:00,327.2171126768482,331.3487097327063,326.1914773699716,330.2069396972656,22463500,0.0,0.0
2021-11-19 00:00:00-05:00,331.5326300916386,333.91287583713864,331.1068912391703,331.98736572265625,21963400,0.0,0.0
2021-11-22 00:00:00-05:00,333.44838968512596,338.33470068678344,328.5427376570779,328.81365966796875,31031100,0.0,0.0
2021-11-23 00:00:00-05:00,326.12375554257767,328.4459777756451,322.7469011789442,326.73333740234375,30427600,0.0,0.0
2021-11-24 00:00:00-05:00,325.3787981778286,327.1978588759329,323.0856312760888,326.9559631347656,21661300,0.0,0.0
2021-11-26 00:00:00-05:00,323.5113621421092,326.97529607751204,317.4833097911147,318.99273681640625,24217200,0.0,0.0
2021-11-29 00:00:00-05:00,324.0822506382553,328.0396615435642,323.88872222798085,325.71746826171875,28563500,0.0,0.0
2021-11-30 00:00:00-05:00,324.44984585660205,326.8300910879489,318.32503068241033,319.8731689453125,42885600,0.0,0.0
2021-12-01 00:00:00-05:00,324.2659793052893,328.281441410585,318.7120643247335,319.3796691894531,33337600,0.0,0.0
2021-12-02 00:00:00-05:00,319.59263875837576,322.6792307522383,317.17368136684007,318.80889892578125,30766000,0.0,0.0
2021-12-03 00:00:00-05:00,321.2279094725053,321.91491474575133,307.7204574309454,312.5390319824219,41779300,0.0,0.0
2021-12-06 00:00:00-05:00,313.44855956699024,316.8351004441159,308.8815661172776,315.6159362792969,30032600,0.0,0.0
2021-12-07 00:00:00-05:00,320.88922581286494,324.914344926329,319.39913979218665,324.0628967285156,31021900,0.0,0.0
2021-12-08 00:00:00-05:00,324.4402417546736,324.6240848803563,320.07643313181967,324.11126708984375,24761000,0.0,0.0
2021-12-09 00:00:00-05:00,323.5694111588265,325.5819706607434,321.35363798124615,322.3018798828125,22214200,0.0,0.0
2021-12-10 00:00:00-05:00,324.12095759451194,331.88096247168323,323.9371144658651,331.4358825683594,38095700,0.0,0.0
2021-12-13 00:00:00-05:00,329.63608776012035,332.6452854999801,328.0879494376649,328.3975830078125,28899400,0.0,0.0
2021-12-14 00:00:00-05:00,322.4179762857992,323.79195700121716,313.6032806801942,317.6961669921875,44438700,0.0,0.0
2021-12-15 00:00:00-05:00,317.957396355384,324.32410824827537,313.9806448880069,323.8016052246094,35381100,0.0,0.0
2021-12-16 00:00:00-05:00,324.82721295108735,325.8431926062779,312.5485848783329,314.3676452636719,35034800,0.0,0.0
2021-12-17 00:00:00-05:00,310.4780190725008,314.38706242508175,306.9656882694308,313.3033447265625,47750300,0.0,0.0
2021-12-20 00:00:00-05:00,309.6748749533144,312.33572775319794,307.2752884173399,309.5394287109375,28326500,0.0,0.0
2021-12-21 00:00:00-05:00,312.8098446680069,317.1059145659694,309.4329606924699,316.68017578125,24740600,0.0,0.0
2021-12-22 00:00:00-05:00,317.6575011087376,322.7953647032379,315.1901761611563,322.398681640625,24831500,0.0,0.0
2021-12-23 00:00:00-05:00,321.9632187915845,325.48523481760844,321.9438777632381,323.84033203125,19617800,0.0,0.0
2021-12-27 00:00:00-05:00,324.5853606565686,331.37781170708996,324.55633434986925,331.3487854003906,19947000,0.0,0.0
2021-12-28 00:00:00-05:00,332.0261155001983,332.6647238523587,329.2878684793036,330.1877136230469,15661500,0.0,0.0
2021-12-29 00:00:00-05:00,330.2360377157809,333.13878646638534,328.6685581149805,330.864990234375,15042000,0.0,0.0
2021-12-30 00:00:00-05:00,330.82625699451927,332.0067092569597,327.8364295204996,328.3202209472656,15994500,0.0,0.0
2021-12-31 00:00:00-05:00,327.53645861657736,328.3588803627505,324.96268486023365,325.4174499511719,18000800,0.0,0.0
2022-01-03 00:00:00-05:00,324.4789321117376,327.0430208965413,319.08948826047026,323.89837646484375,28865100,0.0,0.0
2022-01-04 00:00:00-05:00,323.97573075117845,324.3337611852118,315.5480929658559,318.34442138671875,32674300,0.0,0.0
2022-01-05 00:00:00-05:00,315.2965060586195,315.4997196999097,305.73681313116083,306.12384033203125,40054300,0.0,0.0
2022-01-06 00:00:00-05:00,302.9986098361541,308.3687131905766,301.39241851651343,303.7049560546875,39646100,0.0,0.0
2022-01-07 00:00:00-05:00,303.9661306277529,306.2399561127619,300.0377468231346,303.8597106933594,32720000,0.0,0.0
2022-01-10 00:00:00-05:00,299.4572301875026,304.51769951844926,294.81284395605223,304.082275390625,44289500,0.0,0.0
2022-01-11 00:00:00-05:00,303.2211788519228,306.34645318386146,299.84432347965804,304.7693176269531,29386800,0.0,0.0
2022-01-12 00:00:00-05:00,309.3072459156857,312.9259965978094,306.8011801608075,307.9526062011719,34372200,0.0,0.0
2022-01-13 00:00:00-05:00,310.08125514826645,310.4779676320496,294.1451655568667,294.9192199707031,45366000,0.0,0.0
2022-01-14 00:00:00-05:00,294.3870661009536,300.74409216648695,293.9032747022667,300.1441955566406,39846400,0.0,0.0
2022-01-18 00:00:00-05:00,294.2129087897325,299.75713933010854,291.95842433213926,292.83892822265625,42333200,0.0,0.0
2022-01-19 00:00:00-05:00,296.36098446324274,303.73396167938847,292.8873652813076,293.4969177246094,45933900,0.0,0.0
2022-01-20 00:00:00-05:00,299.050905777843,301.54725709970177,291.37797913887493,291.82305908203125,35380700,0.0,0.0
2022-01-21 00:00:00-05:00,292.87766885666707,294.25162003175876,286.02716542406625,286.4335632324219,57984400,0.0,0.0
2022-01-24 00:00:00-05:00,282.7277385199471,287.4785446299873,267.1012508783427,286.7625427246094,85731500,0.0,0.0
2022-01-25 00:00:00-05:00,282.06977569492784,285.4272897689935,275.92564748178614,279.13800048828125,72848600,0.0,0.0
2022-01-26 00:00:00-05:00,298.00582478261947,298.49930147235415,283.5307939904859,287.09149169921875,90428900,0.0,0.0
2022-01-27 00:00:00-05:00,292.84867784956623,297.33824766891416,288.27199957427445,290.1200866699219,53481300,0.0,0.0
2022-01-28 00:00:00-05:00,290.49746041765246,298.4800203242128,284.90483174909696,298.26715087890625,49743700,0.0,0.0
2022-01-31 00:00:00-05:00,298.93473377389125,302.2535358676551,296.4383534812512,300.89892578125,46444500,0.0,0.0
2022-02-01 00:00:00-05:00,300.34739077879186,300.5602601832143,295.23855460093705,298.7508850097656,40950400,0.0,0.0
2022-02-02 00:00:00-05:00,299.5926934910757,304.9047140821634,298.8670063271222,303.29852294921875,36636000,0.0,0.0
2022-02-03 00:00:00-05:00,299.45728072069,301.1408953745366,290.2362150650332,291.4844055175781,43730000,0.0,0.0
2022-02-04 00:00:00-05:00,290.478047823017,298.78958120984197,290.24583738111943,296.0223083496094,35096500,0.0,0.0
2022-02-07 00:00:00-05:00,296.24481373026026,297.86066033330695,290.1780511909606,291.19403076171875,28533300,0.0,0.0
2022-02-08 00:00:00-05:00,291.48440560863713,295.6546863606417,290.2265594040496,294.6871032714844,32421200,0.0,0.0
2022-02-09 00:00:00-05:00,299.8248416721582,301.81805963963785,297.42525551309234,301.12139892578125,31284700,0.0,0.0
2022-02-10 00:00:00-05:00,294.18391946316234,299.0992277076315,290.95219605157683,292.5777282714844,45386200,0.0,0.0
2022-02-11 00:00:00-05:00,293.3614411464584,294.42578816713433,284.68222196376286,285.47564697265625,39175600,0.0,0.0
2022-02-14 00:00:00-05:00,284.24681310649265,287.13990600791016,281.9052790638438,285.43695068359375,36359500,0.0,0.0
2022-02-15 00:00:00-05:00,290.2845344237078,291.04890359942823,287.3914416813156,290.7296142578125,27058300,0.0,0.0
2022-02-16 00:00:00-05:00,289.29465510017036,291.7186141094078,284.74730563169356,290.3902893066406,29982100,0.62,0.0
2022-02-17 00:00:00-05:00,287.3458164377349,287.7724356407643,281.17927819469634,281.8870849609375,32461600,0.0,0.0
2022-02-18 00:00:00-05:00,284.13650526196955,284.9218657300005,277.60152027487555,279.1722412109375,34264000,0.0,0.0
2022-02-22 00:00:00-05:00,276.331359038796,282.6724448259665,275.8465671808332,278.9686279296875,41736100,0.0,0.0
2022-02-23 00:00:00-05:00,281.35375501257334,282.8275409854315,271.5803655847503,271.74517822265625,37811200,0.0,0.0
2022-02-24 00:00:00-05:00,264.2212733214886,286.1823390203235,263.26136530225386,285.6296691894531,56989700,0.0,0.0
2022-02-25 00:00:00-05:00,286.16292683070213,288.57718060139933,282.7790598404249,288.26690673828125,32546700,0.0,0.0
2022-02-28 00:00:00-05:00,285.35815893426843,290.04126448899723,284.0880067320678,289.701904296875,34627500,0.0,0.0
2022-03-01 00:00:00-05:00,287.384546549291,290.8459667826752,283.2638166303118,285.9786682128906,31217800,0.0,0.0
2022-03-02 00:00:00-05:00,286.37613036538824,292.3003001509226,284.7666480075276,291.0592346191406,31873000,0.0,0.0
2022-03-03 00:00:00-05:00,293.67721950670733,293.90991012485733,285.1060736064637,286.9192199707031,27314500,0.0,0.0
2022-03-04 00:00:00-05:00,285.33882734438663,286.6671524279959,278.43539536081005,281.0435485839844,32356500,0.0,0.0
2022-03-07 00:00:00-05:00,279.75393295465517,280.8786533930493,270.0580977160932,270.4265441894531,43157200,0.0,0.0
2022-03-08 00:00:00-05:00,269.35029539224405,275.3229335452845,261.7875556211475,267.4596252441406,48159500,0.0,0.0
2022-03-09 00:00:00-05:00,274.8187631313371,280.79140133597923,272.2396673436956,279.724853515625,35204500,0.0,0.0
2022-03-10 00:00:00-05:00,274.41154435304935,277.88267026842374,272.04575796281966,276.90338134765625,30628000,0.0,0.0
2022-03-11 00:00:00-05:00,279.2012682861542,280.70414052887327,270.9307218618932,271.55126953125,27209300,0.0,0.0
2022-03-14 00:00:00-04:00,271.81307809759875,276.7191690212427,267.43057063229696,268.0317077636719,30660700,0.0,0.0
2022-03-15 00:00:00-04:00,271.82276744576046,279.065558101827,270.2520467522859,278.4159240722656,34245100,0.0,0.0
2022-03-16 00:00:00-04:00,280.3163001707601,285.61024792688795,274.58608713792756,285.43572998046875,37826300,0.0,0.0
2022-03-17 00:00:00-04:00,284.3692195417673,286.61863130022596,280.5684383130834,286.2405090332031,30816600,0.0,0.0
2022-03-18 00:00:00-04:00,286.3859615737607,291.8447230887532,283.8262757344605,291.29205322265625,43390600,0.0,0.0
2022-03-21 00:00:00-04:00,289.79886150329435,291.0108410246082,285.93020275050657,290.0606384277344,28351200,0.0,0.0
2022-03-22 00:00:00-04:00,290.68114890416,295.7229954158394,289.68247898846056,294.81158447265625,27599700,0.0,0.0
2022-03-23 00:00:00-04:00,291.36960955369653,294.0068784229763,288.66446272341494,290.380615234375,25715400,0.0,0.0
2022-03-24 00:00:00-04:00,290.04124604725905,294.9473365902291,289.2461804109756,294.8503723144531,24484500,0.0,0.0
2022-03-25 00:00:00-04:00,295.9459874387846,296.20776433611707,290.18665898274526,294.443115234375,22566500,0.0,0.0
2022-03-28 00:00:00-04:00,295.073391346538,301.34659900415994,295.073391346538,301.2496643066406,29578200,0.0,0.0
2022-03-29 00:00:00-04:00,304.36206103495937,306.21396968521594,299.64986827481255,305.8164367675781,30393400,0.0,0.0
2022-03-30 00:00:00-04:00,304.21657238754335,306.3399629265181,302.10285756421536,304.3135070800781,28163600,0.0,0.0
2022-03-31 00:00:00-04:00,304.3523117591246,305.5546156451536,298.52513395302805,298.9323425292969,33422100,0.0,0.0
2022-04-01 00:00:00-04:00,299.9601090176987,300.69700210930256,296.24661641051176,300.00860595703125,27110500,0.0,0.0
2022-04-04 00:00:00-04:00,300.65813736226033,305.525435773219,300.2896909060564,305.38970947265625,24289600,0.0,0.0
2022-04-05 00:00:00-04:00,303.741391804676,305.29273121739135,300.4448140459923,301.4241027832031,23156700,0.0,0.0
2022-04-06 00:00:00-04:00,295.90722237881243,297.66216633435283,287.68514276731554,290.3902893066406,40110400,0.0,0.0
2022-04-07 00:00:00-04:00,287.63669930817355,294.414079792204,287.3361307332164,292.20343017578125,31411200,0.0,0.0
2022-04-08 00:00:00-04:00,291.3017431608268,291.96105300699253,287.2682712247313,287.9372863769531,24361900,0.0,0.0
2022-04-11 00:00:00-04:00,282.9148461789771,283.7098823533749,276.33136433660695,276.5834655761719,34569300,0.0,0.0
2022-04-12 00:00:00-04:00,280.44231514730166,281.8966903613932,271.95845973176773,273.480712890625,30966700,0.0,0.0
2022-04-13 00:00:00-04:00,274.13042443050927,279.8024656994452,272.74389717939255,278.8716735839844,21907200,0.0,0.0
2022-04-14 00:00:00-04:00,279.3273117976379,279.5406213549025,270.824075007664,271.31854248046875,28221600,0.0,0.0
2022-04-18 00:00:00-04:00,270.42653361861943,273.8685431580262,269.8738639301832,271.987548828125,20778000,0.0,0.0
2022-04-19 00:00:00-04:00,270.88221420704474,277.46569375814823,269.94171712831564,276.62213134765625,22297700,0.0,0.0
2022-04-20 00:00:00-04:00,280.59750599779863,280.88839885014346,276.6900850216622,277.64996337890625,22906700,0.0,0.0
2022-04-21 00:00:00-04:00,279.80245359132033,284.3788898792056,271.5416110467196,272.268798828125,29454600,0.0,0.0
2022-04-22 00:00:00-04:00,273.1123163539271,274.5861024440905,265.064783867457,265.69500732421875,29405800,0.0,0.0
2022-04-25 00:00:00-04:00,264.9775192651805,272.5596407849809,262.5341495736,272.1815185546875,35678900,0.0,0.0
2022-04-26 00:00:00-04:00,269.0594525267125,269.89328023075717,261.7875754313959,262.0008850097656,46518400,0.0,0.0
2022-04-27 00:00:00-04:00,273.5195398508142,282.1197416602457,270.66896169578,274.60546875,63477700,0.0,0.0
2022-04-28 00:00:00-04:00,276.5155121149017,282.12940868996714,272.8989551204445,280.8204650878906,33646600,0.0,0.0
2022-04-29 00:00:00-04:00,279.83153709016864,281.0629273247488,268.0898927013259,269.078857421875,37073900,0.0,0.0
2022-05-02 00:00:00-04:00,269.2630493387839,276.27314931657503,267.8183792644711,275.81744384765625,35151100,0.0,0.0
2022-05-03 00:00:00-04:00,275.3228826214126,275.48772481192094,271.6287723869484,273.2091979980469,25978600,0.0,0.0
2022-05-04 00:00:00-04:00,273.99458463090093,282.03243974710455,268.3128397950904,281.1598205566406,33599300,0.0,0.0
2022-05-05 00:00:00-04:00,276.8549558835807,277.6403163642119,265.99560590571105,268.9140625,43260400,0.0,0.0
2022-05-06 00:00:00-04:00,266.4512108789899,270.75616352746886,263.0188773696703,266.3736572265625,37780300,0.0,0.0
2022-05-09 00:00:00-04:00,261.84573831970226,264.0757687100623,255.31075448225116,256.53240966796875,47726000,0.0,0.0
2022-05-10 00:00:00-04:00,263.42615521933493,265.42349495118094,257.00751689764115,261.3027648925781,39336400,0.0,0.0
2022-05-11 00:00:00-04:00,257.5989686979002,263.106196550313,251.4130204767044,252.625,48975900,0.0,0.0
2022-05-12 00:00:00-04:00,249.85199770937754,251.97538813892353,242.41529334839248,247.5831756591797,51033800,0.0,0.0
2022-05-13 00:00:00-04:00,249.52232362114918,255.0392561912561,247.5831565902319,253.17764282226562,34925100,0.0,0.0
2022-05-16 00:00:00-04:00,252.0529450276407,257.73472032490156,248.00009267052445,253.54611206054688,32550900,0.0,0.0
2022-05-17 00:00:00-04:00,258.0158286207293,260.16830498775477,254.47685507030857,258.7042541503906,28828800,0.0,0.0
2022-05-18 00:00:00-04:00,255.5943947492182,256.1775057639479,245.65245723489335,246.92556762695312,31356000,0.62,0.0
2022-05-19 00:00:00-04:00,246.75064893827593,250.4145118299985,244.7875390054142,246.01205444335938,32692300,0.0,0.0
2022-05-20 00:00:00-04:00,249.99662341850876,251.2600357974427,239.50074181493954,245.4484100341797,39199300,0.0,0.0
2022-05-23 00:00:00-04:00,248.29589957204047,254.13666422198204,246.2938927434967,253.3105926513672,33175400,0.0,0.0
2022-05-24 00:00:00-04:00,250.62831809064022,253.9714268912015,246.36191797727767,252.30958557128906,29043900,0.0,0.0
2022-05-25 00:00:00-04:00,250.8712569903347,257.1298909092702,249.8896872797265,255.12789916992188,28547900,0.0,0.0
2022-05-26 00:00:00-04:00,254.88498957150392,259.588701272369,254.06864585399154,258.41278076171875,25002100,0.0,0.0
2022-05-27 00:00:00-04:00,260.92010410159867,265.643241139635,260.0259965721128,265.5460510253906,26910800,0.0,0.0
2022-05-31 00:00:00-04:00,264.85604928536924,267.03296546550257,261.35741281139883,264.2146301269531,37827700,0.0,0.0
2022-06-01 00:00:00-04:00,267.4508644163128,269.8707409098893,262.436157371953,264.7491455078125,25292200,0.0,0.0
2022-06-02 00:00:00-04:00,257.00356501404997,266.9163331602478,254.2338100694297,266.8482971191406,44008200,0.0,0.0
2022-06-03 00:00:00-04:00,262.69855996137693,265.75015751179075,260.8520664352407,262.4167175292969,28059000,0.0,0.0
2022-06-06 00:00:00-04:00,264.3992892425282,266.4595892028753,259.6955782848042,261.1824951171875,22400300,0.0,0.0
2022-06-07 00:00:00-04:00,259.1319850107672,265.43923058436,258.45168369523157,264.82696533203125,22860700,0.0,0.0
2022-06-08 00:00:00-04:00,264.0590976675569,265.3127817537817,262.01822418395375,262.79571533203125,17372300,0.0,0.0
2022-06-09 00:00:00-04:00,260.23981256874225,265.03098582947564,257.1785166356976,257.3340148925781,26439700,0.0,0.0
2022-06-10 00:00:00-04:00,253.24254885268172,253.24254885268172,245.41923343333343,245.8662872314453,31422800,0.0,0.0
2022-06-13 00:00:00-04:00,238.20817089954593,242.00807632258994,234.728975085956,235.43841552734375,46135800,0.0,0.0
2022-06-14 00:00:00-04:00,236.99334100220605,238.82040832428856,234.7095068496029,237.60560607910156,28651500,0.0,0.0
2022-06-15 00:00:00-04:00,241.31804702603347,248.11122688546928,239.4812665255515,244.6708984375,33111700,0.0,0.0
2022-06-16 00:00:00-04:00,239.05366802425112,240.453122742363,236.17702428513732,238.07211303710938,33169200,0.0,0.0
2022-06-17 00:00:00-04:00,237.80973531497352,243.4464219016771,237.1586029520577,240.67666625976562,43084800,0.0,0.0
2022-06-21 00:00:00-04:00,243.2131034295445,247.5766780894101,242.48422213978176,246.59512329101562,29928300,0.0,0.0
2022-06-22 00:00:00-04:00,244.7972301666433,249.9285685083653,243.32002647994867,246.0023193359375,25939900,0.0,0.0
2022-06-23 00:00:00-04:00,248.37364534024357,252.06663275402386,246.4882696524393,251.57098388671875,25861400,0.0,0.0
2022-06-24 00:00:00-04:00,254.43794588858944,260.4342239425106,254.35048366956067,260.162109375,33923200,0.0,0.0
2022-06-27 00:00:00-04:00,260.65770592471864,260.74516813613343,255.86653250823528,257.43121337890625,24615100,0.0,0.0
2022-06-28 00:00:00-04:00,256.54685622231653,259.39434610201437,249.1025431062474,249.25804138183594,27295500,0.0,0.0
2022-06-29 00:00:00-04:00,250.33673359363198,254.59340555712373,248.558261264079,252.9315643310547,20069800,0.0,0.0
2022-06-30 00:00:00-04:00,249.8119509376396,252.2221295498261,245.7788129454486,249.59814453125,31730900,0.0,0.0
2022-07-01 00:00:00-04:00,249.17052767325666,252.4553279696424,247.44063566578578,252.2706756591797,22837700,0.0,0.0
2022-07-05 00:00:00-04:00,248.94701449783307,255.57498310317843,247.56700083567833,255.44863891601562,22941000,0.0,0.0
2022-07-06 00:00:00-04:00,256.3232970437693,260.4438971435167,255.0113045680069,258.7140197753906,23824400,0.0,0.0
2022-07-07 00:00:00-04:00,257.65470611483187,261.4837653703721,257.5575159983353,260.84234619140625,20859900,0.0,0.0
2022-07-08 00:00:00-04:00,257.33404822115955,260.55084282770747,255.8762852396449,260.12322998046875,19658800,0.0,0.0
2022-07-11 00:00:00-04:00,258.1698045515523,259.0250302011665,254.79751184488788,257.0619201660156,19455200,0.0,0.0
2022-07-12 00:00:00-04:00,258.3933261127936,258.45163425345476,244.9430231030509,246.52713012695312,35868500,0.0,0.0
2022-07-13 00:00:00-04:00,243.14512305849968,246.41051237825036,241.12369016254638,245.6038818359375,29497400,0.0,0.0
2022-07-14 00:00:00-04:00,243.51440822943295,247.95571756773037,239.01477592635922,246.92556762695312,25102800,0.0,0.0
2022-07-15 00:00:00-04:00,248.5194452010421,253.03850471076404,247.59619823798553,249.4912872314453,29774100,0.0,0.0
2022-07-18 00:00:00-04:00,252.4359199576439,253.4952240127195,246.16754300536857,247.09078979492188,20975000,0.0,0.0
2022-07-19 00:00:00-04:00,250.32701866110767,252.40677452243568,246.53684125681795,252.2221221923828,25012600,0.0,0.0
2022-07-20 00:00:00-04:00,252.58167319380988,257.4117280363677,251.61955932033453,254.8849334716797,22788300,0.0,0.0
2022-07-21 00:00:00-04:00,252.47477933086478,257.43117824236685,249.79248658053865,257.382568359375,22404700,0.0,0.0
2022-07-22 00:00:00-04:00,257.7713253194178,257.8587875277804,251.77507765501488,253.0287322998047,21881300,0.0,0.0
2022-07-25 00:00:00-04:00,253.65078046030692,254.1367014956715,249.5787598112905,251.5418701171875,21056000,0.0,0.0
2022-07-26 00:00:00-04:00,252.5428140385053,252.56226985718692,242.5425825526762,244.8069610595703,39348000,0.0,0.0
2022-07-27 00:00:00-04:00,253.80624175463643,262.4459010817631,251.56128927114813,261.17279052734375,45994000,0.0,0.0
2022-07-28 00:00:00-04:00,262.1543304686785,270.01652721920226,260.32726310507684,268.6268005371094,33459300,0.0,0.0
2022-07-29 00:00:00-04:00,269.88049153738285,274.05939959701226,268.84061364788005,272.8348693847656,32152800,0.0,0.0
2022-08-01 00:00:00-04:00,269.9971103708195,273.3596748735574,268.0728528273835,270.1817626953125,21539600,0.0,0.0
2022-08-02 00:00:00-04:00,268.22837035337625,270.0651658211096,264.71030734261404,267.08160400390625,22754200,0.0,0.0
2022-08-03 00:00:00-04:00,268.9669954414521,275.5172008854387,268.8211954180765,274.5162048339844,23518900,0.0,0.0
2022-08-04 00:00:00-04:00,273.864989686515,275.8086731609637,272.2809125677745,275.66290283203125,18098700,0.0,0.0
2022-08-05 00:00:00-04:00,271.2896517042955,275.6629401132576,270.83288483969574,274.94378662109375,16774600,0.0,0.0
2022-08-08 00:00:00-04:00,276.05164766060443,277.8690167147474,271.4548549906023,272.42669677734375,18739200,0.0,0.0
2022-08-09 00:00:00-04:00,271.7659090647991,275.10901823396375,269.79304134775583,274.3509826660156,23405200,0.0,0.0
2022-08-10 00:00:00-04:00,280.05570822424676,281.6495136024719,278.8603319468809,281.017822265625,24687800,0.0,0.0
2022-08-11 00:00:00-04:00,282.6602822230286,283.0101311449248,278.4424910455429,278.9381103515625,20065900,0.0,0.0
2022-08-12 00:00:00-04:00,280.3569279405796,283.6903381347656,278.8602832920289,283.6903381347656,22619700,0.0,0.0
2022-08-15 00:00:00-04:00,282.806061192179,285.89651206248027,281.9411074563441,285.2065124511719,18085700,0.0,0.0
2022-08-16 00:00:00-04:00,283.76810711776506,285.7604008093183,282.24233787382076,284.46783447265625,18102900,0.0,0.0
2022-08-17 00:00:00-04:00,282.1791399463547,285.69495138930665,281.91619637542664,283.7179260253906,18253400,0.62,0.0
2022-08-18 00:00:00-04:00,282.6174288216291,284.2925462222134,281.5363790671633,282.59796142578125,17186200,0.0,0.0
2022-08-19 00:00:00-04:00,281.3610379905131,281.7019105508063,278.10820013531355,278.68280029296875,20570000,0.0,0.0
2022-08-22 00:00:00-04:00,274.7189771869294,275.0890656643179,269.98581542969623,270.5019836425781,25061100,0.0,0.0
2022-08-23 00:00:00-04:00,269.2262268066406,271.58305961695726,268.2133575622362,269.2262268066406,17527400,0.0,0.0
2022-08-24 00:00:00-04:00,268.2231121213267,269.9956259083875,267.9309228621196,268.59320068359375,18137000,0.0,0.0
2022-08-25 00:00:00-04:00,270.0929188602087,271.73881982433454,267.35624962378307,271.5732727050781,16583400,0.0,0.0
2022-08-26 00:00:00-04:00,271.797256174817,273.0243853618885,260.9869399464118,261.09405517578125,27549300,0.0,0.0
2022-08-29 00:00:00-04:00,258.91256247792984,260.4221028280278,256.9647531378231,258.3087463378906,20338500,0.0,0.0
2022-08-30 00:00:00-04:00,259.71121737335454,260.081276247606,253.8580397603448,256.1077575683594,22767100,0.0,0.0
2022-08-31 00:00:00-04:00,258.4645698996899,260.1396573690213,254.51048966845536,254.6468505859375,24791800,0.0,0.0
2022-09-01 00:00:00-04:00,252.11470907784698,254.08201562576158,248.7450070823957,253.6047821044922,23263400,0.0,0.0
2022-09-02 00:00:00-04:00,254.8708733039259,257.831522209211,247.8295315839085,249.37803649902344,22855400,0.0,0.0
2022-09-06 00:00:00-04:00,249.5144035204149,251.10184326326072,245.36555986305348,246.64137268066406,21328200,0.0,0.0
2022-09-07 00:00:00-04:00,248.05356564773376,252.07578262693278,246.6121906113843,251.3551025390625,24126700,0.0,0.0
2022-09-08 00:00:00-04:00,250.79021068457934,253.63399578598168,248.14117383130036,251.77383422851562,20319900,0.0,0.0
2022-09-09 00:00:00-04:00,253.70218346204774,258.30876355813575,253.49767178964203,257.558837890625,22084700,0.0,0.0
2022-09-12 00:00:00-04:00,258.8444189971821,260.47085310586147,258.24060277088006,259.69171142578125,18747700,0.0,0.0
2022-09-13 00:00:00-04:00,252.08548374554073,253.60477266828747,245.02467481719648,245.41424560546875,33353300,0.0,0.0
2022-09-14 00:00:00-04:00,246.91404207019949,247.59577234574667,243.33981382641142,245.6382293701172,23913000,0.0,0.0
2022-09-15 00:00:00-04:00,243.25218674358922,244.83964133633745,237.65223458820603,238.97674560546875,31530900,0.0,0.0
2022-09-16 00:00:00-04:00,237.8859696087846,238.89883887380557,235.7433821243887,238.35345458984375,39791800,0.0,0.0
2022-09-19 00:00:00-04:00,236.14266785813606,238.7429915584572,234.56494703921464,238.13917541503906,26826900,0.0,0.0
2022-09-20 00:00:00-04:00,235.7531105348159,237.15552077631924,233.38651445985508,236.12318420410156,26660300,0.0,0.0
2022-09-21 00:00:00-04:00,237.89570341294743,241.1972397263064,232.66582510868037,232.7145233154297,28625600,0.0,0.0
2022-09-22 00:00:00-04:00,231.6626994562865,237.49639378843938,231.37053994331876,234.69154357910156,31061200,0.0,0.0
2022-09-23 00:00:00-04:00,233.28913142247737,234.83765123018225,229.0623884800835,231.71141052246094,34176000,0.0,0.0
2022-09-26 00:00:00-04:00,230.8641061836128,235.14928080942127,230.71801156599744,231.253662109375,27694200,0.0,0.0
2022-09-27 00:00:00-04:00,233.71764626825262,235.49015995931182,228.38065266127452,230.24081420898438,27018700,0.0,0.0
2022-09-28 00:00:00-04:00,230.6303619280171,236.00631985347113,228.60463843638797,234.77920532226562,29029700,0.0,0.0
2022-09-29 00:00:00-04:00,232.65609511384054,233.68843172668625,228.29300618270508,231.3023681640625,27484200,0.0,0.0
2022-09-30 00:00:00-04:00,232.0717487914595,234.26303440769513,226.65684093525877,226.82240295410156,35694800,0.0,0.0
2022-10-03 00:00:00-04:00,229.2669257521109,235.30513236136022,228.53649717371928,234.4578399658203,28880400,0.0,0.0
2022-10-04 00:00:00-04:00,238.69426930631062,243.8267505901325,238.58713920837337,242.3853759765625,34888400,0.0,0.0
2022-10-05 00:00:00-04:00,239.57084125103117,244.04106060731377,237.73016181840845,242.6970672607422,20347100,0.0,0.0
2022-10-06 00:00:00-04:00,241.46014989351173,243.80726344446407,239.65843537786034,240.3498992919922,20239900,0.0,0.0
2022-10-07 00:00:00-04:00,234.61363538940842,235.02268843917923,227.08535624814024,228.12744140625,37769600,0.0,0.0
2022-10-10 00:00:00-04:00,226.9685107950048,228.43910165549525,220.8134254836655,223.26766967773438,29743600,0.0,0.0
2022-10-11 00:00:00-04:00,221.6801990277238,223.08262427444694,218.2617986342917,219.5278778076172,30474000,0.0,0.0
2022-10-12 00:00:00-04:00,219.51813616452623,221.91394851325393,218.1157257342309,219.8590087890625,21903900,0.0,0.0
2022-10-13 00:00:00-04:00,214.11295342121704,229.93890473575348,213.41174085104754,228.12744140625,42551800,0.0,0.0
2022-10-14 00:00:00-04:00,229.393492314521,231.0491420906271,222.38138188024428,222.59564208984375,30198600,0.0,0.0
2022-10-17 00:00:00-04:00,229.66620483401337,232.72426488237133,229.00394193544997,231.33157348632812,28142300,0.0,0.0
2022-10-18 00:00:00-04:00,236.8925737936442,237.5645555231439,229.22793404835292,232.27626037597656,26329600,0.0,0.0
2022-10-19 00:00:00-04:00,230.85434416945628,233.35728617142914,228.17610646929035,230.3089599609375,19985700,0.0,0.0
2022-10-20 00:00:00-04:00,229.61750568038707,235.01293095415457,228.7409825706679,229.98757934570312,21811000,0.0,0.0
2022-10-21 00:00:00-04:00,228.6144117292178,236.65885980316088,228.3806692339145,235.80181884765625,26299700,0.0,0.0
2022-10-24 00:00:00-04:00,237.3990102771564,241.37254333610227,235.00321297699924,240.79794311523438,24911200,0.0,0.0
2022-10-25 00:00:00-04:00,240.8076725980602,244.4890312031249,239.41499599959158,244.11895751953125,34775500,0.0,0.0
2022-10-26 00:00:00-04:00,225.1375205085959,232.08146493583703,224.05648582781117,225.2836151123047,82543200,0.0,0.0
2022-10-27 00:00:00-04:00,225.01093027224846,227.59178658537854,219.8881970156547,220.8328857421875,40424600,0.0,0.0
2022-10-28 00:00:00-04:00,220.33619766891604,230.4258506343881,220.1511534041053,229.7148895263672,40647700,0.0,0.0
2022-10-31 00:00:00-04:00,227.65997973649493,228.7897128662686,225.1180876248081,226.07252502441406,28357300,0.0,0.0
2022-11-01 00:00:00-04:00,228.47803488612004,229.58828558322924,221.3977439800207,222.2158203125,30592300,0.0,0.0
2022-11-02 00:00:00-04:00,223.47217862480318,225.26415970324368,214.2979832888999,214.35643005371094,38407000,0.0,0.0
2022-11-03 00:00:00-04:00,214.34668818412212,214.6583448304135,208.3961296970331,208.65908813476562,36633900,0.0,0.0
2022-11-04 00:00:00-04:00,211.87300193173408,215.8075709655638,207.8605038664485,215.61279296875,36789100,0.0,0.0
2022-11-07 00:00:00-05:00,216.1971107205747,222.44957714073567,215.50563184165273,221.9236602783203,33498000,0.0,0.0
2022-11-08 00:00:00-05:00,222.73200573046222,225.6050216725194,219.94663764635982,222.89756774902344,28192500,0.0,0.0
2022-11-09 00:00:00-05:00,221.4367201317789,222.66384963798401,218.47605620531436,218.65135192871094,27852900,0.0,0.0
2022-11-10 00:00:00-05:00,229.28634553522303,236.98020054630456,228.86757370366388,236.6393280029297,46268000,0.0,0.0
2022-11-11 00:00:00-05:00,236.64912297920634,241.51864677914438,235.61677145070936,240.66160583496094,34620200,0.0,0.0
2022-11-14 00:00:00-05:00,235.67522458522933,237.54511999164188,232.9677704681792,235.2467041015625,31123300,0.0,0.0
2022-11-15 00:00:00-05:00,239.24944207060548,240.5544708560725,233.76635362727728,235.65573120117188,31390100,0.0,0.0
2022-11-16 00:00:00-05:00,237.1206951717324,238.10712057795988,234.80604092204587,236.08544921875,24093300,0.68,0.0
2022-11-17 00:00:00-05:00,232.22766434937833,237.5699370972691,232.0811729185345,236.03659057617188,23123500,0.0,0.0
2022-11-18 00:00:00-05:00,237.82384620659892,238.04848625699648,233.4484618735236,235.5873260498047,27613500,0.0,0.0
2022-11-21 00:00:00-05:00,235.79244700156886,238.95679628172485,235.55806069358533,236.39797973632812,26394700,0.0,0.0
2022-11-22 00:00:00-05:00,237.9019875618103,239.58182546634563,235.0892478515877,239.30836486816406,19665700,0.0,0.0
2022-11-23 00:00:00-05:00,239.38651834176036,242.48249493563225,238.56613647954853,241.79884338378906,19508500,0.0,0.0
2022-11-25 00:00:00-05:00,241.53516337435977,242.89270545912507,240.9687049278587,241.71096801757812,9200800,0.0,0.0
2022-11-28 00:00:00-05:00,240.33386298973988,240.89054534482318,235.17715584666723,236.11473083496094,24778200,0.0,0.0
2022-11-29 00:00:00-05:00,235.76311604830295,237.12065786973847,232.6476175506084,234.71810913085938,17956300,0.0,0.0
2022-11-30 00:00:00-05:00,234.95253887719915,249.36787777071672,234.2591112887046,249.18231201171875,47594200,0.0,0.0
2022-12-01 00:00:00-05:00,247.9419535295198,250.13941445901602,245.06084106912186,248.74281311035156,26041500,0.0,0.0
2022-12-02 00:00:00-05:00,243.98653586131007,250.08081797025935,243.85956668321174,249.0651092529297,21528500,0.0,0.0
2022-12-05 00:00:00-05:00,246.12538359731664,247.8931313402829,242.2676218605377,244.35765075683594,23435300,0.0,0.0
2022-12-06 00:00:00-05:00,244.9631836631235,245.97889237423144,238.08756427144374,239.39627075195312,22463700,0.0,0.0
2022-12-07 00:00:00-05:00,239.11306837036958,240.41201382796567,236.55425177558644,238.66380310058594,20481500,0.0,0.0
2022-12-08 00:00:00-05:00,239.1228268856705,242.93176834963776,237.38439220863714,241.623046875,22611800,0.0,0.0
2022-12-09 00:00:00-05:00,238.9860813295668,242.5117859075188,238.45869726333626,239.68927001953125,20609700,0.0,0.0
2022-12-12 00:00:00-05:00,241.67188039318714,246.64302204339194,241.39841976544412,246.6137237548828,30665100,0.0,0.0
2022-12-13 00:00:00-05:00,255.57936772226543,257.75730647644866,247.16065519497627,250.92076110839844,42196900,0.0,0.0
2022-12-14 00:00:00-05:00,251.1258502529427,256.458347318601,248.37169195338248,251.2137451171875,35410900,0.0,0.0
2022-12-15 00:00:00-05:00,247.7954437402922,248.26423119783098,241.56441688629758,243.19541931152344,35560400,0.0,0.0
2022-12-16 00:00:00-05:00,242.74621623287632,244.00608742712188,237.82389481248038,238.97634887695312,86102000,0.0,0.0
2022-12-19 00:00:00-05:00,239.14236978569437,239.48420303255193,233.13598200938617,234.83534240722656,29696400,0.0,0.0
2022-12-20 00:00:00-05:00,233.80987149856165,237.23792059289175,232.85275921382146,236.15383911132812,25150800,0.0,0.0
2022-12-21 00:00:00-05:00,236.04640221899405,239.88462731103135,234.50329433719287,238.722412109375,23690600,0.0,0.0
2022-12-22 00:00:00-05:00,235.62640311504308,236.33936782887625,228.40896543431774,232.6280975341797,28651700,0.0,0.0
2022-12-23 00:00:00-05:00,230.5966857124809,233.2922326364392,228.47735834613724,233.15550231933594,21207000,0.0,0.0
2022-12-27 00:00:00-05:00,233.126225161703,233.35085036677214,230.32324595576895,231.42686462402344,16688600,0.0,0.0
2022-12-28 00:00:00-05:00,231.35845128578754,234.122370583587,228.70196400671827,229.05355834960938,17457100,0.0,0.0
2022-12-29 00:00:00-05:00,230.14743679733508,236.2710330179618,230.14743679733508,235.3822784423828,19770700,0.0,0.0
2022-12-30 00:00:00-05:00,232.6476561526492,234.3567925734217,231.133846628039,234.22006225585938,21938500,0.0,0.0
2023-01-03 00:00:00-05:00,237.40392951699792,240.01158153417768,231.85655337253039,233.98565673828125,25740000,0.0,0.0
2023-01-04 00:00:00-05:00,226.85608843916458,227.43230792474532,220.683672878356,223.75035095214844,50623400,0.0,0.0
2023-01-05 00:00:00-05:00,221.89475759426676,222.23659087128834,216.5817820693461,217.1189422607422,39585600,0.0,0.0
2023-01-06 00:00:00-05:00,217.79280825495562,220.48835513572715,214.2280440359925,219.677734375,43613600,0.0,0.0
2023-01-09 00:00:00-05:00,221.1622360976978,225.8403946978241,221.12317668189198,221.81658935546875,27369800,0.0,0.0
2023-01-10 00:00:00-05:00,222.4416512068121,225.90875938940619,222.0216991383432,223.50621032714844,27033900,0.0,0.0
2023-01-11 00:00:00-05:00,225.88923313752792,230.44042291749267,225.7134433987462,230.26463317871094,28669300,0.0,0.0
2023-01-12 00:00:00-05:00,229.76648760410552,234.2981393389428,228.10618692887127,232.9405975341797,27269500,0.0,0.0
2023-01-13 00:00:00-05:00,231.46586002951747,233.78051386101774,229.43442790847087,233.64378356933594,21333300,0.0,0.0
2023-01-17 00:00:00-05:00,232.41324073937315,235.28459213527947,231.55378456577233,234.7376708984375,29831300,0.0,0.0
2023-01-18 00:00:00-05:00,235.92920583478175,236.72028947485737,230.0204739060556,230.30369567871094,30028700,0.0,0.0
2023-01-19 00:00:00-05:00,228.3210895299991,230.02046480616403,225.29347050869634,226.5142822265625,28623000,0.0,0.0
2023-01-20 00:00:00-05:00,229.37586152604075,235.11856433736398,229.03402830061015,234.61070251464844,35389800,0.0,0.0
2023-01-23 00:00:00-05:00,235.47013642558932,239.44509106116212,234.05398311341634,236.9155731201172,31934000,0.0,0.0
2023-01-24 00:00:00-05:00,236.83746410442902,238.2536026618758,234.82556885560982,236.38819885253906,40234400,0.0,0.0
2023-01-25 00:00:00-05:00,229.00474220423706,237.6187968797975,225.50833563928637,234.99160766601562,66526600,0.0,0.0
2023-01-26 00:00:00-05:00,237.96061466071725,242.51180433252105,236.34914915023313,242.20904541015625,33454500,0.0,0.0
2023-01-27 00:00:00-05:00,243.1758855029759,243.996267240312,241.066319690554,242.36526489257812,26498900,0.0,0.0
2023-01-30 00:00:00-05:00,238.80051357034338,239.86507262695676,236.54445608504085,237.0425567626953,25867400,0.0,0.0
2023-01-31 00:00:00-05:00,237.76529133415198,242.16021359505123,237.2769666384965,242.0234832763672,26541100,0.0,0.0
2023-02-01 00:00:00-05:00,242.20902977404796,249.22136469253888,239.7381082028261,246.84811401367188,31259900,0.0,0.0
2023-02-02 00:00:00-05:00,252.77638533264104,258.50931209894077,251.24303873990777,258.4214172363281,39940400,0.0,0.0
2023-02-03 00:00:00-05:00,253.4795673448407,258.0307566536459,251.09654067147537,252.31735229492188,29077300,0.0,0.0
2023-02-06 00:00:00-05:00,251.42858380602922,252.26848784963838,248.83069323991478,250.7742156982422,22518000,0.0,0.0
2023-02-07 00:00:00-05:00,254.4464132204565,262.49399303825874,254.0069091613423,261.312255859375,50841400,0.0,0.0
2023-02-08 00:00:00-05:00,266.82063188656974,270.29750141679074,259.99383221379736,260.501708984375,54686000,0.0,0.0
2023-02-09 00:00:00-05:00,267.4065775689988,267.58239710210876,256.6634348210044,257.46429443359375,42375100,0.0,0.0
2023-02-10 00:00:00-05:00,255.42316544548873,257.92338600527444,254.57348507309794,256.9565124511719,25818500,0.0,0.0
2023-02-13 00:00:00-05:00,261.3904046708747,268.18787471786464,260.9118262982857,264.9844665527344,44630900,0.0,0.0
2023-02-14 00:00:00-05:00,266.3029608494868,268.54924217498206,262.9921056261591,265.81463623046875,37047900,0.0,0.0
2023-02-15 00:00:00-05:00,262.71093736345534,265.07056133423544,260.6156584468026,263.6900329589844,28922400,0.68,0.0
2023-02-16 00:00:00-05:00,258.5007952473413,261.16393632712175,256.42511747097006,256.6698913574219,29603600,0.0,0.0
2023-02-17 00:00:00-05:00,253.96761913922532,254.65296812365867,250.64847075073527,252.6654052734375,30000100,0.0,0.0
2023-02-21 00:00:00-05:00,249.16022201193073,250.14911804172624,246.33063657642128,247.3880615234375,28397400,0.0,0.0
2023-02-22 00:00:00-05:00,248.77838767780975,249.0231615682259,245.10677932156742,246.2523193359375,22491100,0.0,0.0
2023-02-23 00:00:00-05:00,250.2176316666575,251.47087265175512,245.24382497088402,249.44415283203125,29219100,0.0,0.0
2023-02-24 00:00:00-05:00,244.73471364848396,245.75296637788725,242.91359545143786,244.0101776123047,24990900,0.0,0.0
2023-02-27 00:00:00-05:00,247.18248010394746,247.53495511519347,244.17664946084787,244.93055725097656,21190000,0.0,0.0
2023-02-28 00:00:00-05:00,243.86333443445264,246.23274385931393,243.53043059507243,244.2060089111328,22491000,0.0,0.0
2023-03-01 00:00:00-05:00,245.51797045383339,245.68441488809174,240.6518648564876,241.12184143066406,27565300,0.0,0.0
2023-03-02 00:00:00-05:00,241.3959989002767,246.1446031190087,240.47564673843016,245.8606719970703,24808200,0.0,0.0
2023-03-03 00:00:00-05:00,246.91809057504366,250.27638088786867,246.1348112059888,249.95327758789062,30760100,0.0,0.0
2023-03-06 00:00:00-05:00,251.06945498374236,254.6823198135749,250.62886499128248,251.50025939941406,24109800,0.0,0.0
2023-03-07 00:00:00-05:00,250.94217713898314,252.30313429367388,248.09302044698885,248.83712768554688,21473200,0.0,0.0
2023-03-08 00:00:00-05:00,248.72943432146894,249.21898211098042,245.56695978437247,248.39654541015625,17340200,0.0,0.0
2023-03-09 00:00:00-05:00,250.47221383190455,254.13402137976527,246.320843602342,247.04537963867188,26653400,0.0,0.0
2023-03-10 00:00:00-05:00,245.8313095923703,247.50555459686285,242.4240613016346,243.3933563232422,28333900,0.0,0.0
2023-03-13 00:00:00-04:00,242.2282313532918,252.51853507132006,240.5931435893199,248.6119384765625,33339700,0.0,0.0
2023-03-14 00:00:00-04:00,251.38276377682135,255.61246340953107,250.51136939968598,255.33831787109375,33620300,0.0,0.0
2023-03-15 00:00:00-04:00,254.545230299502,260.90935033576807,253.7913077260952,259.8910827636719,46028000,0.0,0.0
2023-03-16 00:00:00-04:00,259.6659278592618,270.7786685592172,257.7762805795016,270.42620849609375,54768800,0.0,0.0
2023-03-17 00:00:00-04:00,272.44312854039293,277.4071201106938,270.54368084412533,273.5886535644531,69527400,0.0,0.0
2023-03-20 00:00:00-04:00,271.18988829736253,271.6794360581046,264.20893244844024,266.5391845703125,43466600,0.0,0.0
2023-03-21 00:00:00-04:00,269.13374307260864,269.2512297375731,263.8857762937758,268.0567321777344,34558700,0.0,0.0
2023-03-22 00:00:00-04:00,267.68474324903065,275.1650483157533,266.49024536747226,266.59796142578125,34873300,0.0,0.0
2023-03-23 00:00:00-04:00,272.1297973919541,275.1845704783979,269.4470853649454,271.85565185546875,36610900,0.0,0.0
2023-03-24 00:00:00-04:00,271.44445936393123,274.76360784861777,269.52544032042374,274.7048645019531,28172000,0.0,0.0
2023-03-27 00:00:00-04:00,274.63631661296625,275.57624002545316,269.7604097538673,270.6024475097656,26840200,0.0,0.0
2023-03-28 00:00:00-04:00,270.0247926282162,270.3674820752308,266.3629546475742,269.47650146484375,21878600,0.0,0.0
2023-03-29 00:00:00-04:00,273.12844134818954,275.2628920047133,272.5899508360895,274.64605712890625,25087000,0.0,0.0
2023-03-30 00:00:00-04:00,278.28835097959796,278.51352384288515,275.59583810054556,278.1120910644531,25053400,0.0,0.0
2023-03-31 00:00:00-04:00,277.79872003241854,283.2228864773209,277.0839697072535,282.2731628417969,32766000,0.0,0.0
2023-04-03 00:00:00-04:00,280.5304675659523,282.2438849087716,278.0142145195858,281.22564697265625,24883300,0.0,0.0
2023-04-04 00:00:00-04:00,281.2256084444779,284.37829711852913,279.6982218699312,281.1766357421875,25824300,0.0,0.0
2023-04-05 00:00:00-04:00,279.87447046132644,281.14728273137956,277.00572765537777,278.3960266113281,22064800,0.0,0.0
2023-04-06 00:00:00-04:00,277.28961669659077,285.9741886409237,276.13429122558216,285.5042419433594,29770300,0.0,0.0
2023-04-10 00:00:00-04:00,283.16422470598815,283.54608632492165,278.758294590068,283.3404846191406,23103000,0.0,0.0
2023-04-11 00:00:00-04:00,279.77657491179383,280.0017776622644,275.7525062342862,276.9176025390625,27276600,0.0,0.0
2023-04-12 00:00:00-04:00,278.83659319523866,281.01018622412647,276.06573642239,277.5637512207031,27403400,0.0,0.0
2023-04-13 00:00:00-04:00,277.66165963721517,283.8397491927381,277.25045630367333,283.781005859375,24222700,0.0,0.0
2023-04-14 00:00:00-04:00,281.00039397472506,282.44946599648506,277.7595904276163,280.15838623046875,20987900,0.0,0.0
2023-04-17 00:00:00-04:00,283.8691083590636,285.50421074465487,280.17792963706347,282.7627258300781,23836200,0.0,0.0
2023-04-18 00:00:00-04:00,285.4748530730522,285.6608835895026,281.0101804374834,282.34173583984375,20161800,0.0,0.0
2023-04-19 00:00:00-04:00,280.01150857079625,283.00753836856154,278.591838043408,282.42010498046875,17150300,0.0,0.0
2023-04-20 00:00:00-04:00,279.2870204448904,282.988000624926,279.12056104553,280.1290283203125,23244400,0.0,0.0
2023-04-21 00:00:00-04:00,279.0520552301976,280.285695406569,277.1428067987354,279.786376953125,21676400,0.0,0.0
2023-04-24 00:00:00-04:00,276.19307851016646,278.9933075070845,272.89353106763554,275.8797607421875,26611000,0.0,0.0
2023-04-25 00:00:00-04:00,273.6670032666064,275.7133093545648,269.6135333988626,269.6625061035156,45772200,0.0,0.0
2023-04-26 00:00:00-04:00,290.49764832472823,293.30764764371935,286.61063797416637,289.1954345703125,64599200,0.0,0.0
2023-04-27 00:00:00-04:00,289.7829002150644,298.81996255788124,289.0779502504288,298.4576721191406,46462600,0.0,0.0
2023-04-28 00:00:00-04:00,297.6548232687838,302.47195624653347,296.96944448822813,300.8368835449219,36469600,0.0,0.0
2023-05-01 00:00:00-04:00,300.5529832417884,302.14891388087307,298.7710220447965,299.1724548339844,21294100,0.0,0.0
2023-05-02 00:00:00-04:00,301.3264234827943,302.71672228103625,297.5569000465208,299.0255432128906,26404400,0.0,0.0
2023-05-03 00:00:00-04:00,300.21027546467184,302.1586660652437,297.733164896042,298.03668212890625,22360800,0.0,0.0
2023-05-04 00:00:00-04:00,299.8381792845817,301.3264234827943,297.05755180847615,299.0255432128906,22519900,0.0,0.0
2023-05-05 00:00:00-04:00,299.32910233190466,305.448449715473,297.9094017870665,304.1560363769531,28197100,0.0,0.0
2023-05-08 00:00:00-04:00,303.6469483411657,303.71549220994933,299.69139342347466,302.1978759765625,21318600,0.0,0.0
2023-05-09 00:00:00-04:00,301.5614013671875,303.55876446980983,299.90672765113413,300.5823059082031,21340800,0.0,0.0
2023-05-10 00:00:00-04:00,302.1684462755373,306.4568893157109,301.23832348494085,305.78131103515625,30078000,0.0,0.0
2023-05-11 00:00:00-04:00,303.61751818157876,304.6161848272032,299.85779507616377,303.6272888183594,31680200,0.0,0.0
2023-05-12 00:00:00-04:00,304.058158011807,304.15607355783874,300.1907479204044,302.5111999511719,19774700,0.0,0.0
2023-05-15 00:00:00-04:00,302.6384456998606,303.42171020151784,301.16000183238515,302.99090576171875,16336500,0.0,0.0
2023-05-16 00:00:00-04:00,303.35316000473966,307.15205550564514,303.35316000473966,305.2232360839844,26730300,0.0,0.0
2023-05-17 00:00:00-04:00,306.4300970906291,308.52992586211957,304.909163828607,308.1080017089844,24315000,0.68,0.0
2023-05-18 00:00:00-04:00,308.6281218082049,313.0535052333268,307.83332313670064,312.5432434082031,27276000,0.0,0.0
2023-05-19 00:00:00-04:00,310.79668509180397,312.76897905978745,310.4336325582829,312.3666687011719,27546700,0.0,0.0
2023-05-22 00:00:00-04:00,312.62177529023154,316.53689709363704,312.04284968121516,315.1533508300781,24115700,0.0,0.0
2023-05-23 00:00:00-04:00,314.02496753538287,316.66449486892907,309.3346604791277,309.344482421875,30797200,0.0,0.0
2023-05-24 00:00:00-04:00,308.82436880109975,310.56114546951807,306.7441236524187,307.96087646484375,23384900,0.0,0.0
2023-05-25 00:00:00-04:00,317.1746779116198,320.76600484441417,313.99548322633484,319.8044128417969,43301700,0.0,0.0
2023-05-26 00:00:00-04:00,317.940028599587,327.14402564243557,317.80267115227514,326.64361572265625,36630600,0.0,0.0
2023-05-30 00:00:00-04:00,328.93967357756225,329.4400834510408,324.3180316020415,324.9950866699219,29503100,0.0,0.0
2023-05-31 00:00:00-04:00,326.05487171947954,329.63637661307075,321.1879203022461,322.2280578613281,45950600,0.0,0.0
2023-06-01 00:00:00-04:00,319.81420387671255,327.27160256990936,318.626916843916,326.33941650390625,26773900,0.0,0.0
2023-06-02 00:00:00-04:00,327.9780302549856,331.16704625596896,326.30991759957334,329.1064453125,25873800,0.0,0.0
2023-06-05 00:00:00-04:00,328.92992247927083,332.20724701987933,328.3804327326386,329.63641357421875,21307100,0.0,0.0
2023-06-06 00:00:00-04:00,329.0378566628356,329.0771144876542,325.9371772359314,327.4188232421875,20396200,0.0,0.0
2023-06-07 00:00:00-04:00,325.4268516357255,328.21355775333575,316.44854992905215,317.3120422363281,40717100,0.0,0.0
2023-06-08 00:00:00-04:00,317.8615911316955,320.5109403004731,317.2826654870996,319.1568298339844,23277700,0.0,0.0
2023-06-09 00:00:00-04:00,318.8918081572977,323.797987081875,318.32270457782016,320.6580505371094,22529000,0.0,0.0
2023-06-12 00:00:00-04:00,322.41450809645136,325.86847794256755,319.0586977831723,325.6231689453125,24260300,0.0,0.0
2023-06-13 00:00:00-04:00,328.19397978099306,330.65689152573293,324.1905503980353,328.0173645019531,22951300,0.0,0.0
2023-06-14 00:00:00-04:00,328.06639373925447,332.678214257829,326.5651040717086,331.0101013183594,26003800,0.0,0.0
2023-06-15 00:00:00-04:00,331.1475459812555,343.27560893103424,330.8728010908221,341.5682678222656,38899100,0.0,0.0
2023-06-16 00:00:00-04:00,344.7278258132524,344.87500521875836,335.53364962832507,335.906494140625,46552000,0.0,0.0
2023-06-20 00:00:00-04:00,332.9432151999348,335.6612283882174,329.557938712496,331.70684814453125,26375400,0.0,0.0
2023-06-21 00:00:00-04:00,330.058326488485,331.39282293074336,325.83902394821615,327.3010559082031,25117800,0.0,0.0
2023-06-22 00:00:00-04:00,327.8505573652322,333.7379731827186,327.0851945067568,333.3356628417969,23556800,0.0,0.0
2023-06-23 00:00:00-04:00,328.08602328651534,331.6184785385029,327.19312496325193,328.733642578125,23146900,0.0,0.0
2023-06-26 00:00:00-04:00,327.4580354070177,329.8031735626045,322.326161031866,322.4341125488281,21520600,0.0,0.0
2023-06-27 00:00:00-04:00,325.6329130408029,329.8424231990491,323.1209516740261,328.2920837402344,24354100,0.0,0.0
2023-06-28 00:00:00-04:00,328.3804225415333,331.6381330418555,327.54636600540425,329.548095703125,20259500,0.0,0.0
2023-06-29 00:00:00-04:00,328.4294754124527,329.80319974916614,326.37869587676175,328.7630920410156,16997000,0.0,0.0
2023-06-30 00:00:00-04:00,331.41242887349597,336.2989944894714,330.8727611005321,334.15008544921875,26832800,0.0,0.0
2023-07-03 00:00:00-04:00,332.8254137820231,334.5033188190337,330.25458046527325,331.6479187011719,12508700,0.0,0.0
2023-07-05 00:00:00-04:00,328.80238226034805,335.239288310843,328.44915165822283,331.8049621582031,18172400,0.0,0.0
2023-07-06 00:00:00-04:00,330.97085581956964,336.5540904646997,329.20464318433727,334.8663635253906,28161200,0.0,0.0
2023-07-07 00:00:00-04:00,332.9529965456345,335.3766505894666,330.6765219083215,330.89239501953125,21214800,0.0,0.0
2023-07-10 00:00:00-04:00,328.32152762825416,328.9397110166737,321.4430546068671,325.6034851074219,32791400,0.0,0.0
2023-07-11 00:00:00-04:00,324.8479601120357,326.61417278371005,320.86414468674985,326.23150634765625,26698200,0.0,0.0
2023-07-12 00:00:00-04:00,330.2840246615467,335.239254199601,329.3714824206285,330.8727722167969,29995300,0.0,0.0
2023-07-13 00:00:00-04:00,333.1884182275758,337.2899765909283,332.65854252311846,336.2302551269531,20567200,0.0,0.0
2023-07-14 00:00:00-04:00,341.06775095843255,344.8356928683022,337.8492987055268,338.7618408203125,28352700,0.0,0.0
2023-07-17 00:00:00-04:00,339.19362653573205,340.4790431987355,335.77894468986676,339.2427062988281,20363900,0.0,0.0
2023-07-18 00:00:00-04:00,339.3407612690202,359.89766311953025,335.74946461658294,352.74444580078125,64738600,0.0,0.0
2023-07-19 00:00:00-04:00,354.96209307208494,355.6587621887617,345.82678907790546,348.417236328125,39732900,0.0,0.0
2023-07-20 00:00:00-04:00,346.9355902267656,351.25302227091294,338.88944373248916,340.3612976074219,33778400,0.0,0.0
2023-07-21 00:00:00-04:00,342.59854299009623,343.7269583997206,333.45341629454475,337.3194885253906,69405400,0.0,0.0
2023-07-24 00:00:00-04:00,339.36041220855765,340.4103417161615,335.88682904294996,338.63427734375,26678100,0.0,0.0
2023-07-25 00:00:00-04:00,340.59681755620375,345.28715443801974,338.5951176532345,344.39422607421875,41637700,0.0,0.0
2023-07-26 00:00:00-04:00,335.03324796096075,338.20265126450255,326.85953468417625,331.4320983886719,58383700,0.0,0.0
2023-07-27 00:00:00-04:00,334.0912782184188,334.9253049477345,322.8757268335566,324.514404296875,39635300,0.0,0.0
2023-07-28 00:00:00-04:00,327.40902185998743,333.63005436530796,326.91840387112984,332.02081298828125,28484900,0.0,0.0
2023-07-31 00:00:00-04:00,330.59799610493667,331.3633588709427,327.10476892592203,329.61676025390625,25446000,0.0,0.0
2023-08-01 00:00:00-04:00,328.9004847782133,332.1876312426991,327.4384527759718,330.0289001464844,18311900,0.0,0.0
2023-08-02 00:00:00-04:00,327.3697167947092,327.3697167947092,320.23611310138045,321.354736328125,27761300,0.0,0.0
2023-08-03 00:00:00-04:00,319.88286784513633,323.69006750515837,319.8338180335655,320.5304870605469,18253700,0.0,0.0
2023-08-04 00:00:00-04:00,325.6525590625856,328.85139751963476,321.0996103397931,321.6294860839844,23741500,0.0,0.0
2023-08-07 00:00:00-04:00,322.20843058542397,324.89700739318704,321.374374073945,323.915771484375,17741500,0.0,0.0
2023-08-08 00:00:00-04:00,320.82490464522823,322.58132541763825,316.9392185852385,319.9319763183594,22327600,0.0,0.0
2023-08-09 00:00:00-04:00,320.3441472563633,320.972122782112,315.0258344768322,316.1837158203125,22373300,0.0,0.0
2023-08-10 00:00:00-04:00,319.9025601772297,322.1005492501325,315.1533813786417,316.87054443359375,20113700,0.0,0.0
2023-08-11 00:00:00-04:00,314.25061483261044,316.3602660012063,313.22029918403376,314.9865417480469,24355500,0.0,0.0
2023-08-14 00:00:00-04:00,315.35938689096906,317.9792696974629,314.0739404486972,317.95965576171875,18836100,0.0,0.0
2023-08-15 00:00:00-04:00,316.9392411357174,318.9900208673195,314.8786394613254,315.82061767578125,16966300,0.0,0.0
2023-08-16 00:00:00-04:00,315.44696931378786,319.00658950947815,314.4636557810038,315.05364990234375,20698900,0.68,0.0
2023-08-17 00:00:00-04:00,315.19127673474406,316.4990703161301,310.93351302834594,311.59234619140625,21257200,0.0,0.0
2023-08-18 00:00:00-04:00,309.24225189848187,313.06735580371077,306.3513078182269,311.1990661621094,24755000,0.0,0.0
2023-08-21 00:00:00-04:00,312.6248113327521,317.384044424445,311.7496780411196,316.5089111328125,24040000,0.0,0.0
2023-08-22 00:00:00-04:00,320.06847390054236,320.63878240151894,316.09587983136174,317.0791931152344,16084600,0.0,0.0
2023-08-23 00:00:00-04:00,318.41655808292467,323.7067890708429,318.0625496482568,321.5434875488281,21166400,0.0,0.0
2023-08-24 00:00:00-04:00,327.2958165849543,327.42365210696096,314.62089456965975,314.6307373046875,23281400,0.0,0.0
2023-08-25 00:00:00-04:00,316.1057633191369,319.93083688219207,313.4803033090538,317.590576171875,21684100,0.0,0.0
2023-08-28 00:00:00-04:00,320.2258392914253,320.70765324549666,316.35158216920695,318.2985534667969,14808500,0.0,0.0
2023-08-29 00:00:00-04:00,316.5089267598385,323.4904580066464,316.5089267598385,322.9299621582031,19284600,0.0,0.0
2023-08-30 00:00:00-04:00,323.1856265787588,324.30658824416685,321.0026696426028,323.3036193847656,15222100,0.0,0.0
2023-08-31 00:00:00-04:00,323.70674501364135,325.3882023265176,321.3271136632982,322.290771484375,26411000,0.0,0.0
2023-09-01 00:00:00-04:00,325.7815864865364,326.4502324505812,321.3271776248165,323.1758117675781,14942000,0.0,0.0
2023-09-05 00:00:00-04:00,323.51012766421536,329.26251739486815,323.17580468951513,327.98419189453125,18553900,0.0,0.0
2023-09-06 00:00:00-04:00,327.817065694941,328.87903109155945,324.67045043147994,327.3254089355469,17535800,0.0,0.0
2023-09-07 00:00:00-04:00,325.76194572599815,327.5220553277195,323.53964755937557,324.40496826171875,18381000,0.0,0.0
2023-09-08 00:00:00-04:00,324.5818961212668,330.55061528459504,323.96240391702685,328.692138671875,19530100,0.0,0.0
2023-09-11 00:00:00-04:00,331.61263290676015,332.77296563529865,329.8328378843995,332.30096435546875,16583300,0.0,0.0
2023-09-12 00:00:00-04:00,330.2163550157564,331.170170334902,325.9487779202192,326.2339172363281,17565500,0.0,0.0
2023-09-13 00:00:00-04:00,325.7815924302143,331.22915760826913,325.64394414491534,330.45233154296875,16544400,0.0,0.0
2023-09-14 00:00:00-04:00,333.4907212996785,335.1721787492822,330.9537860249842,333.0482482910156,20267000,0.0,0.0
2023-09-15 00:00:00-04:00,331.29789672618176,331.76986785710017,324.1491905529939,324.7096862792969,37679800,0.0,0.0
2023-09-18 00:00:00-04:00,322.33013776149687,324.8867587399462,320.91416398907404,323.5691223144531,16834200,0.0,0.0
2023-09-19 00:00:00-04:00,320.7272959004481,323.8935657652316,319.094992304731,323.1658935546875,16505900,0.0,0.0
2023-09-20 00:00:00-04:00,324.01159870782635,324.09025057389067,315.1617783626277,315.41741943359375,21436500,0.0,0.0
2023-09-21 00:00:00-04:00,313.93263631012064,319.92101113625847,309.74371174856566,314.1981201171875,35560400,0.0,0.0
2023-09-22 00:00:00-04:00,315.9582625950678,316.0860981358559,310.8745192146817,311.7201843261719,21447900,0.0,0.0
2023-09-25 00:00:00-04:00,311.3072037379406,312.36919907613066,309.7437389423757,312.2413635253906,17836000,0.0,0.0
2023-09-26 00:00:00-04:00,309.87155496791354,310.60904001416407,304.8468079151213,306.93145751953125,26297600,0.0,0.0
2023-09-27 00:00:00-04:00,307.08871274751345,309.05533922686567,304.5222795959613,307.570556640625,19410100,0.0,0.0
2023-09-28 00:00:00-04:00,305.8006285556267,310.2157261834966,304.2863475063599,308.40643310546875,19683600,0.0,0.0
2023-09-29 00:00:00-04:00,312.4478279409763,314.1391281627372,309.7240606687745,310.481201171875,24147300,0.0,0.0
2023-10-02 00:00:00-04:00,311.0023877021163,316.518791954941,309.9207368674109,316.4302673339844,20570000,0.0,0.0
2023-10-03 00:00:00-04:00,315.4764071729055,316.0270902536059,306.01693759833194,308.16058349609375,21033500,0.0,0.0
2023-10-04 00:00:00-04:00,308.7899364537143,314.69966017701324,308.76043824911994,313.6376647949219,20720100,0.0,0.0
2023-10-05 00:00:00-04:00,313.76546101615116,314.6406243233155,309.64537557701226,314.03094482421875,16965600,0.0,0.0
2023-10-06 00:00:00-04:00,311.2678258217484,323.6969208452724,311.0219974867104,321.79913330078125,25673600,0.0,0.0
2023-10-09 00:00:00-04:00,319.33100051797163,324.78837743803706,317.78719140430474,324.31640625,19891200,0.0,0.0
2023-10-10 00:00:00-04:00,325.4374015243932,325.57507980738603,322.202321974192,322.9103088378906,20557100,0.0,0.0
2023-10-11 00:00:00-04:00,325.6832160795872,327.2663662252011,323.64778019000204,326.873046875,20063200,0.0,0.0
2023-10-12 00:00:00-04:00,325.0539124253683,328.062848978579,323.23477666400214,325.6340637207031,19313100,0.0,0.0
2023-10-13 00:00:00-04:00,326.83366157957835,328.2594477815925,320.9140966320036,322.2612609863281,21072400,0.0,0.0
2023-10-16 00:00:00-04:00,325.52595200584636,330.531044586904,325.08347889530205,327.0894470214844,22158000,0.0,0.0
2023-10-17 00:00:00-04:00,324.0902879776136,327.895706363903,321.9466717819366,326.5190734863281,18338500,0.0,0.0
2023-10-18 00:00:00-04:00,326.9418838619396,329.9901616003234,322.8217980493897,324.6015930175781,23153600,0.0,0.0
2023-10-19 00:00:00-04:00,326.60754929555145,331.2586326156587,325.38825024680347,325.7914123535156,25052100,0.0,0.0
2023-10-20 00:00:00-04:00,326.1847456816056,326.38142037907215,320.01938102368644,321.2190246582031,25027700,0.0,0.0
2023-10-23 00:00:00-04:00,320.0390055685396,327.1778702783257,318.9770403265237,323.82476806640625,24374700,0.0,0.0
2023-10-24 00:00:00-04:00,325.77169735313146,326.3026949587647,322.13345600220845,325.0145568847656,31153600,0.0,0.0
2023-10-25 00:00:00-04:00,339.2627712727239,340.42310386646625,331.9862582686526,334.9853820800781,55053800,0.0,0.0
2023-10-26 00:00:00-04:00,334.8575801473551,335.9293882372037,321.4845108470067,322.4186706542969,37828500,0.0,0.0
2023-10-27 00:00:00-04:00,324.91622907683893,331.1012785656195,322.92010413957604,324.30657958984375,29856500,0.0,0.0
2023-10-30 00:00:00-04:00,327.846541065036,333.7857627071757,326.29288900889105,331.68145751953125,22828100,0.0,0.0
2023-10-31 00:00:00-04:00,333.1957509335175,333.34324194155744,329.10516359659624,332.46807861328125,20265300,0.0,0.0
2023-11-01 00:00:00-04:00,334.12005094281756,341.6227365899214,333.98237267008375,340.2952575683594,28158800,0.0,0.0
2023-11-02 00:00:00-04:00,341.44572570080203,343.00919036132757,339.0169404715558,342.5077209472656,24348100,0.0,0.0
2023-11-03 00:00:00-04:00,343.7958771188286,348.4764586181646,341.5342382393827,346.9129638671875,23637700,0.0,0.0
2023-11-06 00:00:00-05:00,347.5521269803011,351.57387511294206,347.4537896404017,350.5807189941406,23828300,0.0,0.0
2023-11-07 00:00:00-05:00,353.40285853517474,356.41179538181575,351.66240447944193,354.5140075683594,25833900,0.0,0.0
2023-11-08 00:00:00-05:00,355.64477925814185,357.798237980275,354.5336303274662,357.1394348144531,26767800,0.0,0.0
2023-11-09 00:00:00-05:00,356.2544152579837,358.7028859089797,354.3467849553374,354.6712951660156,24847300,0.0,0.0
2023-11-10 00:00:00-05:00,355.45796855398606,363.92431294177396,355.04499371068613,363.5014953613281,28042100,0.0,0.0
2023-11-13 00:00:00-05:00,362.0756513284613,362.3214796716584,359.79435710159004,360.56134033203125,19986500,0.0,0.0
2023-11-14 00:00:00-05:00,364.81910296344984,365.7434199318085,361.22017242867213,364.0914306640625,27683900,0.0,0.0
2023-11-15 00:00:00-05:00,365.825621809598,367.64844995922977,361.7168689541496,364.2392883300781,26860100,0.75,0.0
2023-11-16 00:00:00-05:00,365.51028582126,370.8211167467286,364.74174586188934,370.6437683105469,27182300,0.0,0.0
2023-11-17 00:00:00-05:00,368.12133741912425,368.8701819959366,361.60845836518695,364.4165954589844,40157000,0.0,0.0
2023-11-20 00:00:00-05:00,365.766486587499,373.304096039392,365.54971735826314,371.8951110839844,52465100,0.0,0.0
2023-11-21 00:00:00-05:00,370.15113498600977,370.69304303967186,365.66795990773056,367.5893249511719,28423100,0.0,0.0
2023-11-22 00:00:00-05:00,372.44680156644785,374.21051309378316,369.4613165026929,372.29901123046875,23345300,0.0,0.0
2023-11-24 00:00:00-05:00,371.786747479304,372.41735986885527,369.6289477612709,371.8852844238281,10176600,0.0,0.0
2023-11-27 00:00:00-05:00,371.24480993983406,375.0481191981454,370.67334381773094,373.04791259765625,22179200,0.0,0.0
2023-11-28 00:00:00-05:00,372.7917190522952,377.3734005384554,372.60450791019576,377.07781982421875,20453100,0.0,0.0
2023-11-29 00:00:00-05:00,378.122265050378,378.654310364066,371.89510374186113,373.2843933105469,28963400,0.0,0.0
2023-11-30 00:00:00-05:00,372.9296627723548,374.5061634778247,369.9540398668522,373.343505859375,30554400,0.0,0.0
2023-12-01 00:00:00-05:00,371.22509383375666,372.6045206628206,365.85514681042775,369.0081481933594,33040500,0.0,0.0
2023-12-04 00:00:00-05:00,363.67758971521135,364.0914026926199,357.56866135332547,363.7170104980469,32063300,0.0,0.0
2023-12-05 00:00:00-05:00,361.0665294174841,367.59910345060933,360.24870603092694,367.0473327636719,23065000,0.0,0.0
2023-12-06 00:00:00-05:00,368.0524359835832,368.683018285252,362.62337224170636,363.3820495605469,21182100,0.0,0.0
2023-12-07 00:00:00-05:00,362.82041555159645,365.99311236097066,360.93847138160504,365.5004577636719,23118900,0.0,0.0
2023-12-08 00:00:00-05:00,363.776165260302,368.95887115666653,362.8204141424842,368.7322692871094,20154400,0.0,0.0
2023-12-11 00:00:00-05:00,363.0667572104508,366.140917208106,360.72171642347627,365.8453063964844,27708800,0.0,0.0
2023-12-12 00:00:00-05:00,365.4019256182351,368.91948670565927,365.0176405940666,368.88006591796875,24838300,0.0,0.0
2023-12-13 00:00:00-05:00,370.4959629431741,372.0921891414662,365.32308952611504,368.8702087402344,30955500,0.0,0.0
2023-12-14 00:00:00-05:00,367.8257861452431,368.2691873263225,358.78065463293524,360.55419921875,43277500,0.0,0.0
2023-12-15 00:00:00-05:00,361.46062649374215,366.92907962527363,360.8989931256348,365.28363037109375,78502300,0.0,0.0
2023-12-18 00:00:00-05:00,364.0224743454713,367.52030977000646,363.26376706221674,367.1754455566406,21802900,0.0,0.0
2023-12-19 00:00:00-05:00,366.03250325578983,367.7765197753906,364.4067490977682,367.7765197753906,20603700,0.0,0.0
2023-12-20 00:00:00-05:00,369.490921222126,370.50578841631284,365.08658823838834,365.1752624511719,26316700,0.0,0.0
2023-12-21 00:00:00-05:00,367.0867544249883,368.9095822665608,364.6037863278298,368.0523681640625,17708000,0.0,0.0
2023-12-22 00:00:00-05:00,368.19031518305366,369.66827890495347,367.2345641067885,369.07708740234375,17107500,0.0,0.0
2023-12-26 00:00:00-05:00,369.4909463405908,371.4024485751995,368.01298255522846,369.15594482421875,12673100,0.0,0.0
2023-12-27 00:00:00-05:00,368.2002236622604,369.5500925516314,367.33314669322573,368.57464599609375,14905400,0.0,0.0
2023-12-28 00:00:00-05:00,369.8554894003956,370.92947276145065,368.66327375287557,369.7668151855469,14327000,0.0,0.0
2023-12-29 00:00:00-05:00,370.4762957614539,371.61925815456027,367.9933271573456,370.5157165527344,18730800,0.0,0.0
